Time,Day_of_week,Age_band_of_driver,Sex_of_driver,Driving_experience,Type_of_vehicle,Area_accident_occured,Road_surface_type,Road_surface_conditions,Weather_conditions,Light_conditions,Type_of_collision,Number_of_vehicles_involved,Number_of_casualties,Vehicle_movement,Sex_of_casualty,Age_band_of_casualty,Casualty_severity,Cause_of_accident,Accident_severity,Owner_of_vehicle,Service_year_of_vehicle,Fitness_of_casuality,Pedestrian_movement,Casualty_severity_label
19:31:00,Wednesday,18-30,Male,2-5yr,Lorry (41-100Q),Residential areas,Asphalt roads,Wet or damp,Rain,Darkness - no lighting,Collision with pedestrians,2,1,Going straight,Female,Over 51,2,No priority to vehicle,Slight Injury,Owner,Unknown,No Casualty,Crossing from driver's nearside,Serious Injury
19:31:00,Wednesday,18-30,Male,2-5yr,Lorry (41-100Q),Other,Asphalt roads,Wet or damp,Rain,Darkness - no lighting,Vehicle with vehicle collision,2,1,Going straight,Male,Under 18,3,Moving Backward,Slight Injury,Owner,5-10yrs,Normal,Not a Pedestrian,Slight Injury
09:25:00,Friday,31-50,Unknown,5-10yr,Lorry (41-100Q),Other,Asphalt roads,Wet or damp,Normal,Daylight,Vehicle with vehicle collision,2,1,Going straight,na,No Casualty,na,Turnover,Serious Injury,Owner,Unknown,Normal,Not a Pedestrian,No Casualty
09:25:00,Friday,18-30,Male,1-2yr,Automobile,Church areas,Asphalt roads,Wet or damp,Normal,Daylight,Vehicle with vehicle collision,2,1,Unknown,Female,Under 18,3,No distancing,Serious Injury,Owner,Unknown,Normal,Crossing from driver's nearside,Slight Injury
14:10:00,Wednesday,18-30,Male,2-5yr,Automobile,Office areas,Asphalt roads with some distress,Dry,Normal,Daylight,Vehicle with vehicle collision,2,1,Going straight,na,No Casualty,na,No distancing,Slight Injury,Owner,1-2yr,Normal,Not a Pedestrian,No Casualty
14:10:00,Wednesday,Over 51,Male,2-5yr,Automobile,School areas,Asphalt roads,Dry,Normal,Daylight,Vehicle with vehicle collision,2,1,Going straight,Male,Over 51,3,No distancing,Slight Injury,Owner,Above 10yr,Normal,Not a Pedestrian,Slight Injury
14:00:00,Friday,31-50,Male,5-10yr,Public (13-45 seats),Other,Asphalt roads,Wet or damp,Normal,Daylight,Vehicle with vehicle collision,2,1,Going straight,Male,31-50,3,Changing lane to the left,Slight Injury,Owner,2-5yrs,Normal,Not a Pedestrian,Slight Injury
14:00:00,Friday,31-50,Male,1-2yr,Automobile,Office areas,Asphalt roads,Wet or damp,Normal,Daylight,Vehicle with vehicle collision,2,1,Going straight,Male,Over 51,3,No priority to vehicle,Slight Injury,Owner,1-2yr,Normal,Not a Pedestrian,Slight Injury
22:05:00,Tuesday,18-30,Female,Below 1yr,Public (13-45 seats),Residential areas,Asphalt roads,Wet or damp,Normal,Darkness - lights lit,Vehicle with vehicle collision,2,1,Going straight,Male,31-50,3,Overspeed,Slight Injury,Owner,1-2yr,Normal,Not a Pedestrian,Slight Injury
22:05:00,Tuesday,Over 51,Male,1-2yr,Public (13-45 seats),Industrial areas,Asphalt roads,Wet or damp,Normal,Darkness - lights lit,Vehicle with vehicle collision,2,1,Going straight,Male,Over 51,3,Overtaking,Slight Injury,Owner,1-2yr,Normal,Not a Pedestrian,Slight Injury
07:00:00,Thursday,18-30,Male,1-2yr,Automobile,Other,Earth roads,Wet or damp,Windy,Darkness - lights lit,Collision with pedestrians,2,1,Unknown,Male,18-30,3,Other,Slight Injury,Owner,2-5yrs,Normal,Not a Pedestrian,Slight Injury
07:00:00,Thursday,31-50,Male,Above 10yr,Lorry (11-40Q),Residential areas,Asphalt roads,Wet or damp,Windy,Darkness - lights lit,Collision with pedestrians,2,1,Moving Backward,Female,18-30,3,Changing lane to the left,Slight Injury,Owner,1-2yr,Normal,Not a Pedestrian,Slight Injury
07:35:00,Thursday,18-30,Male,1-2yr,Automobile,Recreational areas,Asphalt roads,Wet or damp,Rain,Darkness - lights lit,Vehicle with vehicle collision,2,1,Going straight,Male,31-50,3,No priority to pedestrian,Slight Injury,Owner,1-2yr,Normal,Not a Pedestrian,Slight Injury
07:35:00,Thursday,31-50,Unknown,2-5yr,Lorry (41-100Q),Office areas,Asphalt roads,Wet or damp,Rain,Darkness - lights lit,Vehicle with vehicle collision,2,1,Turnover,Male,31-50,3,Changing lane to the left,Slight Injury,Owner,Unknown,Normal,Not a Pedestrian,Slight Injury
08:43:00,Wednesday,31-50,Male,2-5yr,Other,Outside rural areas,Asphalt roads,Wet or damp,Rain,Daylight,Vehicle with vehicle collision,2,2,Turnover,na,No Casualty,na,No distancing,Slight Injury,Owner,Unknown,Normal,Not a Pedestrian,No Casualty
08:43:00,Wednesday,31-50,Male,Above 10yr,Pick up upto 10Q,Outside rural areas,Asphalt roads,Wet or damp,Rain,Daylight,Vehicle with vehicle collision,2,2,Reversing,Female,Over 51,3,Moving Backward,Slight Injury,Owner,1-2yr,Normal,Not a Pedestrian,Slight Injury
16:05:00,Tuesday,Over 51,Male,5-10yr,Lorry (11-40Q),Outside rural areas,Asphalt roads,Wet or damp,Normal,Daylight,Vehicle with vehicle collision,1,1,Reversing,Female,18-30,3,Changing lane to the left,Serious Injury,Owner,1-2yr,Normal,Not a Pedestrian,Slight Injury
22:05:00,Friday,18-30,Male,1-2yr,Motorcycle,Outside rural areas,Asphalt roads,Wet or damp,Rain,Darkness - lights lit,Vehicle with vehicle collision,2,3,Reversing,Male,18-30,3,Other,Serious Injury,Governmental,Below 1yr,Normal,Not a Pedestrian,Slight Injury
22:05:00,Friday,18-30,Male,5-10yr,Pick up upto 10Q,Outside rural areas,Asphalt roads,Wet or damp,Rain,Darkness - lights lit,Vehicle with vehicle collision,2,3,Moving Backward,na,No Casualty,na,No distancing,Serious Injury,Owner,Unknown,Normal,Not a Pedestrian,No Casualty
22:05:00,Friday,18-30,Male,2-5yr,Lorry (11-40Q),School areas,Asphalt roads,Wet or damp,Rain,Darkness - lights lit,Vehicle with vehicle collision,2,3,Going straight,Male,31-50,2,Moving Backward,Serious Injury,Owner,Unknown,Normal,Not a Pedestrian,Serious Injury
22:05:00,Friday,18-30,Male,1-2yr,Lorry (11-40Q),Outside rural areas,Asphalt roads,Wet or damp,Rain,Darkness - lights lit,Vehicle with vehicle collision,2,3,Going straight,Male,18-30,2,No distancing,Serious Injury,Owner,Above 10yr,Normal,Not a Pedestrian,Serious Injury
03:40:00,Friday,18-30,Male,Above 10yr,Automobile,Outside rural areas,Asphalt roads,Wet or damp,Windy,Darkness - lights lit,Vehicle with vehicle collision,1,1,Going straight,na,No Casualty,na,Changing lane to the left,Slight Injury,Owner,Unknown,Normal,Not a Pedestrian,No Casualty
09:25:00,Tuesday,Over 51,Male,2-5yr,Automobile,Outside rural areas,Gravel roads,Dry,Normal,Daylight,Vehicle with vehicle collision,6,1,Going straight,Male,Over 51,3,Changing lane to the left,Slight Injury,Owner,Unknown,Normal,Not a Pedestrian,Slight Injury
09:25:00,Tuesday,18-30,Female,5-10yr,Other,Outside rural areas,Asphalt roads,Dry,Normal,Daylight,Vehicle with vehicle collision,6,1,Going straight,na,No Casualty,na,No priority to pedestrian,Slight Injury,Owner,2-5yrs,Normal,Not a Pedestrian,No Casualty
09:25:00,Tuesday,18-30,Female,1-2yr,Other,Office areas,Asphalt roads,Dry,Normal,Daylight,Vehicle with vehicle collision,6,1,Going straight,Male,31-50,3,Changing lane to the left,Slight Injury,Owner,2-5yrs,Normal,Not a Pedestrian,Slight Injury
09:25:00,Tuesday,18-30,Female,5-10yr,Automobile,Outside rural areas,Asphalt roads,Dry,Normal,Daylight,Vehicle with vehicle collision,6,1,Going straight,Male,18-30,3,Driving carelessly,Slight Injury,Owner,2-5yrs,Normal,Not a Pedestrian,Slight Injury
09:25:00,Tuesday,18-30,Female,5-10yr,Taxi,Outside rural areas,Asphalt roads,Dry,Normal,Daylight,Vehicle with vehicle collision,6,1,Going straight,na,No Casualty,na,Driving carelessly,Slight Injury,Owner,Unknown,No Casualty,Not a Pedestrian,No Casualty
09:25:00,Tuesday,18-30,Female,5-10yr,Other,Outside rural areas,Asphalt roads,Dry,Normal,Daylight,Vehicle with vehicle collision,6,1,Going straight,Male,Under 18,2,No priority to pedestrian,Slight Injury,Owner,2-5yrs,Normal,Crossing from driver's nearside,Serious Injury
07:58:00,Thursday,Under 18,Male,2-5yr,Taxi,Office areas,Asphalt roads,Wet or damp,Rain,Daylight,Vehicle with vehicle collision,2,2,Going straight,Male,18-30,2,Getting off the vehicle improperly,Slight Injury,Owner,Unknown,Normal,Unknown or other,Serious Injury
07:58:00,Thursday,18-30,Male,5-10yr,Lorry (11-40Q),Recreational areas,Asphalt roads,Wet or damp,Rain,Daylight,Vehicle with vehicle collision,2,2,Going straight,na,No Casualty,na,No distancing,Slight Injury,Owner,Unknown,No Casualty,Not a Pedestrian,No Casualty
20:15:00,Tuesday,18-30,Unknown,2-5yr,Automobile,Office areas,Asphalt roads,Wet or damp,Rain,Darkness - no lighting,Vehicle with vehicle collision,2,1,Going straight,Male,18-30,3,Changing lane to the left,Slight Injury,Owner,Above 10yr,No Casualty,Not a Pedestrian,Slight Injury
20:15:00,Tuesday,18-30,Male,1-2yr,Other,Other,Asphalt roads,Wet or damp,Rain,Darkness - no lighting,Vehicle with vehicle collision,2,1,Going straight,Female,31-50,3,No priority to vehicle,Slight Injury,Owner,2-5yrs,No Casualty,Not a Pedestrian,Slight Injury
17:10:00,Tuesday,18-30,Male,1-2yr,Automobile,Residential areas,Asphalt roads,Wet or damp,Normal,Darkness - lights lit,Vehicle with vehicle collision,2,2,Going straight,na,No Casualty,na,No distancing,Slight Injury,Owner,Above 10yr,Normal,Not a Pedestrian,No Casualty
17:10:00,Tuesday,31-50,Unknown,5-10yr,Automobile,Residential areas,Asphalt roads,Wet or damp,Normal,Darkness - lights lit,Collision with roadside objects,2,2,Going straight,Female,Over 51,3,No priority to pedestrian,Slight Injury,Owner,Above 10yr,No Casualty,Not a Pedestrian,Slight Injury
17:10:00,Tuesday,31-50,Male,5-10yr,Automobile,Residential areas,Asphalt roads,Wet or damp,Normal,Darkness - lights lit,Collision with roadside objects,2,2,Going straight,na,No Casualty,na,No priority to pedestrian,Slight Injury,Owner,Unknown,No Casualty,Not a Pedestrian,No Casualty
15:30:00,Friday,18-30,Female,5-10yr,Automobile,Other,Asphalt roads,Wet or damp,Normal,Daylight,Vehicle with vehicle collision,2,2,Going straight,Male,31-50,3,No priority to vehicle,Slight Injury,Owner,Above 10yr,Normal,Crossing from nearside - masked by parked or statioNot a Pedestrianry vehicle,Slight Injury
15:30:00,Friday,18-30,Male,1-2yr,Lorry (41-100Q),Office areas,Asphalt roads,Wet or damp,Normal,Daylight,Vehicle with vehicle collision,2,2,Going straight,na,No Casualty,na,Driving carelessly,Slight Injury,Owner,Unknown,Normal,Not a Pedestrian,No Casualty
09:47:00,Friday,18-30,Male,2-5yr,Other,Other,Asphalt roads,Wet or damp,Rain,Daylight,Vehicle with vehicle collision,3,1,Going straight,Female,18-30,3,Changing lane to the right,Slight Injury,Owner,Unknown,Normal,Not a Pedestrian,Slight Injury
09:47:00,Friday,Over 51,Male,Above 10yr,Pick up upto 10Q,Other,Asphalt roads,Wet or damp,Rain,Daylight,Vehicle with vehicle collision,3,1,Going straight,na,No Casualty,na,Changing lane to the left,Slight Injury,Owner,Above 10yr,Normal,Not a Pedestrian,No Casualty
09:47:00,Friday,31-50,Male,5-10yr,Pick up upto 10Q,Office areas,Asphalt roads,Wet or damp,Rain,Daylight,Collision with roadside objects,3,1,Going straight,Male,18-30,3,Moving Backward,Slight Injury,Owner,5-10yrs,No Casualty,Not a Pedestrian,Slight Injury
11:19:00,Monday,18-30,Female,1-2yr,Automobile,Church areas,Asphalt roads,Dry,Normal,Daylight,Vehicle with vehicle collision,2,1,Turnover,Female,18-30,3,Driving carelessly,Serious Injury,Owner,Below 1yr,Normal,Not a Pedestrian,Slight Injury
11:19:00,Monday,Over 51,Female,Above 10yr,Long lorry,Other,Asphalt roads,Dry,Normal,Daylight,Collision with roadside objects,2,1,Reversing,na,No Casualty,na,Driving to the left,Serious Injury,Owner,Unknown,No Casualty,Not a Pedestrian,No Casualty
13:13:00,Friday,18-30,Female,1-2yr,Automobile,Other,Asphalt roads,Dry,Normal,Daylight,Collision with roadside objects,2,1,Moving Backward,Male,18-30,2,Driving to the left,Slight Injury,Owner,Unknown,No Casualty,Not a Pedestrian,Serious Injury
13:13:00,Friday,18-30,Male,2-5yr,Public (13-45 seats),Office areas,Asphalt roads,Dry,Normal,Daylight,Collision with pedestrians,2,1,Going straight,na,No Casualty,na,No priority to pedestrian,Slight Injury,Owner,Unknown,No Casualty,Not a Pedestrian,No Casualty
15:55:00,Thursday,18-30,Male,Above 10yr,Lorry (41-100Q),Office areas,Other,Wet or damp,Rain,Daylight,Vehicle with vehicle collision,2,3,Moving Backward,Female,Over 51,3,Changing lane to the left,Slight Injury,Owner,Unknown,No Casualty,Not a Pedestrian,Slight Injury
15:55:00,Thursday,18-30,Male,2-5yr,Public (13-45 seats),Office areas,Asphalt roads,Wet or damp,Rain,Daylight,Collision with roadside objects,2,3,Going straight,Male,Over 51,3,Changing lane to the right,Slight Injury,Owner,Unknown,No Casualty,Not a Pedestrian,Slight Injury
15:55:00,Thursday,31-50,Unknown,5-10yr,Other,Office areas,Asphalt roads,Wet or damp,Rain,Daylight,Vehicle with vehicle collision,2,3,Going straight,Female,Over 51,3,Driving carelessly,Slight Injury,Owner,Unknown,Normal,Not a Pedestrian,Slight Injury
10:47:00,Thursday,31-50,Male,5-10yr,Lorry (41-100Q),Other,Asphalt roads,Wet or damp,Normal,Daylight,Vehicle with vehicle collision,2,2,Going straight,Male,31-50,3,No distancing,Slight Injury,Owner,Unknown,Normal,Not a Pedestrian,Slight Injury
10:47:00,Thursday,31-50,Male,1-2yr,Lorry (41-100Q),Office areas,Asphalt roads,Wet or damp,Normal,Daylight,Vehicle with vehicle collision,2,2,Going straight,Male,Under 18,3,Getting off the vehicle improperly,Slight Injury,Owner,Below 1yr,Normal,Not a Pedestrian,Slight Injury
15:00:00,Thursday,18-30,Male,5-10yr,Long lorry,Other,Asphalt roads,Dry,Normal,Daylight,Vehicle with vehicle collision,2,1,Going straight,Male,18-30,2,Driving under the influence of drugs,Slight Injury,Owner,Unknown,Normal,Not a Pedestrian,Serious Injury
15:00:00,Thursday,18-30,Male,5-10yr,Pick up upto 10Q,Other,Asphalt roads,Dry,Normal,Daylight,Vehicle with vehicle collision,2,1,Unknown,Male,18-30,2,Changing lane to the right,Slight Injury,Owner,Unknown,Normal,Not a Pedestrian,Serious Injury
18:40:00,Thursday,18-30,Male,1-2yr,Pick up upto 10Q,Other,Asphalt roads,Wet or damp,Rain,Darkness - lights lit,Vehicle with vehicle collision,1,1,Going straight,na,No Casualty,na,Driving carelessly,Slight Injury,Governmental,Unknown,Normal,Not a Pedestrian,No Casualty
03:55:00,Monday,18-30,Male,5-10yr,Lorry (41-100Q),Office areas,Asphalt roads,Wet or damp,Rain & Wind,Darkness - lights lit,Collision with roadside objects,2,2,Unknown,Female,31-50,3,Moving Backward,Slight Injury,Owner,Unknown,No Casualty,Not a Pedestrian,Slight Injury
03:55:00,Monday,18-30,Male,5-10yr,Lorry (41-100Q),Office areas,Asphalt roads,Wet or damp,Rain & Wind,Darkness - lights lit,Vehicle with vehicle collision,2,2,Going straight,na,No Casualty,na,Turnover,Slight Injury,Owner,Unknown,Normal,Not a Pedestrian,No Casualty
03:55:00,Monday,18-30,Unknown,2-5yr,Automobile,Office areas,Asphalt roads,Wet or damp,Rain & Wind,Darkness - lights lit,Collision with roadside objects,2,2,Moving Backward,Male,18-30,3,Changing lane to the right,Slight Injury,Owner,Unknown,No Casualty,Not a Pedestrian,Slight Injury
17:45:00,Sunday,31-50,Male,1-2yr,Other,Office areas,Asphalt roads,Dry,Normal,Darkness - lights lit,Vehicle with vehicle collision,2,3,Going straight,na,No Casualty,na,Driving carelessly,Slight Injury,Governmental,Unknown,Normal,Not a Pedestrian,No Casualty
17:45:00,Sunday,18-30,Male,5-10yr,Automobile,Church areas,Asphalt roads,Dry,Normal,Darkness - lights lit,Vehicle with vehicle collision,2,3,Going straight,na,No Casualty,na,No priority to vehicle,Slight Injury,Owner,2-5yrs,Normal,Not a Pedestrian,No Casualty
17:45:00,Sunday,18-30,Male,Below 1yr,Other,Office areas,Asphalt roads,Dry,Normal,Darkness - lights lit,Vehicle with vehicle collision,2,3,Moving Backward,Male,18-30,2,Moving Backward,Slight Injury,Governmental,Unknown,Normal,Not a Pedestrian,Serious Injury
17:45:00,Sunday,18-30,Male,5-10yr,Automobile,Residential areas,Other,Dry,Normal,Darkness - lights lit,Collision with roadside objects,2,3,Going straight,Female,Under 18,3,Changing lane to the left,Slight Injury,Governmental,Unknown,No Casualty,Not a Pedestrian,Slight Injury
19:10:00,Friday,31-50,Male,5-10yr,Pick up upto 10Q,School areas,Asphalt roads,Wet or damp,Rain,Darkness - lights lit,Collision with roadside objects,1,1,Turnover,Female,Under 18,2,Overturning,Slight Injury,Owner,Unknown,No Casualty,Crossing from nearside - masked by parked or statioNot a Pedestrianry vehicle,Serious Injury
10:13:00,Thursday,31-50,Male,5-10yr,Automobile,Office areas,Asphalt roads,Dry,Normal,Daylight,Vehicle with vehicle collision,2,1,Going straight,Male,Under 18,2,No distancing,Serious Injury,Owner,Unknown,Normal,Not a Pedestrian,Serious Injury
10:13:00,Thursday,Over 51,Male,5-10yr,Public (12 seats),Other,Asphalt roads,Dry,Normal,Daylight,Vehicle with vehicle collision,2,1,Going straight,na,No Casualty,na,Driving carelessly,Serious Injury,Owner,5-10yrs,Normal,Not a Pedestrian,No Casualty
09:48:00,Friday,Under 18,Male,2-5yr,Automobile,Other,Asphalt roads,Dry,Normal,Daylight,Vehicle with vehicle collision,2,1,Unknown,Male,31-50,3,No distancing,Slight Injury,Owner,Unknown,Normal,Not a Pedestrian,Slight Injury
09:48:00,Friday,18-30,Male,5-10yr,Other,Other,Asphalt roads,Dry,Normal,Daylight,Vehicle with vehicle collision,2,1,Going straight,Male,18-30,3,Changing lane to the left,Slight Injury,Governmental,Unknown,Normal,Not a Pedestrian,Slight Injury
16:20:00,Monday,18-30,Male,Above 10yr,Public (12 seats),Other,Asphalt roads,Wet or damp,Normal,Darkness - lights lit,Vehicle with vehicle collision,2,1,Going straight,Female,31-50,3,No priority to pedestrian,Slight Injury,Owner,5-10yrs,Normal,Not a Pedestrian,Slight Injury
16:20:00,Monday,18-30,Unknown,Below 1yr,Stationwagen,Office areas,Asphalt roads,Wet or damp,Normal,Darkness - lights lit,Vehicle with vehicle collision,2,1,Going straight,Male,31-50,3,No distancing,Slight Injury,Owner,Unknown,Normal,Not a Pedestrian,Slight Injury
19:40:00,Thursday,18-30,Male,5-10yr,Lorry (41-100Q),Office areas,Asphalt roads,Dry,Normal,Darkness - lights lit,Vehicle with vehicle collision,1,1,Going straight,Male,Under 18,3,No distancing,Slight Injury,Owner,Unknown,Normal,Not a Pedestrian,Slight Injury
16:53:00,Wednesday,18-30,Male,2-5yr,Lorry (41-100Q),Office areas,Asphalt roads,Dry,Normal,Darkness - lights lit,Collision with roadside objects,1,1,Reversing,Female,Over 51,3,Changing lane to the left,Slight Injury,Owner,Unknown,No Casualty,Not a Pedestrian,Slight Injury
12:55:00,Wednesday,31-50,Male,2-5yr,Lorry (41-100Q),Office areas,Other,Dry,Normal,Daylight,Collision with roadside objects,1,1,Going straight,na,No Casualty,na,No distancing,Slight Injury,Owner,Unknown,No Casualty,Not a Pedestrian,No Casualty
19:32:00,Friday,31-50,Unknown,1-2yr,Automobile,Office areas,Asphalt roads,Wet or damp,Rain,Darkness - lights lit,Collision with roadside objects,2,2,Moving Backward,Male,31-50,3,Changing lane to the left,Slight Injury,Owner,Unknown,No Casualty,Not a Pedestrian,Slight Injury
19:32:00,Friday,18-30,Male,2-5yr,Lorry (41-100Q),Office areas,Asphalt roads,Wet or damp,Rain,Darkness - lights lit,Vehicle with vehicle collision,2,2,Going straight,na,No Casualty,na,No distancing,Slight Injury,Owner,Unknown,Normal,Not a Pedestrian,No Casualty
17:35:00,Friday,18-30,Male,2-5yr,Automobile,Office areas,Asphalt roads,Wet or damp,Rain,Darkness - lights lit,Vehicle with vehicle collision,2,2,Going straight,Female,18-30,3,No distancing,Slight Injury,Owner,Unknown,Normal,Not a Pedestrian,Slight Injury
17:35:00,Friday,Over 51,Male,Above 10yr,Public (12 seats),Other,Asphalt roads,Wet or damp,Rain,Darkness - lights lit,Vehicle with vehicle collision,2,2,Going straight,Female,Over 51,3,No distancing,Slight Injury,Owner,5-10yrs,Normal,Not a Pedestrian,Slight Injury
17:35:00,Friday,Over 51,Male,Below 1yr,Automobile,Other,Asphalt roads,Wet or damp,Rain,Darkness - lights lit,Vehicle with vehicle collision,2,2,Going straight,Male,31-50,3,Changing lane to the left,Slight Injury,Owner,Unknown,Normal,Not a Pedestrian,Slight Injury
18:40:00,Tuesday,18-30,Male,2-5yr,Stationwagen,Residential areas,Asphalt roads,Dry,Normal,Darkness - lights lit,Collision with pedestrians,2,1,Going straight,Male,Under 18,3,Changing lane to the right,Slight Injury,Owner,2-5yrs,No Casualty,Not a Pedestrian,Slight Injury
18:40:00,Tuesday,18-30,Male,Above 10yr,Automobile,Other,Earth roads,Dry,Normal,Darkness - lights lit,Collision with pedestrians,2,1,Turnover,na,No Casualty,na,Moving Backward,Slight Injury,Owner,Unknown,Normal,Not a Pedestrian,No Casualty
15:47:00,Thursday,31-50,Male,Above 10yr,Lorry (41-100Q),Other,Asphalt roads,Wet or damp,Normal,Daylight,Vehicle with vehicle collision,1,1,Going straight,Female,18-30,3,Changing lane to the right,Slight Injury,Owner,5-10yrs,Normal,Not a Pedestrian,Slight Injury
14:57:00,Sunday,Under 18,Male,5-10yr,Other,Other,Asphalt roads,Dry,Normal,Daylight,Vehicle with vehicle collision,1,1,Going straight,na,No Casualty,na,No distancing,Slight Injury,Governmental,Unknown,Normal,Not a Pedestrian,No Casualty
17:25:00,Friday,31-50,Male,Above 10yr,Pick up upto 10Q,Other,Asphalt roads,Wet or damp,Normal,Darkness - no lighting,Vehicle with vehicle collision,2,2,Moving Backward,Male,Under 18,3,Overtaking,Serious Injury,Owner,5-10yrs,Normal,Not a Pedestrian,Slight Injury
17:25:00,Friday,31-50,Male,1-2yr,Automobile,Industrial areas,Asphalt roads,Wet or damp,Normal,Darkness - no lighting,Vehicle with vehicle collision,2,2,Going straight,na,No Casualty,na,Other,Serious Injury,Owner,Unknown,Normal,Not a Pedestrian,No Casualty
17:25:00,Friday,31-50,Male,2-5yr,Lorry (41-100Q),Industrial areas,Asphalt roads,Wet or damp,Normal,Darkness - no lighting,Vehicle with vehicle collision,2,2,Going straight,na,No Casualty,na,Other,Serious Injury,Owner,5-10yrs,Normal,Not a Pedestrian,No Casualty
17:22:00,Sunday,Over 51,Male,2-5yr,Automobile,Church areas,Asphalt roads,Wet or damp,Normal,Darkness - lights lit,Vehicle with vehicle collision,2,2,Going straight,Male,31-50,3,Changing lane to the right,Serious Injury,Owner,Unknown,Normal,Not a Pedestrian,Slight Injury
17:22:00,Sunday,Under 18,Male,5-10yr,Public (13-45 seats),Other,Asphalt roads,Wet or damp,Normal,Darkness - lights lit,Vehicle with vehicle collision,2,2,Other,Male,Under 18,3,No priority to pedestrian,Serious Injury,Owner,Unknown,Normal,Not a Pedestrian,Slight Injury
16:05:00,Monday,18-30,Male,5-10yr,Automobile,Other,Asphalt roads,Dry,Normal,Daylight,Vehicle with vehicle collision,3,1,Going straight,na,No Casualty,na,No priority to vehicle,Slight Injury,Owner,Above 10yr,Normal,Not a Pedestrian,No Casualty
16:05:00,Monday,31-50,Male,5-10yr,Lorry (41-100Q),Office areas,Asphalt roads,Dry,Normal,Daylight,Vehicle with vehicle collision,3,1,Going straight,na,No Casualty,na,Changing lane to the left,Slight Injury,Owner,Unknown,Normal,Not a Pedestrian,No Casualty
16:05:00,Monday,18-30,Male,Above 10yr,Public (12 seats),Office areas,Asphalt roads,Dry,Normal,Daylight,Vehicle with vehicle collision,3,1,Turnover,Male,18-30,3,Changing lane to the left,Slight Injury,Owner,Unknown,Normal,Not a Pedestrian,Slight Injury
09:00:00,Thursday,18-30,Male,Below 1yr,Motorcycle,Residential areas,Asphalt roads,Wet or damp,Other,Daylight,Collision with roadside objects,2,1,Moving Backward,na,No Casualty,na,Overtaking,Slight Injury,Governmental,Below 1yr,No Casualty,Not a Pedestrian,No Casualty
09:00:00,Thursday,18-30,Male,Below 1yr,Public (12 seats),Industrial areas,Asphalt roads,Wet or damp,Other,Daylight,Rollover,2,1,Going straight,Male,31-50,3,No distancing,Slight Injury,Owner,Unknown,Normal,Not a Pedestrian,Slight Injury
08:55:00,Friday,18-30,Male,Above 10yr,Lorry (41-100Q),Office areas,Asphalt roads,Dry,Normal,Daylight,Vehicle with vehicle collision,1,1,Going straight,na,No Casualty,na,No priority to vehicle,Slight Injury,Owner,Unknown,Normal,Not a Pedestrian,No Casualty
10:44:00,Friday,31-50,Male,5-10yr,Automobile,Other,Asphalt roads,Dry,Normal,Daylight,Vehicle with vehicle collision,1,1,Going straight,Male,Over 51,3,Changing lane to the right,Slight Injury,Owner,Unknown,Normal,Not a Pedestrian,Slight Injury
16:18:00,Wednesday,18-30,Male,5-10yr,Lorry (41-100Q),Other,Asphalt roads,Wet or damp,Normal,Darkness - lights lit,Vehicle with vehicle collision,1,1,Reversing,na,No Casualty,na,Changing lane to the left,Slight Injury,Owner,Unknown,Normal,Not a Pedestrian,No Casualty
17:21:00,Thursday,18-30,Male,2-5yr,Stationwagen,Residential areas,Asphalt roads,Wet or damp,Normal,Darkness - lights lit,Vehicle with vehicle collision,4,2,Going straight,Female,Over 51,3,No distancing,Slight Injury,Owner,Unknown,Normal,Not a Pedestrian,Slight Injury
17:21:00,Thursday,31-50,Male,2-5yr,Pick up upto 10Q,Office areas,Asphalt roads,Wet or damp,Normal,Darkness - lights lit,Vehicle with vehicle collision,4,2,Going straight,na,No Casualty,na,Driving carelessly,Slight Injury,Owner,Unknown,Normal,Not a Pedestrian,No Casualty
17:21:00,Thursday,31-50,Male,5-10yr,Automobile,Residential areas,Earth roads,Wet or damp,Normal,Darkness - lights lit,Collision with roadside objects,4,2,Going straight,Male,18-30,3,No priority to pedestrian,Slight Injury,Organization,Unknown,No Casualty,Not a Pedestrian,Slight Injury
17:21:00,Thursday,31-50,Male,2-5yr,Automobile,Office areas,Asphalt roads,Wet or damp,Normal,Darkness - lights lit,Collision with roadside objects,4,2,Parked,na,No Casualty,na,Driving carelessly,Slight Injury,Owner,Unknown,Normal,Not a Pedestrian,No Casualty
15:40:00,Monday,18-30,Male,5-10yr,Automobile,Church areas,Asphalt roads,Dry,Normal,Daylight,Vehicle with vehicle collision,4,1,Going straight,Female,Under 18,3,Moving Backward,Slight Injury,Owner,Unknown,No Casualty,Unknown or other,Slight Injury
15:40:00,Monday,18-30,Male,2-5yr,Other,Residential areas,Asphalt roads,Dry,Normal,Daylight,Collision with roadside objects,4,1,Going straight,Female,18-30,3,No distancing,Slight Injury,Organization,5-10yrs,No Casualty,Not a Pedestrian,Slight Injury
15:40:00,Monday,18-30,Male,5-10yr,Automobile,School areas,Asphalt roads,Dry,Normal,Daylight,Vehicle with vehicle collision,4,1,Unknown,na,No Casualty,na,No distancing,Slight Injury,Owner,Above 10yr,No Casualty,Not a Pedestrian,No Casualty