Time,Day_of_week,Age_band_of_driver,Sex_of_driver,Driving_experience,Type_of_vehicle,Area_accident_occured,Road_surface_type,Road_surface_conditions,Weather_conditions,Light_conditions,Type_of_collision,Number_of_vehicles_involved,Number_of_casualties,Vehicle_movement,Sex_of_casualty,Age_band_of_casualty,Casualty_severity,Cause_of_accident,Accident_severity,Owner_of_vehicle,Service_year_of_vehicle,Fitness_of_casuality,Pedestrian_movement,Casualty_severity_label
13:10:00,Friday,18-30,Female,2-5yr,Automobile,Office areas,Asphalt roads,Wet or damp,Normal,Daylight,Vehicle with vehicle collision,2,3,Going straight,na,No Casualty,na,Changing lane to the right,Slight Injury,Owner,Unknown,Normal,Not a Pedestrian,No Casualty
08:10:00,Wednesday,18-30,Female,Below 1yr,Public (> 45 seats),Other,Asphalt roads,Dry,Normal,Daylight,Collision with roadside objects,2,1,Moving Backward,Male,31-50,3,No distancing,Slight Injury,Governmental,1-2yr,No Casualty,Not a Pedestrian,Slight Injury
08:10:00,Wednesday,18-30,Male,5-10yr,Automobile,Other,Asphalt roads,Dry,Normal,Daylight,Vehicle with vehicle collision,2,1,Going straight,Female,Under 18,3,Overspeed,Slight Injury,Owner,Unknown,Normal,Crossing from offside - masked by  parked or statioNot a Pedestrianry vehicle,Slight Injury
12:30:00,Sunday,18-30,Male,Above 10yr,Automobile,Other,Asphalt roads,Dry,Normal,Daylight,Collision with roadside objects,4,1,Going straight,na,No Casualty,na,Changing lane to the right,Slight Injury,Organization,Unknown,No Casualty,Not a Pedestrian,No Casualty
12:30:00,Sunday,18-30,Male,1-2yr,Pick up upto 10Q,Other,Asphalt roads,Dry,Normal,Daylight,Vehicle with vehicle collision,4,1,Unknown,Male,Over 51,3,No priority to vehicle,Slight Injury,Owner,Above 10yr,Normal,Not a Pedestrian,Slight Injury
12:30:00,Sunday,18-30,Female,5-10yr,Public (12 seats),Office areas,Asphalt roads,Dry,Normal,Daylight,Vehicle with vehicle collision,4,1,Going straight,Female,Over 51,3,No distancing,Slight Injury,Owner,Unknown,Normal,Not a Pedestrian,Slight Injury
12:30:00,Sunday,18-30,Female,1-2yr,Lorry (41-100Q),Office areas,Asphalt roads,Dry,Normal,Daylight,Vehicle with vehicle collision,4,1,Going straight,Male,31-50,3,Turnover,Slight Injury,Owner,Unknown,Normal,Not a Pedestrian,Slight Injury
20:01:00,Sunday,18-30,Male,Above 10yr,Lorry (41-100Q),Church areas,Asphalt roads,Dry,Normal,Daylight,Vehicle with vehicle collision,2,1,Going straight,na,No Casualty,na,No distancing,Serious Injury,Owner,Above 10yr,Normal,Not a Pedestrian,No Casualty
20:01:00,Sunday,31-50,Male,Below 1yr,Lorry (41-100Q),Office areas,Asphalt roads,Dry,Normal,Daylight,Vehicle with vehicle collision,2,1,Turnover,na,No Casualty,na,Changing lane to the right,Serious Injury,Owner,Unknown,Normal,Not a Pedestrian,No Casualty
18:49:00,Thursday,31-50,Male,2-5yr,Public (13-45 seats),Office areas,Asphalt roads,Dry,Normal,Daylight,Vehicle with vehicle collision,1,1,Going straight,Male,18-30,3,No distancing,Slight Injury,Owner,Above 10yr,Normal,Not a Pedestrian,Slight Injury
20:41:00,Thursday,31-50,Male,5-10yr,Lorry (41-100Q),Office areas,Asphalt roads,Dry,Normal,Daylight,Vehicle with vehicle collision,4,2,Going straight,na,No Casualty,na,Changing lane to the left,Slight Injury,Owner,Unknown,No Casualty,Not a Pedestrian,No Casualty
20:41:00,Thursday,18-30,Male,5-10yr,Lorry (41-100Q),Office areas,Asphalt roads,Dry,Normal,Daylight,Vehicle with vehicle collision,4,2,Going straight,Female,Over 51,3,Driving carelessly,Slight Injury,Owner,Unknown,Normal,Not a Pedestrian,Slight Injury
20:41:00,Thursday,31-50,Male,1-2yr,Motorcycle,Residential areas,Asphalt roads,Dry,Normal,Daylight,Collision with pedestrians,4,2,Reversing,na,No Casualty,na,Changing lane to the right,Slight Injury,Owner,2-5yrs,Normal,Not a Pedestrian,No Casualty
20:41:00,Thursday,31-50,Male,5-10yr,Lorry (41-100Q),Residential areas,Asphalt roads,Dry,Normal,Daylight,Collision with roadside objects,4,2,Getting off,Female,31-50,3,No priority to vehicle,Slight Injury,Owner,Above 10yr,No Casualty,Not a Pedestrian,Slight Injury
10:04:00,Wednesday,31-50,Male,5-10yr,Ridden horse,Residential areas,Asphalt roads,Wet or damp,Rain,Daylight,Vehicle with vehicle collision,3,1,Going straight,na,No Casualty,na,No distancing,Slight Injury,Owner,5-10yrs,Normal,Not a Pedestrian,No Casualty
10:04:00,Wednesday,31-50,Male,2-5yr,Automobile,Office areas,Asphalt roads,Wet or damp,Rain,Daylight,Vehicle with vehicle collision,3,1,Getting off,na,No Casualty,na,No priority to pedestrian,Slight Injury,Owner,5-10yrs,Normal,Not a Pedestrian,No Casualty
10:04:00,Wednesday,31-50,Male,1-2yr,Lorry (41-100Q),Residential areas,Asphalt roads,Wet or damp,Rain,Daylight,Collision with roadside objects,3,1,Going straight,Female,31-50,3,No priority to pedestrian,Slight Injury,Owner,Unknown,No Casualty,Not a Pedestrian,Slight Injury
20:30:00,Wednesday,18-30,Male,5-10yr,Pick up upto 10Q,Other,Asphalt roads,Dry,Normal,Daylight,Vehicle with vehicle collision,2,2,Going straight,Male,18-30,3,No priority to vehicle,Slight Injury,Governmental,Unknown,Normal,Not a Pedestrian,Slight Injury
20:30:00,Wednesday,18-30,Male,2-5yr,Public (> 45 seats),Other,Asphalt roads,Dry,Normal,Daylight,Vehicle with vehicle collision,2,2,Going straight,na,No Casualty,na,Changing lane to the left,Slight Injury,Governmental,Below 1yr,Normal,Not a Pedestrian,No Casualty
20:30:00,Wednesday,18-30,Male,5-10yr,Stationwagen,Other,Asphalt roads,Dry,Normal,Daylight,Collision with pedestrians,2,2,Going straight,na,No Casualty,na,Changing lane to the left,Slight Injury,Owner,Unknown,Normal,Not a Pedestrian,No Casualty
11:15:00,Friday,Over 51,Male,Above 10yr,Automobile,School areas,Asphalt roads,Dry,Normal,Daylight,Vehicle with vehicle collision,2,2,Going straight,Male,Under 18,3,No distancing,Slight Injury,Owner,Unknown,Normal,Not a Pedestrian,Slight Injury
11:15:00,Friday,31-50,Male,Above 10yr,Public (12 seats),School areas,Asphalt roads,Dry,Normal,Daylight,Collision with pedestrians,2,2,Going straight,Female,Over 51,2,No priority to vehicle,Slight Injury,Owner,Unknown,Normal,Crossing from nearside - masked by parked or statioNot a Pedestrianry vehicle,Serious Injury
11:15:00,Friday,31-50,Male,5-10yr,Automobile,School areas,Asphalt roads,Dry,Normal,Daylight,Vehicle with vehicle collision,2,2,Going straight,Male,Under 18,2,No distancing,Slight Injury,Owner,2-5yrs,Normal,Unknown or other,Serious Injury
16:36:00,Thursday,31-50,Male,2-5yr,Automobile,Residential areas,Asphalt roads,Dry,Normal,Daylight,Vehicle with vehicle collision,2,1,Going straight,Male,Under 18,3,No distancing,Slight Injury,Owner,Unknown,Normal,Crossing from driver's nearside,Slight Injury
16:36:00,Thursday,18-30,Male,2-5yr,Automobile,Other,Asphalt roads,Dry,Normal,Daylight,Collision with roadside objects,2,1,Going straight,Male,31-50,2,Changing lane to the right,Slight Injury,Owner,Unknown,No Casualty,Not a Pedestrian,Serious Injury
13:28:00,Monday,31-50,Male,Below 1yr,Lorry (41-100Q),Office areas,Asphalt roads,Dry,Normal,Daylight,Vehicle with vehicle collision,2,1,Moving Backward,na,No Casualty,na,Changing lane to the left,Slight Injury,Owner,Unknown,Normal,Not a Pedestrian,No Casualty
13:28:00,Monday,18-30,Male,Above 10yr,Automobile,Other,Asphalt roads,Dry,Normal,Daylight,Vehicle with vehicle collision,2,1,Going straight,na,No Casualty,na,No distancing,Slight Injury,Owner,5-10yrs,Normal,Not a Pedestrian,No Casualty
19:28:00,Friday,31-50,Male,Above 10yr,Automobile,School areas,Asphalt roads,Dry,Normal,Daylight,Vehicle with vehicle collision,2,1,Going straight,Male,31-50,3,Overturning,Serious Injury,Owner,Above 10yr,Normal,Not a Pedestrian,Slight Injury
19:28:00,Friday,31-50,Male,2-5yr,Public (12 seats),Other,Asphalt roads,Dry,Normal,Daylight,Collision with pedestrians,2,1,Going straight,na,No Casualty,na,No priority to vehicle,Serious Injury,Owner,5-10yrs,Normal,Not a Pedestrian,No Casualty
23:35:00,Friday,Under 18,Male,2-5yr,Taxi,Industrial areas,Asphalt roads,Dry,Normal,Darkness - lights lit,Collision with roadside objects,2,3,Going straight,Female,31-50,3,Moving Backward,Slight Injury,Owner,2-5yrs,Normal,Not a Pedestrian,Slight Injury
23:35:00,Friday,Under 18,Male,Above 10yr,Automobile,Other,Asphalt roads,Dry,Normal,Darkness - lights lit,Collision with pedestrians,2,3,Going straight,na,No Casualty,na,Driving under the influence of drugs,Slight Injury,Owner,2-5yrs,Normal,Not a Pedestrian,No Casualty
23:35:00,Friday,Under 18,Male,5-10yr,Public (12 seats),Office areas,Asphalt roads,Dry,Normal,Darkness - lights lit,Vehicle with vehicle collision,2,3,Going straight,Male,Under 18,2,Moving Backward,Slight Injury,Owner,Unknown,Normal,Not a Pedestrian,Serious Injury
09:01:00,Wednesday,18-30,Male,Below 1yr,Stationwagen,Other,Asphalt roads,Wet or damp,Rain,Daylight,Vehicle with vehicle collision,1,1,Going straight,Male,31-50,3,Changing lane to the right,Serious Injury,Owner,Unknown,Normal,Unknown or other,Slight Injury
15:46:00,Thursday,31-50,Male,Below 1yr,Stationwagen,Other,Asphalt roads,Dry,Normal,Daylight,Vehicle with vehicle collision,2,1,Going straight,na,No Casualty,na,Overspeed,Serious Injury,Owner,Unknown,Normal,Not a Pedestrian,No Casualty
15:46:00,Thursday,31-50,Male,Below 1yr,Automobile,Outside rural areas,Asphalt roads,Dry,Normal,Daylight,Vehicle with vehicle collision,2,1,Going straight,Female,18-30,3,Driving under the influence of drugs,Serious Injury,Organization,Above 10yr,No Casualty,Not a Pedestrian,Slight Injury
20:10:00,Friday,Under 18,Male,5-10yr,Lorry (41-100Q),Other,Asphalt roads,Dry,Normal,Daylight,Vehicle with vehicle collision,1,1,Going straight,na,No Casualty,na,Driving carelessly,Serious Injury,Owner,Unknown,Normal,Not a Pedestrian,No Casualty
21:46:00,Wednesday,31-50,Male,5-10yr,Automobile,Residential areas,Asphalt roads,Dry,Normal,Darkness - lights lit,Collision with roadside objects,2,2,Going straight,Male,18-30,3,No distancing,Slight Injury,Owner,Above 10yr,Normal,Not a Pedestrian,Slight Injury
21:46:00,Wednesday,18-30,Male,5-10yr,Public (12 seats),Office areas,Asphalt roads,Dry,Normal,Darkness - lights lit,Collision with roadside objects,2,2,Going straight,Male,Under 18,3,No priority to vehicle,Slight Injury,Owner,Above 10yr,No Casualty,Crossing from nearside - masked by parked or statioNot a Pedestrianry vehicle,Slight Injury
21:20:00,Friday,Under 18,Male,5-10yr,Automobile,Office areas,Asphalt roads,Dry,Normal,Daylight,Vehicle with vehicle collision,1,2,Going straight,Female,Under 18,3,Overspeed,Serious Injury,Owner,Unknown,Normal,Crossing from nearside - masked by parked or statioNot a Pedestrianry vehicle,Slight Injury
21:20:00,Friday,Under 18,Male,2-5yr,Automobile,Hospital areas,Asphalt roads,Dry,Normal,Daylight,Vehicle with vehicle collision,1,2,Going straight,na,No Casualty,na,Driving under the influence of drugs,Serious Injury,Owner,2-5yrs,Normal,Not a Pedestrian,No Casualty
05:49:00,Tuesday,Under 18,Male,5-10yr,Lorry (41-100Q),Industrial areas,Asphalt roads,Wet or damp,Rain,Daylight,Vehicle with vehicle collision,2,2,Going straight,Male,18-30,3,Changing lane to the right,Serious Injury,Owner,Unknown,Normal,Not a Pedestrian,Slight Injury
05:49:00,Tuesday,Under 18,Male,2-5yr,Automobile,Other,Asphalt roads,Wet or damp,Rain,Daylight,Vehicle with vehicle collision,2,2,Going straight,na,No Casualty,na,Changing lane to the right,Serious Injury,Owner,2-5yrs,Normal,Not a Pedestrian,No Casualty
05:49:00,Tuesday,18-30,Unknown,Below 1yr,Motorcycle,Office areas,Asphalt roads,Wet or damp,Rain,Daylight,Vehicle with vehicle collision,2,2,Going straight,na,No Casualty,na,Changing lane to the right,Serious Injury,Owner,Unknown,Normal,Not a Pedestrian,No Casualty
09:35:00,Monday,31-50,Male,2-5yr,Automobile,Office areas,Asphalt roads,Dry,Normal,Daylight,Vehicle with vehicle collision,2,2,Reversing,Male,31-50,3,Changing lane to the right,Slight Injury,Owner,Unknown,Normal,Not a Pedestrian,Slight Injury
09:35:00,Monday,31-50,Male,2-5yr,Automobile,Residential areas,Asphalt roads,Dry,Normal,Daylight,Vehicle with vehicle collision,2,2,Going straight,Female,Over 51,3,Moving Backward,Slight Injury,Owner,Unknown,Normal,Not a Pedestrian,Slight Injury
18:39:00,Wednesday,18-30,Female,2-5yr,Automobile,Residential areas,Asphalt roads,Dry,Normal,Daylight,Vehicle with vehicle collision,2,1,Going straight,Female,31-50,3,No distancing,Slight Injury,Owner,Unknown,Normal,Not a Pedestrian,Slight Injury
18:39:00,Wednesday,Under 18,Male,5-10yr,Automobile,School areas,Asphalt roads,Dry,Normal,Daylight,Vehicle with vehicle collision,2,1,Going straight,Male,Over 51,3,Overspeed,Slight Injury,Owner,Unknown,Normal,Not a Pedestrian,Slight Injury
16:00:00,Wednesday,Over 51,Male,5-10yr,Public (> 45 seats),Other,Asphalt roads,Dry,Normal,Daylight,Vehicle with vehicle collision,2,2,Unknown,Female,18-30,3,No distancing,Slight Injury,Governmental,Unknown,Normal,Not a Pedestrian,Slight Injury
16:00:00,Wednesday,18-30,Male,5-10yr,Automobile,Market areas,Asphalt roads,Dry,Normal,Daylight,Other,2,2,Going straight,Female,31-50,3,Driving carelessly,Slight Injury,Governmental,Unknown,No Casualty,Not a Pedestrian,Slight Injury
13:09:00,Tuesday,31-50,Male,5-10yr,Automobile,Office areas,Asphalt roads,Dry,Normal,Daylight,Vehicle with vehicle collision,2,1,Going straight,Female,18-30,3,No distancing,Serious Injury,Owner,Unknown,Normal,Not a Pedestrian,Slight Injury
13:09:00,Tuesday,Over 51,Male,2-5yr,Automobile,Church areas,Asphalt roads,Dry,Normal,Daylight,Collision with roadside objects,2,1,Going straight,na,No Casualty,na,No distancing,Serious Injury,Owner,Unknown,No Casualty,Not a Pedestrian,No Casualty
20:30:00,Friday,18-30,Female,Below 1yr,Other,Church areas,Asphalt roads,Dry,Normal,Daylight,Vehicle with vehicle collision,2,1,Going straight,na,No Casualty,na,No distancing,Slight Injury,Governmental,Unknown,Normal,Not a Pedestrian,No Casualty
20:30:00,Friday,Under 18,Male,1-2yr,Stationwagen,Residential areas,Asphalt roads,Dry,Normal,Daylight,Vehicle with vehicle collision,2,1,Going straight,Male,31-50,3,Changing lane to the right,Slight Injury,Owner,Unknown,Normal,Not a Pedestrian,Slight Injury
19:00:00,Friday,Over 51,Male,Below 1yr,Lorry (41-100Q),Residential areas,Asphalt roads,Dry,Normal,Daylight,Vehicle with vehicle collision,1,1,Going straight,Male,18-30,3,No distancing,Slight Injury,Owner,Above 10yr,Normal,Not a Pedestrian,Slight Injury
12:40:00,Friday,18-30,Female,Above 10yr,Taxi,Residential areas,Asphalt roads,Dry,Normal,Daylight,Vehicle with vehicle collision,1,1,Unknown,Male,18-30,3,No priority to vehicle,Serious Injury,Owner,Unknown,Normal,Not a Pedestrian,Slight Injury
18:12:00,Wednesday,31-50,Male,Below 1yr,Other,Residential areas,Asphalt roads,Dry,Normal,Daylight,Vehicle with vehicle collision,2,3,Moving Backward,Male,Over 51,3,Changing lane to the left,Slight Injury,Owner,Above 10yr,No Casualty,Crossing from nearside - masked by parked or statioNot a Pedestrianry vehicle,Slight Injury
18:12:00,Wednesday,31-50,Male,2-5yr,Public (12 seats),Other,Asphalt roads,Dry,Normal,Daylight,Vehicle with vehicle collision,2,3,Going straight,na,No Casualty,na,Moving Backward,Slight Injury,Owner,1-2yr,Normal,Not a Pedestrian,No Casualty
18:12:00,Wednesday,31-50,Male,1-2yr,Automobile,Other,Asphalt roads,Dry,Normal,Daylight,Collision with roadside objects,2,3,Turnover,Male,18-30,2,Driving carelessly,Slight Injury,Owner,Unknown,No Casualty,Not a Pedestrian,Serious Injury
18:12:00,Wednesday,18-30,Male,5-10yr,Automobile,Residential areas,Asphalt roads,Dry,Normal,Daylight,Collision with roadside objects,2,3,Turnover,Male,31-50,3,Changing lane to the left,Slight Injury,Owner,2-5yrs,No Casualty,Not a Pedestrian,Slight Injury
07:50:00,Wednesday,18-30,Male,Below 1yr,Public (13-45 seats),Other,Asphalt roads,Dry,Normal,Daylight,Vehicle with vehicle collision,2,1,Reversing,na,No Casualty,na,No priority to pedestrian,Slight Injury,Owner,Unknown,No Casualty,Not a Pedestrian,No Casualty
07:50:00,Wednesday,18-30,Male,Below 1yr,Lorry (41-100Q),Church areas,Asphalt roads,Dry,Normal,Daylight,Collision with roadside objects,2,1,Reversing,Male,18-30,3,No distancing,Slight Injury,Owner,Unknown,No Casualty,Not a Pedestrian,Slight Injury
10:16:00,Thursday,Under 18,Male,Below 1yr,Lorry (41-100Q),Other,Asphalt roads,Dry,Normal,Daylight,Collision with roadside objects,2,1,Reversing,Male,18-30,3,No distancing,Slight Injury,Owner,Unknown,Normal,Not a Pedestrian,Slight Injury
10:16:00,Thursday,Over 51,Male,1-2yr,Lorry (11-40Q),Office areas,Asphalt roads,Dry,Normal,Daylight,Vehicle with vehicle collision,2,1,Moving Backward,na,No Casualty,na,Overturning,Slight Injury,Owner,Unknown,Normal,Not a Pedestrian,No Casualty
23:05:00,Friday,Over 51,Male,5-10yr,Motorcycle,Office areas,Asphalt roads,Dry,Normal,Darkness - no lighting,Vehicle with vehicle collision,1,1,Going straight,Male,18-30,3,No distancing,Serious Injury,Owner,2-5yrs,Normal,Not a Pedestrian,Slight Injury
00:47:00,Sunday,18-30,Unknown,2-5yr,Lorry (41-100Q),Residential areas,Asphalt roads,Dry,Normal,Darkness - lights lit,Collision with roadside objects,1,2,Going straight,Female,Under 18,3,Drunk driving,Serious Injury,Owner,Unknown,Normal,Not a Pedestrian,Slight Injury
00:47:00,Sunday,18-30,Unknown,Below 1yr,Stationwagen,Other,Asphalt roads,Dry,Normal,Darkness - lights lit,Vehicle with vehicle collision,1,2,Going straight,Female,Under 18,3,Moving Backward,Serious Injury,Owner,Unknown,No Casualty,Not a Pedestrian,Slight Injury
10:30:00,Monday,18-30,Male,5-10yr,Automobile,Industrial areas,Asphalt roads,Dry,Normal,Daylight,Vehicle with vehicle collision,1,2,Going straight,Female,Under 18,3,No priority to pedestrian,Slight Injury,Owner,Above 10yr,Normal,Not a Pedestrian,Slight Injury
10:30:00,Monday,18-30,Male,5-10yr,Other,Office areas,Asphalt roads,Dry,Normal,Daylight,Vehicle with vehicle collision,1,2,Going straight,na,No Casualty,na,Changing lane to the left,Slight Injury,Owner,Unknown,Normal,Not a Pedestrian,No Casualty
13:01:00,Friday,18-30,Male,5-10yr,Other,Recreational areas,Asphalt roads,Wet or damp,Rain,Daylight,Vehicle with vehicle collision,2,3,Going straight,Male,31-50,2,Changing lane to the left,Slight Injury,Organization,Unknown,Normal,Not a Pedestrian,Serious Injury
13:01:00,Friday,Over 51,Male,2-5yr,Taxi,Residential areas,Asphalt roads,Wet or damp,Rain,Daylight,Vehicle with vehicle collision,2,3,Going straight,na,No Casualty,na,Getting off the vehicle improperly,Slight Injury,Owner,1-2yr,Normal,Not a Pedestrian,No Casualty
13:01:00,Friday,Over 51,Male,Above 10yr,Automobile,Residential areas,Asphalt roads,Wet or damp,Rain,Daylight,Vehicle with vehicle collision,2,3,Going straight,na,No Casualty,na,No distancing,Slight Injury,Owner,Above 10yr,No Casualty,Not a Pedestrian,No Casualty
17:41:00,Monday,18-30,Male,5-10yr,Long lorry,Church areas,Asphalt roads,Dry,Normal,Daylight,Collision with pedestrians,4,1,Going straight,Male,18-30,3,Changing lane to the right,Slight Injury,Owner,5-10yrs,Normal,Not a Pedestrian,Slight Injury
17:41:00,Monday,31-50,Male,Above 10yr,Long lorry,Residential areas,Asphalt roads,Dry,Normal,Daylight,Vehicle with vehicle collision,4,1,Turnover,Female,31-50,3,Changing lane to the right,Slight Injury,Owner,5-10yrs,Normal,Not a Pedestrian,Slight Injury
17:41:00,Monday,31-50,Male,2-5yr,Lorry (41-100Q),Other,Asphalt roads,Dry,Normal,Daylight,Collision with roadside objects,4,1,Going straight,Male,31-50,3,Moving Backward,Slight Injury,Owner,Unknown,No Casualty,Not a Pedestrian,Slight Injury
17:41:00,Monday,31-50,Male,Below 1yr,Lorry (41-100Q),Other,Asphalt roads,Dry,Normal,Daylight,Vehicle with vehicle collision,4,1,Moving Backward,Male,Under 18,3,Overspeed,Slight Injury,Owner,5-10yrs,Normal,Not a Pedestrian,Slight Injury
17:25:00,Friday,31-50,Male,Below 1yr,Lorry (11-40Q),Other,Asphalt roads,Dry,Normal,Daylight,Vehicle with vehicle collision,3,4,Going straight,Female,Under 18,3,Changing lane to the left,Slight Injury,Owner,Unknown,Normal,Not a Pedestrian,Slight Injury
17:25:00,Friday,Under 18,Unknown,5-10yr,Automobile,Church areas,Asphalt roads,Dry,Normal,Daylight,Vehicle with vehicle collision,3,4,Going straight,Male,18-30,3,Changing lane to the right,Slight Injury,Owner,Unknown,Normal,Not a Pedestrian,Slight Injury
17:25:00,Friday,31-50,Male,2-5yr,Taxi,Other,Asphalt roads,Dry,Normal,Daylight,Vehicle with vehicle collision,3,4,Moving Backward,Female,18-30,3,No distancing,Slight Injury,Governmental,Unknown,Normal,Not a Pedestrian,Slight Injury
17:25:00,Friday,31-50,Male,Below 1yr,Other,Church areas,Asphalt roads,Dry,Normal,Daylight,Vehicle with vehicle collision,3,4,Going straight,Female,Over 51,3,Changing lane to the right,Slight Injury,Owner,Unknown,Normal,Not a Pedestrian,Slight Injury
17:25:00,Friday,31-50,Male,2-5yr,Automobile,Church areas,Asphalt roads,Dry,Normal,Daylight,Vehicle with vehicle collision,3,4,Going straight,na,No Casualty,na,Changing lane to the right,Slight Injury,Owner,Unknown,Normal,Not a Pedestrian,No Casualty
11:10:00,Sunday,18-30,Male,5-10yr,Automobile,Other,Asphalt roads,Wet or damp,Rain,Daylight,Vehicle with vehicle collision,3,2,Waiting to go,Female,18-30,3,No distancing,Slight Injury,Owner,Above 10yr,Normal,Not a Pedestrian,Slight Injury
11:10:00,Sunday,18-30,Male,Above 10yr,Automobile,Other,Asphalt roads,Wet or damp,Rain,Daylight,Vehicle with vehicle collision,3,2,Moving Backward,na,No Casualty,na,Changing lane to the right,Slight Injury,Governmental,5-10yrs,No Casualty,Not a Pedestrian,No Casualty
11:10:00,Sunday,31-50,Male,Above 10yr,Automobile,School areas,Asphalt roads,Wet or damp,Rain,Daylight,Vehicle with vehicle collision,3,2,Moving Backward,Male,31-50,3,Driving carelessly,Slight Injury,Owner,5-10yrs,No Casualty,Not a Pedestrian,Slight Injury
03:15:00,Friday,18-30,Male,5-10yr,Public (> 45 seats),Residential areas,Asphalt roads,Dry,Normal,Darkness - lights lit,Collision with roadside objects,1,2,Going straight,na,No Casualty,na,Driving carelessly,Serious Injury,Owner,Above 10yr,Normal,Not a Pedestrian,No Casualty
03:15:00,Friday,18-30,Male,1-2yr,Lorry (11-40Q),Other,Asphalt roads,Dry,Normal,Darkness - lights lit,Vehicle with vehicle collision,1,2,Unknown,Male,18-30,3,Changing lane to the right,Serious Injury,Owner,1-2yr,Normal,Not a Pedestrian,Slight Injury
17:00:00,Tuesday,31-50,Male,5-10yr,Lorry (41-100Q),Office areas,Asphalt roads,Dry,Normal,Daylight,Collision with roadside objects,2,1,Going straight,Male,18-30,2,Overturning,Slight Injury,Owner,Above 10yr,Normal,Not a Pedestrian,Serious Injury
17:00:00,Tuesday,Under 18,Male,5-10yr,Lorry (41-100Q),Residential areas,Asphalt roads,Dry,Normal,Daylight,Vehicle with vehicle collision,2,1,Going straight,na,No Casualty,na,Changing lane to the right,Slight Injury,Owner,Above 10yr,No Casualty,Not a Pedestrian,No Casualty
17:10:00,Friday,31-50,Male,1-2yr,Stationwagen,Other,Asphalt roads,Dry,Normal,Daylight,Unknown,2,1,Going straight,na,No Casualty,na,Moving Backward,Slight Injury,Owner,Above 10yr,Normal,Not a Pedestrian,No Casualty
17:10:00,Friday,Under 18,Male,5-10yr,Other,Residential areas,Asphalt roads,Dry,Normal,Daylight,Unknown,2,1,Moving Backward,Male,31-50,3,No distancing,Slight Injury,Owner,Above 10yr,Normal,Not a Pedestrian,Slight Injury
17:23:00,Tuesday,31-50,Unknown,Above 10yr,Automobile,Residential areas,Asphalt roads,Dry,Normal,Daylight,Collision with pedestrians,2,1,Going straight,Male,Under 18,2,Overturning,Slight Injury,Owner,5-10yrs,Normal,Not a Pedestrian,Serious Injury
17:23:00,Tuesday,31-50,Male,Below 1yr,Pick up upto 10Q,Residential areas,Asphalt roads,Dry,Normal,Daylight,Vehicle with vehicle collision,2,1,Going straight,Male,Under 18,3,Driving carelessly,Slight Injury,Owner,Unknown,No Casualty,Not a Pedestrian,Slight Injury
18:00:00,Sunday,31-50,Male,5-10yr,Motorcycle,Other,Asphalt roads,Dry,Normal,Daylight,Vehicle with vehicle collision,1,1,Going straight,Male,Under 18,3,Changing lane to the right,Slight Injury,Owner,1-2yr,Normal,Not a Pedestrian,Slight Injury
23:35:00,Wednesday,31-50,Male,Above 10yr,Automobile,Other,Asphalt roads,Dry,Normal,Darkness - lights lit,Vehicle with vehicle collision,2,1,Going straight,Male,31-50,3,Overspeed,Serious Injury,Owner,5-10yrs,Normal,Not a Pedestrian,Slight Injury
23:35:00,Wednesday,31-50,Male,Below 1yr,Pick up upto 10Q,Other,Asphalt roads,Dry,Normal,Darkness - lights lit,Collision with pedestrians,2,1,Going straight,Female,31-50,3,Changing lane to the left,Serious Injury,Owner,5-10yrs,Normal,Not a Pedestrian,Slight Injury
14:59:00,Wednesday,Under 18,Male,1-2yr,Motorcycle,Hospital areas,Asphalt roads,Dry,Normal,Daylight,Collision with roadside objects,2,2,Reversing,Male,Under 18,3,Driving carelessly,Slight Injury,Owner,1-2yr,Normal,Not a Pedestrian,Slight Injury
14:59:00,Wednesday,Under 18,Male,Above 10yr,Stationwagen,Residential areas,Asphalt roads,Dry,Normal,Daylight,Unknown,2,2,Going straight,Male,31-50,3,No distancing,Slight Injury,Owner,2-5yrs,Normal,Not a Pedestrian,Slight Injury
14:59:00,Wednesday,Over 51,Male,Above 10yr,Lorry (41-100Q),Residential areas,Asphalt roads,Dry,Normal,Daylight,Unknown,2,2,Going straight,Male,Under 18,3,Moving Backward,Slight Injury,Owner,5-10yrs,No Casualty,Not a Pedestrian,Slight Injury
14:40:00,Friday,18-30,Female,Above 10yr,Taxi,Residential areas,Asphalt roads,Dry,Normal,Daylight,Unknown,3,1,Going straight,na,No Casualty,na,No priority to pedestrian,Slight Injury,Owner,5-10yrs,Normal,Not a Pedestrian,No Casualty
14:40:00,Friday,18-30,Male,5-10yr,Automobile,Other,Asphalt roads,Dry,Normal,Daylight,Unknown,3,1,Going straight,Male,18-30,3,Moving Backward,Slight Injury,Owner,1-2yr,Normal,Not a Pedestrian,Slight Injury
14:40:00,Friday,18-30,Unknown,1-2yr,Long lorry,Office areas,Asphalt roads,Dry,Normal,Daylight,Unknown,3,1,Going straight,na,No Casualty,na,Changing lane to the right,Slight Injury,Owner,1-2yr,Normal,Not a Pedestrian,No Casualty
12:48:00,Sunday,31-50,Male,1-2yr,Automobile,Other,Asphalt roads,Wet or damp,Rain,Daylight,Vehicle with vehicle collision,2,4,Going straight,Female,Under 18,3,No distancing,Slight Injury,Owner,2-5yrs,Normal,"In carriageway, statioNot a Pedestrianry - not crossing  (standing or playing)",Slight Injury
12:48:00,Sunday,18-30,Male,Below 1yr,Public (12 seats),Office areas,Asphalt roads,Wet or damp,Rain,Daylight,Vehicle with vehicle collision,2,4,Going straight,Male,Over 51,3,Drunk driving,Slight Injury,Owner,Unknown,Normal,Not a Pedestrian,Slight Injury