Time,Day_of_week,Age_band_of_driver,Sex_of_driver,Driving_experience,Type_of_vehicle,Area_accident_occured,Road_surface_type,Road_surface_conditions,Weather_conditions,Light_conditions,Type_of_collision,Number_of_vehicles_involved,Number_of_casualties,Vehicle_movement,Sex_of_casualty,Age_band_of_casualty,Casualty_severity,Cause_of_accident,Accident_severity,Owner_of_vehicle,Service_year_of_vehicle,Fitness_of_casuality,Pedestrian_movement,Casualty_severity_label
12:48:00,Sunday,18-30,Male,1-2yr,Lorry (11-40Q),Residential areas,Asphalt roads,Wet or damp,Rain,Daylight,Collision with roadside objects,2,4,Going straight,na,No Casualty,na,Changing lane to the right,Slight Injury,Owner,Unknown,Normal,Not a Pedestrian,No Casualty
12:48:00,Sunday,18-30,Male,2-5yr,Pick up upto 10Q,Office areas,Asphalt roads,Wet or damp,Rain,Daylight,Collision with roadside objects,2,4,Waiting to go,na,No Casualty,na,Driving carelessly,Slight Injury,Owner,Unknown,No Casualty,Not a Pedestrian,No Casualty
12:48:00,Sunday,18-30,Male,5-10yr,Lorry (41-100Q),Office areas,Asphalt roads,Wet or damp,Rain,Daylight,Vehicle with vehicle collision,2,4,Going straight,Male,Over 51,3,Driving to the left,Slight Injury,Owner,Unknown,Normal,Not a Pedestrian,Slight Injury
18:40:00,Friday,18-30,Male,Above 10yr,Other,Other,Asphalt roads,Dry,Normal,Daylight,Vehicle with vehicle collision,2,1,Going straight,Male,18-30,3,Changing lane to the right,Slight Injury,Organization,Unknown,No Casualty,Not a Pedestrian,Slight Injury
18:40:00,Friday,18-30,Male,2-5yr,Automobile,Office areas,Asphalt roads,Dry,Normal,Daylight,Vehicle with vehicle collision,2,1,Going straight,na,No Casualty,na,Changing lane to the right,Slight Injury,Owner,Unknown,Normal,Not a Pedestrian,No Casualty
11:11:00,Wednesday,18-30,Male,Above 10yr,Long lorry,Office areas,Asphalt roads,Dry,Normal,Daylight,Vehicle with vehicle collision,2,1,Going straight,na,No Casualty,na,Driving carelessly,Slight Injury,Owner,Unknown,Normal,Not a Pedestrian,No Casualty
11:11:00,Wednesday,18-30,Male,5-10yr,Lorry (11-40Q),Office areas,Gravel roads,Dry,Normal,Daylight,Vehicle with vehicle collision,2,1,Going straight,Male,Over 51,3,Changing lane to the left,Slight Injury,Governmental,Unknown,Normal,Not a Pedestrian,Slight Injury
07:50:00,Tuesday,Over 51,Male,5-10yr,Long lorry,Other,Asphalt roads,Dry,Normal,Daylight,Rollover,2,2,Going straight,na,No Casualty,na,No priority to vehicle,Slight Injury,Owner,Unknown,Normal,Not a Pedestrian,No Casualty
07:50:00,Tuesday,18-30,Male,5-10yr,Automobile,Residential areas,Asphalt roads,Dry,Normal,Daylight,Vehicle with vehicle collision,2,2,Going straight,Male,31-50,3,Driving carelessly,Slight Injury,Owner,Unknown,No Casualty,Not a Pedestrian,Slight Injury
07:50:00,Tuesday,18-30,Male,Below 1yr,Taxi,Residential areas,Asphalt roads,Dry,Normal,Daylight,Collision with roadside objects,2,2,Going straight,Male,18-30,3,Changing lane to the right,Slight Injury,Owner,2-5yrs,No Casualty,Not a Pedestrian,Slight Injury
16:30:00,Tuesday,18-30,Male,2-5yr,Taxi,Church areas,Asphalt roads,Wet or damp,Rain,Daylight,Collision with pedestrians,2,1,Going straight,Male,18-30,3,Driving carelessly,Slight Injury,Owner,5-10yrs,Normal,Not a Pedestrian,Slight Injury
16:30:00,Tuesday,31-50,Male,2-5yr,Long lorry,Other,Asphalt roads,Wet or damp,Rain,Daylight,Vehicle with vehicle collision,2,1,Going straight,na,No Casualty,na,Driving under the influence of drugs,Slight Injury,Owner,5-10yrs,Normal,Not a Pedestrian,No Casualty
18:56:00,Monday,Under 18,Male,2-5yr,Lorry (11-40Q),Residential areas,Asphalt roads,Wet or damp,Rain,Daylight,Vehicle with vehicle collision,2,1,Going straight,Female,18-30,3,No distancing,Slight Injury,Owner,Unknown,Normal,Not a Pedestrian,Slight Injury
18:56:00,Monday,18-30,Female,2-5yr,Lorry (11-40Q),Other,Asphalt roads,Wet or damp,Rain,Daylight,Vehicle with vehicle collision,2,1,Going straight,Male,Over 51,3,Changing lane to the left,Slight Injury,Owner,2-5yrs,No Casualty,Not a Pedestrian,Slight Injury
18:13:00,Tuesday,18-30,Male,5-10yr,Long lorry,Residential areas,Asphalt roads,Dry,Normal,Daylight,Vehicle with vehicle collision,3,1,Going straight,na,No Casualty,na,No priority to vehicle,Serious Injury,Owner,2-5yrs,Normal,Not a Pedestrian,No Casualty
18:13:00,Tuesday,31-50,Male,5-10yr,Turbo,Residential areas,Asphalt roads,Dry,Normal,Daylight,Vehicle with vehicle collision,3,1,Turnover,na,No Casualty,na,Moving Backward,Serious Injury,Owner,2-5yrs,No Casualty,Not a Pedestrian,No Casualty
18:13:00,Tuesday,31-50,Male,Above 10yr,Long lorry,Other,Asphalt roads with some distress,Dry,Normal,Daylight,Vehicle with vehicle collision,3,1,Reversing,Male,Under 18,3,Moving Backward,Serious Injury,Owner,5-10yrs,Normal,Not a Pedestrian,Slight Injury
15:15:00,Sunday,18-30,Male,5-10yr,Long lorry,Other,Asphalt roads,Dry,Normal,Daylight,Vehicle with vehicle collision,3,2,Moving Backward,na,No Casualty,na,No distancing,Slight Injury,Owner,Unknown,Normal,Not a Pedestrian,No Casualty
15:15:00,Sunday,31-50,Male,5-10yr,Public (13-45 seats),Other,Asphalt roads,Dry,Normal,Daylight,Collision with roadside objects,3,2,Going straight,Female,31-50,3,Changing lane to the right,Slight Injury,Owner,Unknown,No Casualty,Not a Pedestrian,Slight Injury
15:15:00,Sunday,31-50,Male,Above 10yr,Automobile,Other,Asphalt roads,Dry,Normal,Daylight,Rollover,3,2,Moving Backward,Female,18-30,3,Changing lane to the right,Slight Injury,Owner,Unknown,No Casualty,Not a Pedestrian,Slight Injury
10:12:00,Tuesday,18-30,Male,5-10yr,Automobile,Residential areas,Asphalt roads,Dry,Normal,Daylight,Vehicle with vehicle collision,1,1,Going straight,na,No Casualty,na,Moving Backward,Slight Injury,Owner,Unknown,No Casualty,Not a Pedestrian,No Casualty
19:25:00,Monday,31-50,Male,5-10yr,Pick up upto 10Q,Recreational areas,Asphalt roads,Dry,Normal,Daylight,Collision with pedestrians,1,1,Going straight,Male,31-50,3,Driving carelessly,Slight Injury,Owner,2-5yrs,No Casualty,Crossing from nearside - masked by parked or statioNot a Pedestrianry vehicle,Slight Injury
14:57:00,Friday,18-30,Male,5-10yr,Automobile,Other,Asphalt roads,Wet or damp,Normal,Daylight,Vehicle with vehicle collision,2,3,Going straight,na,No Casualty,na,Driving under the influence of drugs,Slight Injury,Owner,Unknown,Normal,Not a Pedestrian,No Casualty
14:57:00,Friday,31-50,Unknown,Below 1yr,Stationwagen,Office areas,Asphalt roads,Wet or damp,Normal,Daylight,Vehicle with vehicle collision,2,3,Going straight,Male,31-50,3,No distancing,Slight Injury,Owner,Unknown,Normal,Not a Pedestrian,Slight Injury
14:57:00,Friday,31-50,Male,5-10yr,Automobile,Other,Asphalt roads,Wet or damp,Normal,Daylight,Collision with pedestrians,2,3,Going straight,Female,18-30,3,No distancing,Slight Injury,Owner,Unknown,No Casualty,Not a Pedestrian,Slight Injury
08:30:00,Sunday,Under 18,Male,5-10yr,Automobile,Office areas,Asphalt roads,Wet or damp,Normal,Daylight,Collision with pedestrians,1,1,Unknown,Male,18-30,3,No priority to vehicle,Serious Injury,Owner,Unknown,Normal,Not a Pedestrian,Slight Injury
22:05:00,Monday,18-30,Female,5-10yr,Automobile,Office areas,Asphalt roads,Dry,Cloudy,Darkness - no lighting,Vehicle with vehicle collision,2,1,Going straight,na,No Casualty,na,Driving to the left,Slight Injury,Owner,Unknown,Normal,Not a Pedestrian,No Casualty
22:05:00,Monday,18-30,Male,Above 10yr,Long lorry,Office areas,Asphalt roads,Dry,Cloudy,Darkness - no lighting,Vehicle with vehicle collision,2,1,Unknown,Male,31-50,3,No priority to vehicle,Slight Injury,Owner,Unknown,Normal,Not a Pedestrian,Slight Injury
15:30:00,Friday,18-30,Male,Above 10yr,Public (13-45 seats),Other,Asphalt roads,Wet or damp,Rain,Daylight,Vehicle with vehicle collision,2,2,Going straight,Female,18-30,3,No priority to vehicle,Slight Injury,Owner,Unknown,Normal,Not a Pedestrian,Slight Injury
15:30:00,Friday,Over 51,Unknown,Above 10yr,Public (13-45 seats),Other,Asphalt roads,Wet or damp,Rain,Daylight,Vehicle with vehicle collision,2,2,Moving Backward,na,No Casualty,na,No priority to vehicle,Slight Injury,Governmental,Unknown,Normal,Not a Pedestrian,No Casualty
15:30:00,Friday,Over 51,Male,Above 10yr,Lorry (11-40Q),Office areas,Asphalt roads,Wet or damp,Rain,Daylight,Vehicle with vehicle collision,2,2,Going straight,Female,31-50,3,No distancing,Slight Injury,Owner,Unknown,Normal,Not a Pedestrian,Slight Injury
21:15:00,Sunday,31-50,Male,Above 10yr,Lorry (11-40Q),Residential areas,Asphalt roads,Dry,Normal,Darkness - lights lit,Collision with roadside objects,2,4,Going straight,na,No Casualty,na,Moving Backward,Slight Injury,Owner,Unknown,Normal,Not a Pedestrian,No Casualty
21:15:00,Sunday,31-50,Male,Above 10yr,Pick up upto 10Q,Recreational areas,Asphalt roads,Dry,Normal,Darkness - lights lit,Vehicle with vehicle collision,2,4,Moving Backward,Male,Under 18,3,Changing lane to the right,Slight Injury,Governmental,2-5yrs,Normal,Not a Pedestrian,Slight Injury
21:15:00,Sunday,18-30,Male,5-10yr,Automobile,Other,Asphalt roads,Dry,Normal,Darkness - lights lit,Vehicle with vehicle collision,2,4,Going straight,Male,Under 18,3,Driving carelessly,Slight Injury,Owner,1-2yr,Normal,Not a Pedestrian,Slight Injury
21:15:00,Sunday,18-30,Male,2-5yr,Automobile,Residential areas,Asphalt roads,Dry,Normal,Darkness - lights lit,Vehicle with vehicle collision,2,4,Turnover,na,No Casualty,na,Changing lane to the left,Slight Injury,Owner,Above 10yr,Normal,Not a Pedestrian,No Casualty
16:32:00,Monday,18-30,Male,Below 1yr,Automobile,Other,Asphalt roads,Dry,Normal,Daylight,Vehicle with vehicle collision,3,1,Going straight,Female,31-50,3,No distancing,Slight Injury,Owner,Unknown,No Casualty,Not a Pedestrian,Slight Injury
16:32:00,Monday,31-50,Unknown,Below 1yr,Long lorry,Other,Asphalt roads,Dry,Normal,Daylight,Vehicle with vehicle collision,3,1,Going straight,Male,31-50,3,Changing lane to the right,Slight Injury,Owner,Unknown,No Casualty,Not a Pedestrian,Slight Injury
16:32:00,Monday,Over 51,Male,2-5yr,Long lorry,Other,Asphalt roads,Dry,Normal,Daylight,Vehicle with vehicle collision,3,1,Unknown,na,No Casualty,na,Driving under the influence of drugs,Slight Injury,Owner,5-10yrs,Normal,Not a Pedestrian,No Casualty
15:30:00,Friday,31-50,Male,Below 1yr,Automobile,Other,Asphalt roads,Wet or damp,Normal,Daylight,Vehicle with vehicle collision,2,1,Going straight,na,No Casualty,na,No distancing,Slight Injury,Owner,Unknown,Normal,Not a Pedestrian,No Casualty
15:30:00,Friday,31-50,Male,Below 1yr,Stationwagen,Other,Asphalt roads,Wet or damp,Normal,Daylight,Vehicle with vehicle collision,2,1,Going straight,Male,Under 18,3,Overturning,Slight Injury,Owner,2-5yrs,Normal,Not a Pedestrian,Slight Injury
14:45:00,Friday,Over 51,Male,5-10yr,Automobile,School areas,Asphalt roads,Dry,Normal,Daylight,Vehicle with vehicle collision,1,1,Going straight,Female,31-50,3,No distancing,Slight Injury,Owner,Unknown,Normal,Not a Pedestrian,Slight Injury
19:30:00,Wednesday,31-50,Male,5-10yr,Other,Office areas,Asphalt roads,Dry,Normal,Daylight,Vehicle with vehicle collision,2,2,Going straight,Male,18-30,3,Changing lane to the right,Slight Injury,Owner,Unknown,Normal,Not a Pedestrian,Slight Injury
19:30:00,Wednesday,Over 51,Male,Below 1yr,Special vehicle,Office areas,Asphalt roads,Dry,Normal,Daylight,Vehicle with vehicle collision,2,2,Reversing,Female,31-50,3,No priority to vehicle,Slight Injury,Owner,Unknown,Normal,Not a Pedestrian,Slight Injury
16:56:00,Friday,Over 51,Male,Below 1yr,Lorry (41-100Q),Office areas,Asphalt roads,Wet or damp,Normal,Daylight,Vehicle with vehicle collision,1,1,Going straight,Female,31-50,3,Changing lane to the right,Slight Injury,Owner,5-10yrs,Normal,Not a Pedestrian,Slight Injury
17:50:00,Monday,18-30,Unknown,1-2yr,Pick up upto 10Q,School areas,Asphalt roads,Dry,Normal,Daylight,Vehicle with vehicle collision,2,1,Moving Backward,Female,31-50,3,Changing lane to the left,Slight Injury,Owner,Unknown,Normal,Not a Pedestrian,Slight Injury
17:50:00,Monday,18-30,Male,Above 10yr,Lorry (11-40Q),School areas,Asphalt roads,Dry,Normal,Daylight,Vehicle with vehicle collision,2,1,Going straight,na,No Casualty,na,No distancing,Slight Injury,Governmental,Unknown,Normal,Not a Pedestrian,No Casualty
09:04:00,Tuesday,31-50,Male,Above 10yr,Lorry (41-100Q),Office areas,Asphalt roads,Dry,Normal,Daylight,Vehicle with vehicle collision,2,1,Going straight,Female,18-30,3,No priority to pedestrian,Serious Injury,Owner,Unknown,Normal,Not a Pedestrian,Slight Injury
09:04:00,Tuesday,Over 51,Male,Below 1yr,Motorcycle,Office areas,Asphalt roads,Dry,Normal,Daylight,Collision with roadside objects,2,1,Going straight,na,No Casualty,na,Driving carelessly,Serious Injury,Owner,Unknown,Normal,Not a Pedestrian,No Casualty
10:40:00,Thursday,Over 51,Male,2-5yr,Automobile,School areas,Asphalt roads,Dry,Normal,Daylight,Vehicle with vehicle collision,2,1,Going straight,na,No Casualty,na,No distancing,Slight Injury,Governmental,Above 10yr,Normal,Not a Pedestrian,No Casualty
10:40:00,Thursday,Over 51,Male,2-5yr,Automobile,Other,Asphalt roads,Dry,Normal,Daylight,Vehicle with vehicle collision,2,1,Going straight,Male,18-30,3,Driving carelessly,Slight Injury,Owner,1-2yr,Normal,Not a Pedestrian,Slight Injury
21:15:00,Thursday,18-30,Male,Above 10yr,Automobile,Other,Asphalt roads,Dry,Normal,Darkness - lights lit,Vehicle with vehicle collision,2,1,Turnover,Female,18-30,3,Driving carelessly,Slight Injury,Owner,Above 10yr,Normal,Not a Pedestrian,Slight Injury
21:15:00,Thursday,18-30,Male,2-5yr,Stationwagen,Other,Asphalt roads,Dry,Normal,Darkness - lights lit,Vehicle with vehicle collision,2,1,Going straight,na,No Casualty,na,Moving Backward,Slight Injury,Owner,Below 1yr,Normal,Not a Pedestrian,No Casualty
16:00:00,Friday,Under 18,Male,2-5yr,Automobile,Other,Asphalt roads,Dry,Normal,Daylight,Collision with pedestrians,3,1,Going straight,na,No Casualty,na,Overtaking,Serious Injury,Owner,Above 10yr,Normal,Not a Pedestrian,No Casualty
16:00:00,Friday,18-30,Male,1-2yr,Public (> 45 seats),Residential areas,Asphalt roads,Dry,Normal,Daylight,Vehicle with vehicle collision,3,1,Moving Backward,Female,18-30,3,No priority to vehicle,Serious Injury,Owner,Unknown,Normal,Not a Pedestrian,Slight Injury
16:00:00,Friday,31-50,Male,5-10yr,Public (> 45 seats),Other,Asphalt roads,Dry,Normal,Daylight,Vehicle with vehicle collision,3,1,Going straight,na,No Casualty,na,No priority to vehicle,Serious Injury,Governmental,1-2yr,Normal,Not a Pedestrian,No Casualty
19:30:00,Friday,18-30,Male,Below 1yr,Stationwagen,Other,Asphalt roads,Dry,Normal,Daylight,Vehicle with vehicle collision,3,1,Going straight,Male,Over 51,2,Changing lane to the left,Slight Injury,Owner,1-2yr,Normal,Not a Pedestrian,Serious Injury
19:30:00,Friday,18-30,Male,Below 1yr,Automobile,Industrial areas,Asphalt roads,Dry,Normal,Daylight,Vehicle with vehicle collision,3,1,Going straight,na,No Casualty,na,No priority to vehicle,Slight Injury,Owner,Unknown,No Casualty,Not a Pedestrian,No Casualty
19:30:00,Friday,18-30,Male,5-10yr,Bicycle,Recreational areas,Asphalt roads,Dry,Normal,Daylight,Vehicle with vehicle collision,3,1,Other,Female,Over 51,3,No distancing,Slight Injury,Owner,Unknown,No Casualty,Not a Pedestrian,Slight Injury
09:32:00,Sunday,31-50,Male,Below 1yr,Automobile,Church areas,Asphalt roads,Dry,Normal,Daylight,Vehicle with vehicle collision,2,1,Going straight,Female,Under 18,3,Moving Backward,Slight Injury,Owner,Above 10yr,Normal,Crossing from driver's nearside,Slight Injury
09:32:00,Sunday,18-30,Male,1-2yr,Lorry (41-100Q),Office areas,Asphalt roads,Dry,Normal,Daylight,Vehicle with vehicle collision,2,1,Going straight,Male,18-30,3,Changing lane to the right,Slight Injury,Owner,Unknown,Normal,Not a Pedestrian,Slight Injury
11:19:00,Wednesday,Over 51,Male,2-5yr,Automobile,Other,Asphalt roads,Dry,Normal,Daylight,Vehicle with vehicle collision,1,2,Turnover,na,No Casualty,na,No distancing,Slight Injury,Owner,Unknown,Normal,Not a Pedestrian,No Casualty
11:19:00,Wednesday,Over 51,Male,1-2yr,Public (13-45 seats),Office areas,Asphalt roads,Dry,Normal,Daylight,Collision with pedestrians,1,2,Moving Backward,Male,18-30,3,Overtaking,Slight Injury,Owner,Unknown,Normal,Not a Pedestrian,Slight Injury
08:05:00,Friday,31-50,Unknown,5-10yr,Special vehicle,Office areas,Asphalt roads,Dry,Normal,Daylight,Vehicle with vehicle collision,1,1,Going straight,Male,18-30,3,No distancing,Slight Injury,Owner,Unknown,Normal,Not a Pedestrian,Slight Injury
06:26:00,Friday,18-30,Male,Below 1yr,Automobile,Other,Asphalt roads,Wet or damp,Normal,Daylight,Vehicle with vehicle collision,1,2,Going straight,na,No Casualty,na,Changing lane to the left,Slight Injury,Owner,Unknown,Normal,Not a Pedestrian,No Casualty
06:26:00,Friday,18-30,Male,Above 10yr,Public (13-45 seats),Residential areas,Asphalt roads,Wet or damp,Normal,Daylight,Vehicle with vehicle collision,1,2,Going straight,Male,18-30,3,Driving under the influence of drugs,Slight Injury,Owner,Above 10yr,Normal,Not a Pedestrian,Slight Injury
09:20:00,Thursday,18-30,Male,5-10yr,Automobile,Office areas,Asphalt roads,Dry,Normal,Daylight,Vehicle with vehicle collision,2,1,Reversing,Male,18-30,3,No distancing,Serious Injury,Owner,Above 10yr,Normal,Not a Pedestrian,Slight Injury
09:20:00,Thursday,18-30,Unknown,Below 1yr,Lorry (41-100Q),Residential areas,Asphalt roads,Dry,Normal,Daylight,Collision with roadside objects,2,1,Going straight,Male,Over 51,3,No distancing,Serious Injury,Owner,Above 10yr,Normal,Not a Pedestrian,Slight Injury
09:25:00,Friday,31-50,Male,5-10yr,Lorry (41-100Q),School areas,Asphalt roads,Dry,Normal,Daylight,Vehicle with vehicle collision,2,1,Going straight,Male,Under 18,3,Changing lane to the right,Slight Injury,Owner,Unknown,Normal,Not a Pedestrian,Slight Injury
09:25:00,Friday,31-50,Male,5-10yr,Public (12 seats),Office areas,Asphalt roads,Dry,Normal,Daylight,Vehicle with vehicle collision,2,1,Going straight,na,No Casualty,na,Changing lane to the left,Slight Injury,Owner,Above 10yr,No Casualty,Not a Pedestrian,No Casualty
17:50:00,Monday,Over 51,Male,2-5yr,Lorry (41-100Q),Other,Asphalt roads,Dry,Normal,Daylight,Vehicle with vehicle collision,2,1,Parked,Male,Under 18,2,Moving Backward,Slight Injury,Owner,5-10yrs,Normal,Not a Pedestrian,Serious Injury
17:50:00,Monday,31-50,Unknown,Above 10yr,Lorry (41-100Q),Other,Asphalt roads,Dry,Normal,Daylight,Vehicle with vehicle collision,2,1,Going straight,na,No Casualty,na,No distancing,Slight Injury,Owner,Above 10yr,Normal,Not a Pedestrian,No Casualty
16:02:00,Sunday,31-50,Male,5-10yr,Public (12 seats),Church areas,Asphalt roads,Dry,Normal,Daylight,Vehicle with vehicle collision,2,1,Going straight,Female,18-30,3,No distancing,Slight Injury,Owner,Above 10yr,Normal,Not a Pedestrian,Slight Injury
16:02:00,Sunday,Under 18,Male,1-2yr,Public (> 45 seats),Office areas,Asphalt roads,Dry,Normal,Daylight,Vehicle with vehicle collision,2,1,Unknown,Male,18-30,3,Driving carelessly,Slight Injury,Owner,Unknown,Normal,Not a Pedestrian,Slight Injury
15:36:00,Tuesday,31-50,Male,5-10yr,Automobile,Other,Asphalt roads,Dry,Normal,Daylight,Vehicle with vehicle collision,2,1,Going straight,Male,Under 18,3,Moving Backward,Serious Injury,Owner,Unknown,Normal,Not a Pedestrian,Slight Injury
15:36:00,Tuesday,Under 18,Male,2-5yr,Pick up upto 10Q,Office areas,Asphalt roads,Dry,Normal,Daylight,Collision with roadside objects,2,1,Going straight,Male,Over 51,3,No distancing,Serious Injury,Owner,Unknown,Normal,Not a Pedestrian,Slight Injury
20:46:00,Friday,18-30,Male,Below 1yr,Stationwagen,Office areas,Asphalt roads,Dry,Normal,Darkness - lights lit,Vehicle with vehicle collision,2,2,Stopping,Female,Under 18,3,Changing lane to the right,Slight Injury,Owner,Unknown,No Casualty,Not a Pedestrian,Slight Injury
20:46:00,Friday,18-30,Male,Below 1yr,Other,Office areas,Asphalt roads,Dry,Normal,Darkness - lights lit,Vehicle with vehicle collision,2,2,Going straight,Male,31-50,3,Driving carelessly,Slight Injury,Owner,Above 10yr,Normal,Not a Pedestrian,Slight Injury
07:25:00,Wednesday,31-50,Male,5-10yr,Automobile,Church areas,Asphalt roads,Dry,Normal,Daylight,Vehicle with vehicle collision,2,1,Overtaking,Female,Over 51,3,Driving to the left,Slight Injury,Owner,Above 10yr,Normal,Not a Pedestrian,Slight Injury
07:25:00,Wednesday,Under 18,Male,5-10yr,Automobile,Office areas,Asphalt roads,Dry,Normal,Daylight,Vehicle with vehicle collision,2,1,Going straight,na,No Casualty,na,Changing lane to the right,Slight Injury,Owner,Above 10yr,No Casualty,Not a Pedestrian,No Casualty
19:58:00,Sunday,Over 51,Male,1-2yr,Stationwagen,Other,Asphalt roads,Dry,Normal,Darkness - lights lit,Rollover,1,1,Reversing,Male,18-30,2,Driving carelessly,Slight Injury,Owner,5-10yrs,No Casualty,Not a Pedestrian,Serious Injury
06:50:00,Wednesday,31-50,Male,5-10yr,Pick up upto 10Q,Other,Asphalt roads,Wet or damp,Rain,Darkness - no lighting,Vehicle with vehicle collision,2,1,Going straight,na,No Casualty,na,Changing lane to the right,Slight Injury,Owner,Unknown,Normal,Not a Pedestrian,No Casualty
06:50:00,Wednesday,Under 18,Male,Above 10yr,Lorry (41-100Q),Church areas,Asphalt roads with some distress,Wet or damp,Rain,Darkness - no lighting,Vehicle with vehicle collision,2,1,Going straight,na,No Casualty,na,No priority to vehicle,Slight Injury,Owner,5-10yrs,Normal,Not a Pedestrian,No Casualty
12:08:00,Friday,18-30,Male,1-2yr,Automobile,School areas,Asphalt roads,Dry,Normal,Daylight,Collision with roadside objects,3,2,Unknown,Female,31-50,3,Changing lane to the right,Slight Injury,Owner,1-2yr,No Casualty,Not a Pedestrian,Slight Injury
12:08:00,Friday,18-30,Unknown,5-10yr,Automobile,Church areas,Asphalt roads,Dry,Normal,Daylight,Vehicle with vehicle collision,3,2,Going straight,Female,Under 18,2,Turnover,Slight Injury,Owner,Unknown,No Casualty,Not a Pedestrian,Serious Injury
12:08:00,Friday,Over 51,Male,Above 10yr,Lorry (41-100Q),Office areas,Asphalt roads,Dry,Normal,Daylight,Vehicle with vehicle collision,3,2,Moving Backward,Male,18-30,2,No priority to vehicle,Slight Injury,Owner,Above 10yr,Normal,Not a Pedestrian,Serious Injury
18:40:00,Tuesday,31-50,Male,2-5yr,Lorry (41-100Q),Other,Asphalt roads,Dry,Normal,Daylight,Vehicle with vehicle collision,2,1,Going straight,Female,18-30,3,Overspeed,Serious Injury,Owner,2-5yrs,Normal,Not a Pedestrian,Slight Injury
18:40:00,Tuesday,Over 51,Male,5-10yr,Lorry (41-100Q),Church areas,Gravel roads,Dry,Normal,Daylight,Collision with roadside objects,2,1,Moving Backward,Female,Over 51,3,No distancing,Serious Injury,Owner,Above 10yr,No Casualty,Not a Pedestrian,Slight Injury
11:43:00,Sunday,Under 18,Male,Below 1yr,Pick up upto 10Q,Other,Asphalt roads,Dry,Normal,Daylight,Collision with roadside objects,2,1,Going straight,Female,31-50,3,No distancing,Slight Injury,Governmental,1-2yr,No Casualty,Not a Pedestrian,Slight Injury
11:43:00,Sunday,Over 51,Male,5-10yr,Pick up upto 10Q,Other,Asphalt roads,Dry,Normal,Daylight,Vehicle with vehicle collision,2,1,Going straight,Female,Over 51,3,Driving carelessly,Slight Injury,Governmental,Above 10yr,Normal,Not a Pedestrian,Slight Injury
12:00:00,Friday,18-30,Male,Above 10yr,Automobile,Office areas,Asphalt roads,Dry,Normal,Daylight,Vehicle with vehicle collision,2,1,Unknown,na,No Casualty,na,Driving carelessly,Slight Injury,Organization,5-10yrs,Normal,Not a Pedestrian,No Casualty
12:00:00,Friday,18-30,Unknown,5-10yr,Other,Other,Asphalt roads,Dry,Normal,Daylight,Collision with roadside objects,2,1,Going straight,Male,Under 18,2,Moving Backward,Slight Injury,Organization,Above 10yr,No Casualty,Not a Pedestrian,Serious Injury
08:58:00,Friday,31-50,Unknown,1-2yr,Automobile,Other,Asphalt roads,Dry,Normal,Daylight,Collision with roadside objects,1,1,Going straight,Female,18-30,3,No distancing,Serious Injury,Owner,2-5yrs,No Casualty,Not a Pedestrian,Slight Injury
08:20:00,Thursday,18-30,Male,5-10yr,Automobile,Residential areas,Asphalt roads,Dry,Rain,Daylight,Vehicle with vehicle collision,1,1,Going straight,Male,18-30,2,Changing lane to the right,Slight Injury,Governmental,Unknown,Normal,Not a Pedestrian,Serious Injury
23:10:00,Friday,18-30,Male,1-2yr,Motorcycle,Office areas,Asphalt roads,Dry,Normal,Darkness - lights lit,Vehicle with vehicle collision,2,1,Turnover,Male,18-30,3,Overtaking,Slight Injury,Owner,2-5yrs,Normal,Not a Pedestrian,Slight Injury
23:10:00,Friday,31-50,Male,1-2yr,Automobile,Church areas,Asphalt roads,Dry,Normal,Darkness - lights lit,Vehicle with vehicle collision,2,1,Going straight,Female,18-30,3,No distancing,Slight Injury,Owner,2-5yrs,Normal,Not a Pedestrian,Slight Injury
22:30:00,Sunday,18-30,Male,1-2yr,Automobile,Other,Asphalt roads,Dry,Normal,Darkness - lights lit,Collision with roadside objects,2,5,Going straight,Female,31-50,3,Overtaking,Slight Injury,Owner,1-2yr,Normal,Not a Pedestrian,Slight Injury
22:30:00,Sunday,18-30,Male,5-10yr,Public (12 seats),Market areas,Asphalt roads,Dry,Normal,Darkness - lights lit,Vehicle with vehicle collision,2,5,Going straight,Female,Under 18,3,Moving Backward,Slight Injury,Owner,Above 10yr,No Casualty,Not a Pedestrian,Slight Injury
22:30:00,Sunday,18-30,Male,5-10yr,Long lorry,Other,Asphalt roads,Dry,Normal,Darkness - lights lit,Vehicle with vehicle collision,2,5,Reversing,na,No Casualty,na,No distancing,Slight Injury,Owner,Above 10yr,No Casualty,Not a Pedestrian,No Casualty
22:30:00,Sunday,Over 51,Male,5-10yr,Automobile,Other,Asphalt roads,Dry,Normal,Darkness - lights lit,Vehicle with vehicle collision,2,5,Getting off,na,No Casualty,na,No distancing,Slight Injury,Owner,Unknown,Normal,Not a Pedestrian,No Casualty
22:30:00,Sunday,Over 51,Male,Below 1yr,Automobile,Church areas,Asphalt roads,Dry,Normal,Darkness - lights lit,Rollover,2,5,Going straight,Male,Under 18,3,No priority to vehicle,Slight Injury,Owner,Unknown,Normal,Not a Pedestrian,Slight Injury
17:45:00,Tuesday,31-50,Male,Above 10yr,Public (> 45 seats),Residential areas,Asphalt roads,Dry,Normal,Daylight,Vehicle with vehicle collision,3,1,Getting off,na,No Casualty,na,No priority to vehicle,Slight Injury,Governmental,1-2yr,Normal,Not a Pedestrian,No Casualty