Time,Day_of_week,Age_band_of_driver,Sex_of_driver,Driving_experience,Type_of_vehicle,Area_accident_occured,Road_surface_type,Road_surface_conditions,Weather_conditions,Light_conditions,Type_of_collision,Number_of_vehicles_involved,Number_of_casualties,Vehicle_movement,Sex_of_casualty,Age_band_of_casualty,Casualty_severity,Cause_of_accident,Accident_severity,Owner_of_vehicle,Service_year_of_vehicle,Fitness_of_casuality,Pedestrian_movement,Casualty_severity_label
17:45:00,Tuesday,18-30,Female,5-10yr,Pick up upto 10Q,Other,Asphalt roads,Dry,Normal,Daylight,Vehicle with vehicle collision,3,1,Going straight,Male,18-30,3,Changing lane to the left,Slight Injury,Owner,Unknown,Normal,Not a Pedestrian,Slight Injury
17:45:00,Tuesday,18-30,Female,Below 1yr,Lorry (41-100Q),Other,Asphalt roads,Dry,Normal,Daylight,Collision with pedestrians,3,1,Going straight,na,No Casualty,na,No distancing,Slight Injury,Owner,Unknown,Normal,Not a Pedestrian,No Casualty
14:30:00,Sunday,31-50,Male,Above 10yr,Automobile,Other,Asphalt roads,Dry,Normal,Daylight,Vehicle with vehicle collision,2,1,Going straight,Male,18-30,2,Driving under the influence of drugs,Slight Injury,Owner,Unknown,Normal,Not a Pedestrian,Serious Injury
14:30:00,Sunday,Under 18,Male,5-10yr,Public (13-45 seats),Recreational areas,Asphalt roads,Dry,Normal,Daylight,Vehicle with vehicle collision,2,1,Going straight,Male,Over 51,2,Changing lane to the left,Slight Injury,Owner,Unknown,Normal,Not a Pedestrian,Serious Injury
06:10:00,Friday,18-30,Male,Above 10yr,Automobile,Recreational areas,Asphalt roads,Wet or damp,Normal,Darkness - lights lit,Vehicle with vehicle collision,2,1,Going straight,na,No Casualty,na,Changing lane to the right,Serious Injury,Owner,Unknown,Normal,Not a Pedestrian,No Casualty
06:10:00,Friday,18-30,Male,5-10yr,Public (> 45 seats),Other,Asphalt roads,Wet or damp,Normal,Darkness - lights lit,Vehicle with vehicle collision,2,1,Going straight,Female,31-50,3,Driving to the left,Serious Injury,Owner,Unknown,Normal,Not a Pedestrian,Slight Injury
22:10:00,Wednesday,31-50,Male,1-2yr,Public (12 seats),Office areas,Earth roads,Wet or damp,Rain,Darkness - lights lit,Collision with roadside objects,2,1,Going straight,Female,18-30,3,Overspeed,Slight Injury,Organization,1-2yr,No Casualty,Not a Pedestrian,Slight Injury
22:10:00,Wednesday,31-50,Male,1-2yr,Automobile,Residential areas,Asphalt roads,Wet or damp,Rain,Darkness - lights lit,Vehicle with vehicle collision,2,1,Going straight,Male,18-30,3,Overtaking,Slight Injury,Owner,2-5yrs,Normal,Not a Pedestrian,Slight Injury
19:00:00,Tuesday,Over 51,Male,1-2yr,Lorry (41-100Q),Other,Asphalt roads,Dry,Normal,Darkness - lights lit,Vehicle with vehicle collision,2,1,Going straight,na,No Casualty,na,Changing lane to the right,Slight Injury,Owner,2-5yrs,Normal,Not a Pedestrian,No Casualty
19:00:00,Tuesday,31-50,Male,2-5yr,Automobile,Residential areas,Asphalt roads,Dry,Normal,Darkness - lights lit,Vehicle with vehicle collision,2,1,Moving Backward,Female,31-50,3,Changing lane to the right,Slight Injury,Owner,1-2yr,Normal,Not a Pedestrian,Slight Injury
18:25:00,Wednesday,18-30,Unknown,Above 10yr,Pick up upto 10Q,Church areas,Asphalt roads,Wet or damp,Normal,Darkness - lights lit,Vehicle with vehicle collision,1,1,Going straight,Female,18-30,3,Moving Backward,Slight Injury,Owner,Unknown,Normal,Not a Pedestrian,Slight Injury
17:11:00,Sunday,31-50,Male,2-5yr,Public (12 seats),Other,Asphalt roads,Dry,Normal,Daylight,Collision with roadside objects,2,1,Going straight,Male,18-30,3,Moving Backward,Slight Injury,Owner,2-5yrs,No Casualty,Not a Pedestrian,Slight Injury
17:11:00,Sunday,31-50,Male,Above 10yr,Automobile,Office areas,Asphalt roads,Dry,Normal,Daylight,Vehicle with vehicle collision,2,1,Going straight,Female,18-30,3,Changing lane to the left,Slight Injury,Owner,5-10yrs,Normal,Not a Pedestrian,Slight Injury
17:10:00,Thursday,31-50,Male,2-5yr,Automobile,Other,Asphalt roads,Wet or damp,Normal,Darkness - lights lit,Collision with roadside objects,2,3,Going straight,Male,18-30,3,Moving Backward,Slight Injury,Owner,2-5yrs,No Casualty,Not a Pedestrian,Slight Injury
17:10:00,Thursday,31-50,Male,5-10yr,Automobile,Recreational areas,Asphalt roads,Wet or damp,Normal,Darkness - lights lit,Vehicle with vehicle collision,2,3,Going straight,Male,18-30,3,No distancing,Slight Injury,Owner,Unknown,Normal,Not a Pedestrian,Slight Injury
17:10:00,Thursday,Over 51,Male,1-2yr,Stationwagen,Other,Asphalt roads,Wet or damp,Normal,Darkness - lights lit,Rollover,2,3,Going straight,Female,Under 18,3,Moving Backward,Slight Injury,Owner,Unknown,Normal,Not a Pedestrian,Slight Injury
17:50:00,Friday,18-30,Male,5-10yr,Other,Office areas,Asphalt roads with some distress,Dry,Normal,Darkness - lights lit,Vehicle with vehicle collision,2,1,Going straight,na,No Casualty,na,Changing lane to the right,Slight Injury,Owner,1-2yr,Normal,Not a Pedestrian,No Casualty
17:50:00,Friday,Under 18,Male,1-2yr,Other,Residential areas,Asphalt roads,Dry,Normal,Darkness - lights lit,Vehicle with vehicle collision,2,1,Going straight,Female,31-50,2,Changing lane to the left,Slight Injury,Governmental,Unknown,Normal,Not a Pedestrian,Serious Injury
08:25:00,Monday,18-30,Female,Above 10yr,Other,Office areas,Asphalt roads,Wet or damp,Rain & Wind,Daylight,Vehicle with vehicle collision,1,1,Going straight,na,No Casualty,na,No priority to vehicle,Slight Injury,Owner,Unknown,Normal,Not a Pedestrian,No Casualty
13:00:00,Tuesday,18-30,Male,1-2yr,Public (13-45 seats),Office areas,Asphalt roads,Dry,Normal,Daylight,Vehicle with vehicle collision,2,1,Going straight,Male,31-50,3,No distancing,Slight Injury,Owner,Unknown,Normal,Not a Pedestrian,Slight Injury
13:00:00,Tuesday,Under 18,Male,1-2yr,Lorry (41-100Q),Church areas,Asphalt roads,Dry,Normal,Daylight,Vehicle with vehicle collision,2,1,Going straight,Female,31-50,3,No priority to vehicle,Slight Injury,Owner,Unknown,Normal,Not a Pedestrian,Slight Injury
23:45:00,Friday,18-30,Female,2-5yr,Public (12 seats),Church areas,Asphalt roads,Wet or damp,Rain,Darkness - lights lit,Collision with pedestrians,3,1,Going straight,Male,18-30,3,Driving under the influence of drugs,Slight Injury,Owner,Unknown,Normal,Not a Pedestrian,Slight Injury
23:45:00,Friday,18-30,Male,1-2yr,Automobile,Residential areas,Asphalt roads,Wet or damp,Rain,Darkness - lights lit,Rollover,3,1,Going straight,na,No Casualty,na,Changing lane to the right,Slight Injury,Owner,Unknown,No Casualty,Not a Pedestrian,No Casualty
23:45:00,Friday,18-30,Female,1-2yr,Automobile,Other,Asphalt roads,Wet or damp,Rain,Darkness - lights lit,Vehicle with vehicle collision,3,1,Going straight,Male,18-30,2,No distancing,Slight Injury,Owner,Unknown,Normal,Not a Pedestrian,Serious Injury
20:50:00,Tuesday,31-50,Male,Above 10yr,Stationwagen,Other,Asphalt roads,Dry,Normal,Darkness - lights lit,Rollover,2,1,Going straight,Female,Under 18,3,No distancing,Slight Injury,Owner,Unknown,Normal,Crossing from driver's nearside,Slight Injury
20:50:00,Tuesday,18-30,Unknown,Above 10yr,Lorry (41-100Q),Other,Asphalt roads,Dry,Normal,Darkness - lights lit,Unknown,2,1,Going straight,Male,Under 18,2,Changing lane to the left,Slight Injury,Owner,Unknown,Normal,Not a Pedestrian,Serious Injury
10:54:00,Friday,31-50,Male,Above 10yr,Lorry (41-100Q),Residential areas,Asphalt roads,Dry,Normal,Daylight,Vehicle with vehicle collision,1,1,Going straight,na,No Casualty,na,Changing lane to the right,Slight Injury,Owner,2-5yrs,Normal,Not a Pedestrian,No Casualty
16:50:00,Monday,18-30,Male,Above 10yr,Lorry (41-100Q),Office areas,Asphalt roads,Wet or damp,Normal,Darkness - lights lit,Vehicle with vehicle collision,2,2,Reversing,Female,Over 51,2,Changing lane to the right,Slight Injury,Owner,Unknown,No Casualty,Unknown or other,Serious Injury
16:50:00,Monday,Over 51,Male,1-2yr,Public (> 45 seats),Residential areas,Asphalt roads,Wet or damp,Normal,Darkness - lights lit,Fall from vehicles,2,2,Going straight,Female,31-50,2,Driving under the influence of drugs,Slight Injury,Owner,Unknown,Normal,"Walking along in carriageway, facing traffic",Serious Injury
16:50:00,Monday,Over 51,Male,5-10yr,Public (12 seats),Other,Asphalt roads,Wet or damp,Normal,Darkness - lights lit,Vehicle with vehicle collision,2,2,Going straight,na,No Casualty,na,Moving Backward,Slight Injury,Owner,Unknown,Normal,Not a Pedestrian,No Casualty
18:30:00,Sunday,Over 51,Male,2-5yr,Other,Other,Asphalt roads,Wet or damp,Normal,Darkness - lights lit,Collision with roadside objects,2,5,Going straight,Male,31-50,3,Changing lane to the left,Slight Injury,Owner,Unknown,No Casualty,Not a Pedestrian,Slight Injury
18:30:00,Sunday,Over 51,Male,2-5yr,Public (12 seats),Recreational areas,Asphalt roads,Wet or damp,Normal,Darkness - lights lit,Vehicle with vehicle collision,2,5,Unknown,Male,18-30,3,No priority to pedestrian,Slight Injury,Owner,Unknown,Normal,Not a Pedestrian,Slight Injury
18:30:00,Sunday,31-50,Male,5-10yr,Other,Church areas,Asphalt roads,Wet or damp,Normal,Darkness - lights lit,Vehicle with vehicle collision,2,5,Going straight,Male,Over 51,3,No distancing,Slight Injury,Owner,5-10yrs,Normal,Not a Pedestrian,Slight Injury
18:30:00,Sunday,31-50,Male,5-10yr,Public (12 seats),School areas,Asphalt roads,Wet or damp,Normal,Darkness - lights lit,Vehicle with vehicle collision,2,5,Going straight,na,No Casualty,na,No distancing,Slight Injury,Owner,Unknown,Normal,Not a Pedestrian,No Casualty
18:30:00,Sunday,31-50,Male,2-5yr,Stationwagen,Office areas,Asphalt roads,Wet or damp,Normal,Darkness - lights lit,Collision with pedestrians,2,5,Going straight,Male,18-30,3,Changing lane to the left,Slight Injury,Owner,2-5yrs,Normal,Not a Pedestrian,Slight Injury
15:50:00,Thursday,18-30,Female,Above 10yr,Automobile,Other,Asphalt roads,Wet or damp,Rain,Darkness - lights lit,Vehicle with vehicle collision,2,1,Going straight,na,No Casualty,na,Changing lane to the right,Slight Injury,Owner,1-2yr,No Casualty,Not a Pedestrian,No Casualty
15:50:00,Thursday,31-50,Male,5-10yr,Lorry (41-100Q),Residential areas,Asphalt roads,Wet or damp,Rain,Darkness - lights lit,Vehicle with vehicle collision,2,1,Going straight,Male,18-30,2,Driving carelessly,Slight Injury,Owner,5-10yrs,Normal,Not a Pedestrian,Serious Injury
15:40:00,Friday,Under 18,Male,Above 10yr,Special vehicle,Other,Asphalt roads,Wet or damp,Normal,Darkness - lights lit,Unknown,2,1,Going straight,na,No Casualty,na,No distancing,Slight Injury,Owner,Above 10yr,Normal,Not a Pedestrian,No Casualty
15:40:00,Friday,Over 51,Male,2-5yr,Lorry (41-100Q),Other,Asphalt roads,Wet or damp,Normal,Darkness - lights lit,Rollover,2,1,Unknown,na,No Casualty,na,Changing lane to the left,Slight Injury,Owner,1-2yr,Normal,Not a Pedestrian,No Casualty
07:50:00,Thursday,18-30,Male,2-5yr,Lorry (41-100Q),Office areas,Asphalt roads,Wet or damp,Normal,Daylight,Collision with roadside objects,2,1,Moving Backward,Male,18-30,3,Moving Backward,Serious Injury,Owner,2-5yrs,Normal,Not a Pedestrian,Slight Injury
07:50:00,Thursday,31-50,Male,2-5yr,Public (> 45 seats),Residential areas,Asphalt roads,Wet or damp,Normal,Daylight,Vehicle with vehicle collision,2,1,Going straight,Male,31-50,2,No distancing,Serious Injury,Owner,Unknown,Normal,Crossing from nearside - masked by parked or statioNot a Pedestrianry vehicle,Serious Injury
17:05:00,Monday,31-50,Male,1-2yr,Automobile,Other,Asphalt roads,Dry,Normal,Daylight,Vehicle with vehicle collision,1,1,Turnover,Female,18-30,2,No priority to pedestrian,Serious Injury,Owner,Unknown,Normal,Crossing from driver's nearside,Serious Injury
15:25:00,Monday,31-50,Male,5-10yr,Automobile,Residential areas,Asphalt roads,Wet or damp,Cloudy,Daylight,Collision with roadside objects,1,1,Turnover,Male,Under 18,3,Changing lane to the left,Slight Injury,Organization,2-5yrs,Normal,Crossing from driver's nearside,Slight Injury
09:45:00,Monday,Over 51,Male,2-5yr,Automobile,Church areas,Asphalt roads,Dry,Normal,Daylight,Vehicle with vehicle collision,2,2,Reversing,na,No Casualty,na,No distancing,Slight Injury,Owner,Unknown,Normal,Not a Pedestrian,No Casualty
09:45:00,Monday,Over 51,Male,1-2yr,Public (> 45 seats),Residential areas,Asphalt roads,Dry,Normal,Daylight,Vehicle with vehicle collision,2,2,Reversing,Male,31-50,3,Driving carelessly,Slight Injury,Governmental,Unknown,Normal,Not a Pedestrian,Slight Injury
09:45:00,Monday,18-30,Female,1-2yr,Lorry (11-40Q),Office areas,Asphalt roads,Dry,Normal,Daylight,Vehicle with vehicle collision,2,2,Reversing,Male,31-50,3,No priority to vehicle,Slight Injury,Owner,Unknown,Normal,Not a Pedestrian,Slight Injury
10:16:00,Friday,18-30,Male,5-10yr,Pick up upto 10Q,Residential areas,Asphalt roads,Wet or damp,Rain,Daylight,Rollover,1,1,Moving Backward,na,No Casualty,na,Changing lane to the right,Slight Injury,Governmental,Below 1yr,Normal,Not a Pedestrian,No Casualty
08:54:00,Thursday,Over 51,Male,5-10yr,Lorry (11-40Q),Other,Asphalt roads,Wet or damp,Other,Daylight,Rollover,1,1,Going straight,na,No Casualty,na,Moving Backward,Slight Injury,Owner,Unknown,Normal,Not a Pedestrian,No Casualty
13:00:00,Thursday,18-30,Male,1-2yr,Pick up upto 10Q,Industrial areas,Asphalt roads,Wet or damp,Rain,Daylight,Collision with pedestrians,2,1,Going straight,Male,18-30,3,No priority to vehicle,Serious Injury,Owner,Unknown,Normal,Not a Pedestrian,Slight Injury
13:00:00,Thursday,Under 18,Male,2-5yr,Special vehicle,Church areas,Asphalt roads,Wet or damp,Rain,Daylight,Unknown,2,1,Going straight,Male,31-50,3,No priority to pedestrian,Serious Injury,Owner,Unknown,Normal,Not a Pedestrian,Slight Injury
17:10:00,Wednesday,18-30,Male,5-10yr,Lorry (11-40Q),Residential areas,Asphalt roads,Wet or damp,Normal,Darkness - lights lit,Vehicle with vehicle collision,2,1,Going straight,Female,31-50,3,Changing lane to the left,Slight Injury,Owner,2-5yrs,Normal,Not a Pedestrian,Slight Injury
17:10:00,Wednesday,31-50,Male,5-10yr,Automobile,Other,Asphalt roads,Wet or damp,Normal,Darkness - lights lit,Vehicle with vehicle collision,2,1,Going straight,Male,18-30,2,Changing lane to the left,Slight Injury,Owner,Unknown,Normal,Not a Pedestrian,Serious Injury
21:00:00,Friday,18-30,Male,5-10yr,Automobile,Other,Asphalt roads,Wet or damp,Rain,Darkness - lights lit,Collision with pedestrians,1,1,Going straight,na,No Casualty,na,Driving under the influence of drugs,Slight Injury,Owner,Unknown,Normal,Not a Pedestrian,No Casualty
16:13:00,Wednesday,Under 18,Male,2-5yr,Lorry (41-100Q),Office areas,Asphalt roads,Wet or damp,Cloudy,Darkness - lights lit,Collision with pedestrians,2,1,Going straight,na,No Casualty,na,Moving Backward,Slight Injury,Owner,1-2yr,Normal,Not a Pedestrian,No Casualty
16:13:00,Wednesday,31-50,Male,Above 10yr,Other,Outside rural areas,Asphalt roads,Wet or damp,Cloudy,Darkness - lights lit,Vehicle with vehicle collision,2,1,Going straight,Male,18-30,3,Changing lane to the right,Slight Injury,Owner,Above 10yr,Normal,Not a Pedestrian,Slight Injury
17:20:00,Tuesday,18-30,Male,Above 10yr,Other,Church areas,Asphalt roads,Dry,Normal,Darkness - lights lit,Vehicle with vehicle collision,2,1,Going straight,na,No Casualty,na,Changing lane to the right,Slight Injury,Owner,Above 10yr,Normal,Not a Pedestrian,No Casualty
17:20:00,Tuesday,18-30,Male,5-10yr,Automobile,Office areas,Asphalt roads,Dry,Normal,Darkness - lights lit,Vehicle with vehicle collision,2,1,Turnover,Female,31-50,3,No distancing,Slight Injury,Owner,Unknown,Normal,Not a Pedestrian,Slight Injury
22:00:00,Friday,31-50,Male,Above 10yr,Other,Church areas,Asphalt roads,Wet or damp,Windy,Darkness - lights lit,Collision with roadside objects,1,1,Going straight,Female,31-50,3,Moving Backward,Slight Injury,Owner,Above 10yr,Normal,Not a Pedestrian,Slight Injury
07:58:00,Monday,18-30,Male,5-10yr,Automobile,Office areas,Asphalt roads,Wet or damp,Rain,Daylight,Unknown,2,1,Moving Backward,Female,18-30,3,No distancing,Slight Injury,Owner,Unknown,Normal,Not a Pedestrian,Slight Injury
07:58:00,Monday,18-30,Male,5-10yr,Public (13-45 seats),Office areas,Asphalt roads,Wet or damp,Rain,Daylight,Collision with roadside objects,2,1,Going straight,Male,18-30,2,Driving carelessly,Slight Injury,Governmental,Unknown,No Casualty,Not a Pedestrian,Serious Injury
20:16:00,Sunday,31-50,Male,Above 10yr,Lorry (41-100Q),School areas,Asphalt roads,Dry,Normal,Darkness - lights lit,Vehicle with vehicle collision,2,1,Going straight,Male,18-30,3,No priority to pedestrian,Slight Injury,Owner,1-2yr,No Casualty,Not a Pedestrian,Slight Injury
20:16:00,Sunday,18-30,Female,Above 10yr,Automobile,Residential areas,Asphalt roads,Dry,Normal,Darkness - lights lit,Vehicle with vehicle collision,2,1,Moving Backward,Male,Over 51,3,No priority to vehicle,Slight Injury,Owner,Below 1yr,Normal,Not a Pedestrian,Slight Injury
20:00:00,Friday,Over 51,Unknown,5-10yr,Automobile,Office areas,Asphalt roads,Wet or damp,Other,Darkness - lights lit,Collision with roadside objects,1,1,Going straight,Male,Over 51,3,Moving Backward,Slight Injury,Owner,Unknown,Normal,Not a Pedestrian,Slight Injury
18:40:00,Thursday,18-30,Unknown,5-10yr,Automobile,Rural village areas,Asphalt roads,Wet or damp,Windy,Darkness - lights lit,Vehicle with vehicle collision,1,1,Going straight,Male,31-50,3,Changing lane to the right,Slight Injury,Owner,Unknown,No Casualty,Not a Pedestrian,Slight Injury
16:31:00,Wednesday,31-50,Male,Above 10yr,Lorry (41-100Q),Other,Asphalt roads,Wet or damp,Rain,Darkness - lights lit,Vehicle with vehicle collision,1,1,Waiting to go,Male,31-50,3,No distancing,Slight Injury,Owner,Unknown,Normal,Not a Pedestrian,Slight Injury
18:45:00,Tuesday,18-30,Male,Below 1yr,Automobile,Residential areas,Asphalt roads,Wet or damp,Rain,Darkness - lights lit,Collision with roadside objects,2,1,Moving Backward,Male,18-30,3,Driving carelessly,Serious Injury,Owner,Unknown,No Casualty,Not a Pedestrian,Slight Injury
18:45:00,Tuesday,18-30,Male,2-5yr,Lorry (41-100Q),Office areas,Asphalt roads,Wet or damp,Rain,Darkness - lights lit,Collision with roadside objects,2,1,Moving Backward,Male,Under 18,2,Changing lane to the left,Serious Injury,Owner,Unknown,No Casualty,Crossing from nearside - masked by parked or statioNot a Pedestrianry vehicle,Serious Injury
15:16:00,Monday,18-30,Unknown,2-5yr,Taxi,Office areas,Asphalt roads,Wet or damp,Cloudy,Daylight,Vehicle with vehicle collision,1,1,Going straight,Male,18-30,3,Moving Backward,Slight Injury,Owner,Unknown,No Casualty,Not a Pedestrian,Slight Injury
18:35:00,Wednesday,Under 18,Unknown,5-10yr,Lorry (41-100Q),Residential areas,Asphalt roads,Wet or damp,Rain,Darkness - lights lit,Unknown,2,2,Unknown,Male,Over 51,3,No distancing,Slight Injury,Owner,Unknown,Normal,Not a Pedestrian,Slight Injury
18:35:00,Wednesday,18-30,Unknown,5-10yr,Lorry (41-100Q),Office areas,Asphalt roads,Wet or damp,Rain,Darkness - lights lit,Vehicle with vehicle collision,2,2,Going straight,na,No Casualty,na,Changing lane to the right,Slight Injury,Owner,Unknown,Normal,Not a Pedestrian,No Casualty
20:40:00,Tuesday,31-50,Male,Below 1yr,Other,Office areas,Asphalt roads,Wet or damp,Normal,Darkness - lights lit,Vehicle with vehicle collision,1,2,Going straight,Male,31-50,3,No priority to vehicle,Slight Injury,Owner,Unknown,Normal,Not a Pedestrian,Slight Injury
20:40:00,Tuesday,31-50,Male,Above 10yr,Stationwagen,Office areas,Asphalt roads,Wet or damp,Normal,Darkness - lights lit,Vehicle with vehicle collision,1,2,Going straight,Male,Under 18,3,Getting off the vehicle improperly,Slight Injury,Owner,Unknown,Normal,Not a Pedestrian,Slight Injury
17:34:00,Monday,31-50,Unknown,Below 1yr,Stationwagen,Office areas,Asphalt roads,Dry,Normal,Darkness - lights lit,Vehicle with vehicle collision,2,1,Moving Backward,Male,Under 18,3,No distancing,Slight Injury,Owner,Unknown,No Casualty,Not a Pedestrian,Slight Injury
17:34:00,Monday,18-30,Male,5-10yr,Lorry (41-100Q),Other,Asphalt roads,Dry,Normal,Darkness - lights lit,Vehicle with vehicle collision,2,1,Going straight,na,No Casualty,na,No distancing,Slight Injury,Owner,Unknown,Normal,Not a Pedestrian,No Casualty
20:20:00,Wednesday,18-30,Male,5-10yr,Lorry (41-100Q),Other,Asphalt roads,Wet or damp,Normal,Darkness - lights lit,Vehicle with vehicle collision,1,1,Going straight,Female,18-30,2,Changing lane to the left,Serious Injury,Owner,Unknown,No Casualty,Not a Pedestrian,Serious Injury
22:25:00,Friday,31-50,Male,5-10yr,Other,Other,Asphalt roads,Dry,Normal,Darkness - lights lit,Vehicle with vehicle collision,2,2,Going straight,Female,Over 51,3,No priority to vehicle,Slight Injury,Owner,2-5yrs,Normal,Not a Pedestrian,Slight Injury
22:25:00,Friday,31-50,Male,1-2yr,Automobile,Residential areas,Asphalt roads,Dry,Normal,Darkness - lights lit,Vehicle with vehicle collision,2,2,Going straight,Male,Under 18,3,Driving carelessly,Slight Injury,Owner,2-5yrs,Normal,Crossing from nearside - masked by parked or statioNot a Pedestrianry vehicle,Slight Injury
22:25:00,Friday,18-30,Male,5-10yr,Automobile,School areas,Asphalt roads,Dry,Normal,Darkness - lights lit,Unknown,2,2,Going straight,na,No Casualty,na,Changing lane to the right,Slight Injury,Owner,2-5yrs,Normal,Not a Pedestrian,No Casualty
15:10:00,Friday,Over 51,Male,5-10yr,Taxi,Residential areas,Asphalt roads,Wet or damp,Normal,Daylight,Vehicle with vehicle collision,1,1,Reversing,Female,31-50,3,No distancing,Slight Injury,Owner,2-5yrs,Normal,Not a Pedestrian,Slight Injury
17:10:00,Wednesday,31-50,Male,5-10yr,Lorry (41-100Q),Office areas,Asphalt roads,Dry,Normal,Darkness - lights lit,Vehicle with vehicle collision,2,1,Going straight,Male,Under 18,2,Changing lane to the right,Slight Injury,Owner,2-5yrs,Normal,Crossing from offside - masked by  parked or statioNot a Pedestrianry vehicle,Serious Injury
17:10:00,Wednesday,18-30,Male,5-10yr,Other,Church areas,Asphalt roads,Dry,Normal,Darkness - lights lit,Vehicle with vehicle collision,2,1,Going straight,na,No Casualty,na,No distancing,Slight Injury,Owner,Unknown,Normal,Not a Pedestrian,No Casualty
06:12:00,Friday,18-30,Male,Above 10yr,Automobile,Other,Asphalt roads,Wet or damp,Rain,Darkness - lights lit,Vehicle with vehicle collision,3,1,Going straight,Male,18-30,3,Driving under the influence of drugs,Slight Injury,Owner,Unknown,Normal,Not a Pedestrian,Slight Injury
06:12:00,Friday,Over 51,Unknown,5-10yr,Public (> 45 seats),Other,Asphalt roads,Wet or damp,Rain,Darkness - lights lit,Vehicle with vehicle collision,3,1,Going straight,Female,18-30,3,Changing lane to the left,Slight Injury,Owner,2-5yrs,Normal,Crossing from offside - masked by  parked or statioNot a Pedestrianry vehicle,Slight Injury
06:12:00,Friday,Over 51,Male,5-10yr,Stationwagen,Other,Asphalt roads,Wet or damp,Rain,Darkness - lights lit,Vehicle with vehicle collision,3,1,Going straight,Female,31-50,3,Getting off the vehicle improperly,Slight Injury,Owner,5-10yrs,Normal,Not a Pedestrian,Slight Injury
11:05:00,Thursday,Over 51,Male,Below 1yr,Automobile,Other,Asphalt roads,Wet or damp,Normal,Daylight,Vehicle with vehicle collision,2,1,Going straight,Female,18-30,3,Overloading,Serious Injury,Owner,Unknown,Normal,Not a Pedestrian,Slight Injury
11:05:00,Thursday,18-30,Male,5-10yr,Lorry (41-100Q),Office areas,Asphalt roads,Wet or damp,Normal,Daylight,Collision with roadside objects,2,1,Going straight,Male,Over 51,2,Driving carelessly,Serious Injury,Owner,Unknown,Normal,Not a Pedestrian,Serious Injury
17:43:00,Wednesday,18-30,Unknown,5-10yr,Other,Office areas,Asphalt roads,Dry,Normal,Darkness - lights lit,Vehicle with vehicle collision,2,2,Going straight,na,No Casualty,na,Overtaking,Slight Injury,Owner,Unknown,Normal,Not a Pedestrian,No Casualty
17:43:00,Wednesday,18-30,Male,5-10yr,Public (13-45 seats),Residential areas,Asphalt roads,Dry,Normal,Darkness - lights lit,Collision with pedestrians,2,2,Waiting to go,na,No Casualty,na,No distancing,Slight Injury,Owner,Unknown,Normal,Not a Pedestrian,No Casualty
17:43:00,Wednesday,18-30,Male,5-10yr,Other,Office areas,Asphalt roads,Dry,Normal,Darkness - lights lit,Unknown,2,2,Going straight,Male,31-50,2,Overturning,Slight Injury,Owner,Unknown,Normal,Not a Pedestrian,Serious Injury
17:00:00,Friday,31-50,Male,5-10yr,Other,Residential areas,Asphalt roads,Dry,Normal,Darkness - lights lit,Collision with roadside objects,1,1,Going straight,Male,18-30,3,Driving carelessly,Slight Injury,Owner,Unknown,Normal,Not a Pedestrian,Slight Injury
10:07:00,Monday,18-30,Male,2-5yr,Ridden horse,Office areas,Asphalt roads,Wet or damp,Rain,Daylight,Vehicle with vehicle collision,2,2,Going straight,Female,18-30,3,No priority to pedestrian,Slight Injury,Owner,Unknown,Normal,Not a Pedestrian,Slight Injury
10:07:00,Monday,Over 51,Male,5-10yr,Lorry (41-100Q),Other,Asphalt roads,Wet or damp,Rain,Daylight,Vehicle with vehicle collision,2,2,Going straight,Female,Under 18,3,No distancing,Slight Injury,Owner,Unknown,Normal,Not a Pedestrian,Slight Injury
10:40:00,Monday,31-50,Male,Above 10yr,Lorry (41-100Q),Office areas,Asphalt roads,Wet or damp,Rain,Daylight,Vehicle with vehicle collision,2,1,Going straight,na,No Casualty,na,No priority to vehicle,Slight Injury,Owner,Unknown,Normal,Not a Pedestrian,No Casualty
10:40:00,Monday,31-50,Male,1-2yr,Pick up upto 10Q,School areas,Asphalt roads,Wet or damp,Rain,Daylight,Vehicle with vehicle collision,2,1,Going straight,Male,18-30,3,Getting off the vehicle improperly,Slight Injury,Owner,Unknown,Normal,Not a Pedestrian,Slight Injury
18:40:00,Friday,18-30,Male,Below 1yr,Lorry (11-40Q),Residential areas,Asphalt roads,Wet or damp,Rain,Darkness - lights lit,Vehicle with vehicle collision,1,1,Going straight,Female,31-50,3,No priority to pedestrian,Serious Injury,Owner,Unknown,Normal,Not a Pedestrian,Slight Injury
17:55:00,Friday,18-30,Male,1-2yr,Automobile,Office areas,Asphalt roads,Wet or damp,Rain,Darkness - lights lit,Rollover,2,2,Going straight,Male,Over 51,3,Changing lane to the right,Slight Injury,Owner,Unknown,Normal,Not a Pedestrian,Slight Injury
17:55:00,Friday,18-30,Male,5-10yr,Automobile,Residential areas,Asphalt roads,Wet or damp,Rain,Darkness - lights lit,Collision with roadside objects,2,2,Going straight,na,No Casualty,na,Moving Backward,Slight Injury,Owner,Unknown,Normal,Not a Pedestrian,No Casualty
17:57:00,Friday,Over 51,Male,Above 10yr,Pick up upto 10Q,Office areas,Asphalt roads,Wet or damp,Rain,Darkness - no lighting,Vehicle with vehicle collision,1,1,Going straight,Male,Under 18,3,Changing lane to the left,Serious Injury,Owner,Above 10yr,Normal,Not a Pedestrian,Slight Injury