Time,Day_of_week,Age_band_of_driver,Sex_of_driver,Driving_experience,Type_of_vehicle,Area_accident_occured,Road_surface_type,Road_surface_conditions,Weather_conditions,Light_conditions,Type_of_collision,Number_of_vehicles_involved,Number_of_casualties,Vehicle_movement,Sex_of_casualty,Age_band_of_casualty,Casualty_severity,Cause_of_accident,Accident_severity,Owner_of_vehicle,Service_year_of_vehicle,Fitness_of_casuality,Pedestrian_movement,Casualty_severity_label
19:00:00,Thursday,18-30,Male,1-2yr,Automobile,School areas,Asphalt roads,Dry,Normal,Daylight,Collision with roadside objects,1,1,Going straight,Female,31-50,3,Driving to the left,Slight Injury,Owner,1-2yr,No Casualty,Not a Pedestrian,Slight Injury
10:31:00,Sunday,31-50,Male,5-10yr,Automobile,Church areas,Asphalt roads,Dry,Normal,Daylight,Vehicle with vehicle collision,2,1,Going straight,Male,18-30,3,Overtaking,Slight Injury,Owner,Unknown,No Casualty,Not a Pedestrian,Slight Injury
10:31:00,Sunday,31-50,Male,Above 10yr,Lorry (41-100Q),Office areas,Asphalt roads,Dry,Normal,Daylight,Vehicle with vehicle collision,2,1,Unknown,na,No Casualty,na,No priority to vehicle,Slight Injury,Owner,Above 10yr,Normal,Not a Pedestrian,No Casualty
12:37:00,Sunday,31-50,Unknown,2-5yr,Lorry (41-100Q),Other,Asphalt roads,Dry,Normal,Daylight,Vehicle with vehicle collision,2,3,Going straight,Male,Under 18,3,Moving Backward,Serious Injury,Owner,2-5yrs,Normal,Not a Pedestrian,Slight Injury
12:37:00,Sunday,31-50,Male,5-10yr,Lorry (41-100Q),Church areas,Gravel roads,Dry,Normal,Daylight,Collision with roadside objects,2,3,Moving Backward,Male,Over 51,2,Other,Serious Injury,Owner,Above 10yr,No Casualty,Not a Pedestrian,Serious Injury
12:37:00,Sunday,Over 51,Male,Below 1yr,Pick up upto 10Q,Other,Asphalt roads,Dry,Normal,Daylight,Collision with roadside objects,2,3,Going straight,na,No Casualty,na,No priority to vehicle,Serious Injury,Governmental,1-2yr,No Casualty,Not a Pedestrian,No Casualty
14:51:00,Sunday,18-30,Male,5-10yr,Pick up upto 10Q,Other,Asphalt roads,Dry,Normal,Daylight,Vehicle with vehicle collision,2,2,Moving Backward,na,No Casualty,na,No priority to pedestrian,Slight Injury,Governmental,Above 10yr,Normal,Not a Pedestrian,No Casualty
14:51:00,Sunday,31-50,Male,Above 10yr,Automobile,Office areas,Asphalt roads,Dry,Normal,Daylight,Vehicle with vehicle collision,2,2,Going straight,Male,Over 51,3,Changing lane to the right,Slight Injury,Organization,5-10yrs,Normal,Not a Pedestrian,Slight Injury
14:51:00,Sunday,31-50,Male,5-10yr,Other,Other,Asphalt roads,Dry,Normal,Daylight,Collision with roadside objects,2,2,Going straight,Male,Under 18,3,Changing lane to the right,Slight Injury,Organization,Above 10yr,No Casualty,Crossing from nearside - masked by parked or statioNot a Pedestrianry vehicle,Slight Injury
07:50:00,Friday,18-30,Male,1-2yr,Automobile,Other,Asphalt roads,Dry,Normal,Daylight,Collision with roadside objects,2,1,Unknown,na,No Casualty,na,Changing lane to the right,Slight Injury,Owner,2-5yrs,No Casualty,Not a Pedestrian,No Casualty
07:50:00,Friday,18-30,Male,5-10yr,Automobile,Residential areas,Asphalt roads,Dry,Normal,Daylight,Vehicle with vehicle collision,2,1,Going straight,na,No Casualty,na,Driving to the left,Slight Injury,Governmental,Unknown,Normal,Not a Pedestrian,No Casualty
20:39:00,Friday,18-30,Male,1-2yr,Motorcycle,Office areas,Asphalt roads,Dry,Normal,Darkness - lights lit,Vehicle with vehicle collision,3,2,Going straight,Male,31-50,2,Changing lane to the left,Slight Injury,Owner,2-5yrs,Normal,Not a Pedestrian,Serious Injury
20:39:00,Friday,31-50,Male,1-2yr,Automobile,Church areas,Asphalt roads,Dry,Normal,Darkness - lights lit,Vehicle with vehicle collision,3,2,Going straight,Female,Under 18,3,Moving Backward,Slight Injury,Owner,2-5yrs,Normal,"In carriageway, statioNot a Pedestrianry - not crossing  (standing or playing)",Slight Injury
20:39:00,Friday,31-50,Male,1-2yr,Automobile,Other,Asphalt roads,Dry,Normal,Darkness - lights lit,Collision with roadside objects,3,2,Turnover,Female,Under 18,2,Overspeed,Slight Injury,Owner,1-2yr,Normal,"In carriageway, statioNot a Pedestrianry - not crossing  (standing or playing)",Serious Injury
20:39:00,Friday,18-30,Male,5-10yr,Public (12 seats),Market areas,Asphalt roads,Dry,Normal,Darkness - lights lit,Vehicle with vehicle collision,3,2,Going straight,na,No Casualty,na,Moving Backward,Slight Injury,Owner,Above 10yr,No Casualty,Not a Pedestrian,No Casualty
11:10:00,Tuesday,31-50,Male,1-2yr,Automobile,Residential areas,Asphalt roads,Dry,Normal,Daylight,Collision with roadside-parked vehicles,2,1,Going straight,Female,Over 51,3,No distancing,Slight Injury,Owner,Above 10yr,Normal,Not a Pedestrian,Slight Injury
11:10:00,Tuesday,18-30,Male,Above 10yr,Public (> 45 seats),Office areas,Asphalt roads,Dry,Normal,Daylight,Vehicle with vehicle collision,2,1,Going straight,Male,18-30,3,Other,Slight Injury,Owner,5-10yrs,No Casualty,Not a Pedestrian,Slight Injury
17:19:00,Friday,18-30,Male,1-2yr,Lorry (41-100Q),Recreational areas,Asphalt roads,Dry,Normal,Daylight,Collision with roadside objects,2,1,Reversing,Male,31-50,2,No priority to vehicle,Slight Injury,Owner,Unknown,No Casualty,Not a Pedestrian,Serious Injury
17:19:00,Friday,31-50,Male,5-10yr,Public (> 45 seats),Office areas,Earth roads,Dry,Normal,Daylight,Vehicle with vehicle collision,2,1,Getting off,na,No Casualty,na,Changing lane to the right,Slight Injury,Governmental,Unknown,Normal,Not a Pedestrian,No Casualty
16:56:00,Wednesday,18-30,Unknown,2-5yr,Automobile,Industrial areas,Asphalt roads,Dry,Normal,Daylight,Vehicle with vehicle collision,2,1,Going straight,Male,Under 18,2,Other,Serious Injury,Owner,5-10yrs,Normal,Crossing from offside - masked by  parked or statioNot a Pedestrianry vehicle,Serious Injury
16:56:00,Wednesday,18-30,Male,5-10yr,Automobile,Other,Asphalt roads,Dry,Normal,Daylight,Vehicle with vehicle collision,2,1,Getting off,Male,18-30,3,No distancing,Serious Injury,Owner,Unknown,Normal,Not a Pedestrian,Slight Injury
01:02:00,Sunday,18-30,Male,2-5yr,Automobile,Residential areas,Asphalt roads,Dry,Normal,Darkness - lights lit,Vehicle with vehicle collision,1,1,Going straight,Male,Under 18,3,Driving carelessly,Serious Injury,Owner,Unknown,No Casualty,Not a Pedestrian,Slight Injury
07:46:00,Friday,18-30,Male,2-5yr,Automobile,Residential areas,Asphalt roads,Dry,Normal,Daylight,Vehicle with vehicle collision,2,1,Going straight,Female,18-30,3,No distancing,Slight Injury,Governmental,Above 10yr,No Casualty,Not a Pedestrian,Slight Injury
07:46:00,Friday,18-30,Male,Above 10yr,Lorry (41-100Q),Industrial areas,Earth roads,Dry,Normal,Daylight,Collision with roadside-parked vehicles,2,1,Going straight,Male,18-30,3,Moving Backward,Slight Injury,Owner,1-2yr,No Casualty,Not a Pedestrian,Slight Injury
08:00:00,Wednesday,Over 51,Male,1-2yr,Automobile,Residential areas,Asphalt roads,Wet or damp,Normal,Daylight,Collision with roadside-parked vehicles,3,1,Going straight,na,No Casualty,na,No distancing,Slight Injury,Owner,2-5yrs,No Casualty,Not a Pedestrian,No Casualty
08:00:00,Wednesday,31-50,Male,1-2yr,Public (13-45 seats),Residential areas,Asphalt roads,Wet or damp,Normal,Daylight,Collision with animals,3,1,Going straight,Male,18-30,3,Moving Backward,Slight Injury,Owner,Unknown,Normal,Not a Pedestrian,Slight Injury
08:00:00,Wednesday,18-30,Male,5-10yr,Automobile,Office areas,Earth roads,Wet or damp,Normal,Daylight,Collision with animals,3,1,Going straight,Male,31-50,3,No priority to pedestrian,Slight Injury,Owner,Unknown,Normal,Not a Pedestrian,Slight Injury
18:46:00,Friday,18-30,Female,1-2yr,Public (> 45 seats),Office areas,Asphalt roads,Dry,Normal,Daylight,Collision with animals,1,1,Going straight,na,No Casualty,na,Changing lane to the left,Slight Injury,Owner,2-5yrs,Normal,Not a Pedestrian,No Casualty
18:42:00,Thursday,18-30,Male,5-10yr,Lorry (41-100Q),Office areas,Asphalt roads,Dry,Normal,Daylight,Collision with animals,1,1,Going straight,Female,18-30,3,No distancing,Slight Injury,Owner,Above 10yr,Normal,Not a Pedestrian,Slight Injury
08:45:00,Sunday,31-50,Male,Above 10yr,Automobile,Office areas,Asphalt roads,Dry,Normal,Daylight,Collision with animals,2,1,Going straight,Male,Under 18,3,Other,Serious Injury,Owner,1-2yr,Normal,Not a Pedestrian,Slight Injury
08:45:00,Sunday,31-50,Male,Above 10yr,Lorry (11-40Q),Office areas,Asphalt roads,Dry,Normal,Daylight,Collision with animals,2,1,Moving Backward,Male,Under 18,3,No distancing,Serious Injury,Owner,Unknown,No Casualty,Not a Pedestrian,Slight Injury
21:40:00,Thursday,Under 18,Male,5-10yr,Public (13-45 seats),Office areas,Asphalt roads,Dry,Normal,Darkness - lights lit,Collision with animals,2,2,Going straight,na,No Casualty,na,No priority to pedestrian,Slight Injury,Owner,Unknown,Normal,Not a Pedestrian,No Casualty
21:40:00,Thursday,Under 18,Male,2-5yr,Public (13-45 seats),Office areas,Asphalt roads,Dry,Normal,Darkness - lights lit,Collision with animals,2,2,Going straight,na,No Casualty,na,Moving Backward,Slight Injury,Owner,Unknown,Normal,Not a Pedestrian,No Casualty
18:50:00,Thursday,31-50,Male,2-5yr,Automobile,Residential areas,Asphalt roads,Dry,Unknown,Daylight,Collision with animals,2,1,Going straight,Male,18-30,2,No priority to pedestrian,Slight Injury,Owner,Above 10yr,Normal,Not a Pedestrian,Serious Injury
18:50:00,Thursday,Under 18,Male,Below 1yr,Long lorry,Residential areas,Asphalt roads,Dry,Unknown,Daylight,Collision with animals,2,1,Going straight,Female,Over 51,2,No distancing,Slight Injury,Owner,5-10yrs,Normal,Not a Pedestrian,Serious Injury
21:55:00,Friday,18-30,Male,2-5yr,Lorry (41-100Q),Other,Asphalt roads,Dry,Normal,Darkness - lights lit,Collision with animals,2,2,Going straight,Female,18-30,3,No priority to pedestrian,Slight Injury,Owner,Unknown,Normal,Not a Pedestrian,Slight Injury
21:55:00,Friday,18-30,Male,2-5yr,Lorry (11-40Q),Church areas,Asphalt roads,Dry,Normal,Darkness - lights lit,Collision with animals,2,2,Going straight,na,No Casualty,na,Moving Backward,Slight Injury,Owner,5-10yrs,Normal,Not a Pedestrian,No Casualty
17:45:00,Friday,Over 51,Male,5-10yr,Lorry (41-100Q),Recreational areas,Asphalt roads,Wet or damp,Rain,Daylight,Other,2,1,Going straight,na,No Casualty,na,Overtaking,Slight Injury,Owner,Unknown,Normal,Not a Pedestrian,No Casualty
17:45:00,Friday,31-50,Male,Above 10yr,Public (12 seats),Industrial areas,Asphalt roads,Wet or damp,Rain,Daylight,Rollover,2,1,Going straight,Male,18-30,3,Changing lane to the left,Slight Injury,Owner,Unknown,Normal,Not a Pedestrian,Slight Injury
08:28:00,Sunday,18-30,Male,5-10yr,Automobile,Residential areas,Asphalt roads with some distress,Wet or damp,Normal,Daylight,Collision with animals,2,1,Going straight,Male,18-30,3,Changing lane to the right,Slight Injury,Owner,Unknown,Normal,Not a Pedestrian,Slight Injury
08:28:00,Sunday,Over 51,Male,2-5yr,Taxi,Residential areas,Asphalt roads,Wet or damp,Normal,Daylight,Rollover,2,1,Going straight,Female,18-30,3,Overtaking,Slight Injury,Owner,Above 10yr,Normal,Not a Pedestrian,Slight Injury
13:10:00,Monday,18-30,Male,5-10yr,Automobile,Office areas,Asphalt roads,Wet or damp,Normal,Daylight,Collision with animals,2,1,Going straight,na,No Casualty,na,Overloading,Slight Injury,Owner,2-5yrs,Normal,Not a Pedestrian,No Casualty
13:10:00,Monday,31-50,Male,2-5yr,Automobile,Market areas,Asphalt roads,Wet or damp,Normal,Daylight,Collision with animals,2,1,Going straight,Male,31-50,3,Other,Slight Injury,Owner,2-5yrs,Normal,Not a Pedestrian,Slight Injury
13:55:00,Sunday,31-50,Male,5-10yr,Automobile,Unknown,Asphalt roads,Dry,Normal,Daylight,Vehicle with vehicle collision,2,4,Going straight,na,No Casualty,na,No priority to vehicle,Slight Injury,Owner,Unknown,No Casualty,Not a Pedestrian,No Casualty
13:55:00,Sunday,31-50,Male,1-2yr,Lorry (41-100Q),Industrial areas,Asphalt roads,Dry,Normal,Daylight,Fall from vehicles,2,4,Going straight,na,No Casualty,na,Changing lane to the right,Slight Injury,Owner,Unknown,Normal,Not a Pedestrian,No Casualty
13:55:00,Sunday,Under 18,Male,2-5yr,Automobile,Residential areas,Asphalt roads,Dry,Normal,Daylight,Collision with roadside-parked vehicles,2,4,Going straight,Male,31-50,3,Moving Backward,Slight Injury,Owner,Unknown,No Casualty,"In carriageway, statioNot a Pedestrianry - not crossing  (standing or playing)",Slight Injury
13:55:00,Sunday,Under 18,Male,Above 10yr,Automobile,Residential areas,Asphalt roads,Dry,Normal,Daylight,Collision with roadside-parked vehicles,2,4,Going straight,Male,18-30,3,Changing lane to the left,Slight Injury,Governmental,Below 1yr,No Casualty,Not a Pedestrian,Slight Injury
17:25:00,Friday,18-30,Male,Below 1yr,Lorry (41-100Q),Other,Asphalt roads,Dry,Normal,Daylight,Rollover,1,1,Going straight,na,No Casualty,na,No priority to pedestrian,Slight Injury,Owner,5-10yrs,Normal,Not a Pedestrian,No Casualty
16:40:00,Sunday,31-50,Male,2-5yr,Automobile,Residential areas,Asphalt roads,Dry,Normal,Daylight,Collision with animals,1,1,Reversing,na,No Casualty,na,No distancing,Slight Injury,Governmental,Unknown,Normal,Not a Pedestrian,No Casualty
08:50:00,Tuesday,31-50,Male,Below 1yr,Automobile,Rural village areas,Asphalt roads,Dry,Normal,Daylight,Collision with animals,1,1,Going straight,na,No Casualty,na,No priority to vehicle,Slight Injury,Owner,1-2yr,Normal,Not a Pedestrian,No Casualty
18:37:00,Wednesday,18-30,Male,5-10yr,Automobile,Rural village areas,Asphalt roads,Dry,Normal,Daylight,Fall from vehicles,2,2,Going straight,Female,18-30,3,No distancing,Slight Injury,Owner,2-5yrs,Normal,Not a Pedestrian,Slight Injury
18:37:00,Wednesday,31-50,Male,1-2yr,Taxi,Office areas,Asphalt roads,Dry,Normal,Daylight,Collision with roadside-parked vehicles,2,2,Going straight,Female,31-50,3,No distancing,Slight Injury,Owner,Unknown,Normal,Not a Pedestrian,Slight Injury
18:37:00,Wednesday,31-50,Male,Below 1yr,Automobile,Residential areas,Asphalt roads,Dry,Normal,Daylight,Collision with animals,2,2,Unknown,Female,31-50,3,Moving Backward,Slight Injury,Owner,2-5yrs,Normal,Not a Pedestrian,Slight Injury
07:50:00,Friday,Over 51,Male,5-10yr,Automobile,Residential areas,Asphalt roads,Dry,Normal,Daylight,Collision with animals,2,1,Going straight,Male,31-50,3,Changing lane to the right,Serious Injury,Owner,Unknown,Normal,Not a Pedestrian,Slight Injury
07:50:00,Friday,31-50,Male,Below 1yr,Automobile,Outside rural areas,Asphalt roads,Dry,Normal,Daylight,Collision with pedestrians,2,1,Going straight,na,No Casualty,na,No priority to pedestrian,Serious Injury,Owner,Unknown,Normal,Not a Pedestrian,No Casualty
17:40:00,Thursday,18-30,Male,Below 1yr,Pick up upto 10Q,Residential areas,Asphalt roads,Dry,Normal,Daylight,Vehicle with vehicle collision,1,1,Going straight,Female,31-50,3,Moving Backward,Serious Injury,Owner,Above 10yr,Normal,Not a Pedestrian,Slight Injury
16:00:00,Tuesday,31-50,Male,5-10yr,Automobile,Church areas,Asphalt roads,Wet or damp,Normal,Daylight,Vehicle with vehicle collision,2,1,Going straight,na,No Casualty,na,Getting off the vehicle improperly,Slight Injury,Owner,5-10yrs,Normal,Not a Pedestrian,No Casualty
16:00:00,Tuesday,31-50,Male,2-5yr,Automobile,Office areas,Asphalt roads,Wet or damp,Normal,Daylight,Collision with pedestrians,2,1,Going straight,na,No Casualty,na,Overtaking,Slight Injury,Owner,Unknown,No Casualty,Not a Pedestrian,No Casualty
00:11:00,Sunday,18-30,Female,Above 10yr,Public (12 seats),Office areas,Asphalt roads,Dry,Normal,Darkness - lights lit,Vehicle with vehicle collision,2,1,Going straight,Female,Under 18,3,Overloading,Slight Injury,Owner,Unknown,Normal,Not a Pedestrian,Slight Injury
00:11:00,Sunday,Under 18,Male,Above 10yr,Public (13-45 seats),Office areas,Gravel roads,Dry,Normal,Darkness - lights lit,Collision with roadside objects,2,1,Unknown,Male,Under 18,3,Changing lane to the right,Slight Injury,Governmental,Unknown,No Casualty,Not a Pedestrian,Slight Injury
17:10:00,Thursday,18-30,Male,5-10yr,Lorry (11-40Q),Other,Asphalt roads,Dry,Normal,Daylight,Vehicle with vehicle collision,2,1,Moving Backward,na,No Casualty,na,Improper parking,Slight Injury,Owner,2-5yrs,Normal,Not a Pedestrian,No Casualty
17:10:00,Thursday,18-30,Male,1-2yr,Stationwagen,Other,Asphalt roads,Dry,Normal,Daylight,Vehicle with vehicle collision,2,1,Going straight,Female,Over 51,2,Other,Slight Injury,Owner,2-5yrs,No Casualty,Not a Pedestrian,Serious Injury
15:00:00,Wednesday,18-30,Male,Below 1yr,Ridden horse,Residential areas,Asphalt roads,Dry,Normal,Daylight,Vehicle with vehicle collision,2,1,Turnover,Male,Under 18,3,Changing lane to the left,Serious Injury,Owner,Unknown,Normal,Not a Pedestrian,Slight Injury
15:00:00,Wednesday,31-50,Male,Below 1yr,Stationwagen,Other,Asphalt roads,Dry,Normal,Daylight,Rollover,2,1,Turnover,na,No Casualty,na,Changing lane to the right,Serious Injury,Owner,Unknown,No Casualty,Not a Pedestrian,No Casualty
08:20:00,Friday,Over 51,Male,2-5yr,Automobile,Other,Asphalt roads,Dry,Normal,Daylight,Vehicle with vehicle collision,2,1,Reversing,Female,18-30,3,No priority to pedestrian,Slight Injury,Owner,Below 1yr,No Casualty,Not a Pedestrian,Slight Injury
08:20:00,Friday,31-50,Male,1-2yr,Automobile,Other,Asphalt roads,Dry,Normal,Daylight,Vehicle with vehicle collision,2,1,Reversing,na,No Casualty,na,Overspeed,Slight Injury,Owner,5-10yrs,Normal,Not a Pedestrian,No Casualty
15:30:00,Thursday,31-50,Unknown,5-10yr,Other,Other,Asphalt roads,Dry,Normal,Daylight,Vehicle with vehicle collision,2,1,Reversing,na,No Casualty,na,Changing lane to the left,Slight Injury,Governmental,5-10yrs,Normal,Not a Pedestrian,No Casualty
15:30:00,Thursday,18-30,Male,2-5yr,Taxi,Other,Asphalt roads,Dry,Normal,Daylight,Collision with pedestrians,2,1,Moving Backward,Female,Under 18,3,No priority to vehicle,Slight Injury,Owner,2-5yrs,Normal,Unknown or other,Slight Injury
07:35:00,Thursday,18-30,Female,5-10yr,Automobile,Other,Asphalt roads,Dry,Normal,Daylight,Vehicle with vehicle collision,2,1,Going straight,na,No Casualty,na,Changing lane to the right,Serious Injury,Owner,Unknown,Normal,Not a Pedestrian,No Casualty
07:35:00,Thursday,31-50,Male,Above 10yr,Stationwagen,Church areas,Asphalt roads,Dry,Normal,Daylight,Collision with roadside objects,2,1,Going straight,Female,18-30,3,No distancing,Serious Injury,Owner,2-5yrs,No Casualty,Not a Pedestrian,Slight Injury
17:37:00,Monday,31-50,Unknown,5-10yr,Automobile,Other,Asphalt roads,Wet or damp,Normal,Daylight,Vehicle with vehicle collision,2,2,Going straight,Female,Over 51,2,No priority to pedestrian,Slight Injury,Owner,5-10yrs,Normal,Unknown or other,Serious Injury
17:37:00,Monday,31-50,Male,5-10yr,Public (12 seats),Industrial areas,Asphalt roads,Wet or damp,Normal,Daylight,Rollover,2,2,Going straight,Male,Under 18,3,No distancing,Slight Injury,Organization,2-5yrs,No Casualty,Unknown or other,Slight Injury
17:38:00,Thursday,18-30,Male,5-10yr,Automobile,Residential areas,Asphalt roads,Dry,Normal,Daylight,Vehicle with vehicle collision,2,4,Going straight,na,No Casualty,na,No priority to vehicle,Slight Injury,Owner,Unknown,Normal,Not a Pedestrian,No Casualty
17:38:00,Thursday,31-50,Male,Above 10yr,Automobile,Other,Asphalt roads,Dry,Normal,Daylight,Vehicle with vehicle collision,2,4,Going straight,na,No Casualty,na,Other,Slight Injury,Governmental,Above 10yr,Normal,Not a Pedestrian,No Casualty
17:38:00,Thursday,31-50,Male,1-2yr,Lorry (41-100Q),Office areas,Gravel roads,Dry,Normal,Daylight,Vehicle with vehicle collision,2,4,Going straight,Male,18-30,3,Driving carelessly,Slight Injury,Owner,Unknown,Normal,Not a Pedestrian,Slight Injury
17:38:00,Thursday,31-50,Male,2-5yr,Automobile,Industrial areas,Asphalt roads,Dry,Normal,Daylight,Vehicle with vehicle collision,2,4,Going straight,na,No Casualty,na,Changing lane to the left,Slight Injury,Owner,Unknown,Normal,Not a Pedestrian,No Casualty
17:14:00,Friday,18-30,Male,1-2yr,Public (> 45 seats),Industrial areas,Asphalt roads,Dry,Normal,Daylight,Vehicle with vehicle collision,3,3,Going straight,Female,18-30,3,Driving carelessly,Slight Injury,Owner,1-2yr,Normal,Not a Pedestrian,Slight Injury
17:14:00,Friday,Under 18,Male,5-10yr,Automobile,Other,Asphalt roads,Dry,Normal,Daylight,Collision with roadside objects,3,3,Going straight,na,No Casualty,na,Changing lane to the left,Slight Injury,Owner,Unknown,Normal,Not a Pedestrian,No Casualty
17:14:00,Friday,18-30,Male,5-10yr,Public (12 seats),Hospital areas,Asphalt roads,Dry,Normal,Daylight,Vehicle with vehicle collision,3,3,Going straight,Male,18-30,3,No priority to vehicle,Slight Injury,Organization,Above 10yr,Normal,Not a Pedestrian,Slight Injury
11:10:00,Sunday,Over 51,Male,5-10yr,Public (12 seats),Office areas,Earth roads,Dry,Normal,Daylight,Vehicle with vehicle collision,2,1,Going straight,na,No Casualty,na,No distancing,Slight Injury,Owner,Unknown,Normal,Not a Pedestrian,No Casualty
11:10:00,Sunday,31-50,Male,Above 10yr,Automobile,Church areas,Asphalt roads,Dry,Normal,Daylight,Collision with roadside objects,2,1,Going straight,Male,31-50,3,Changing lane to the right,Slight Injury,Owner,2-5yrs,No Casualty,Not a Pedestrian,Slight Injury
22:20:00,Sunday,18-30,Female,2-5yr,Automobile,Hospital areas,Asphalt roads,Dry,Normal,Darkness - lights lit,Collision with roadside objects,3,4,Going straight,na,No Casualty,na,Changing lane to the right,Slight Injury,Organization,5-10yrs,No Casualty,Not a Pedestrian,No Casualty
22:20:00,Sunday,Over 51,Male,Above 10yr,Automobile,Office areas,Asphalt roads,Dry,Normal,Darkness - lights lit,Vehicle with vehicle collision,3,4,Going straight,na,No Casualty,na,Overspeed,Slight Injury,Owner,Above 10yr,Normal,Not a Pedestrian,No Casualty
22:20:00,Sunday,Over 51,Male,2-5yr,Lorry (41-100Q),Other,Gravel roads,Dry,Normal,Darkness - lights lit,Vehicle with vehicle collision,3,4,Going straight,Male,Over 51,3,No distancing,Slight Injury,Owner,2-5yrs,Normal,Not a Pedestrian,Slight Injury
22:20:00,Sunday,Under 18,Male,5-10yr,Public (12 seats),Office areas,Asphalt roads,Dry,Normal,Darkness - lights lit,Vehicle with vehicle collision,3,4,Going straight,Male,Under 18,3,Changing lane to the right,Slight Injury,Owner,1-2yr,Normal,Not a Pedestrian,Slight Injury
22:20:00,Sunday,Under 18,Male,5-10yr,Lorry (11-40Q),Office areas,Asphalt roads,Dry,Normal,Darkness - lights lit,Vehicle with vehicle collision,3,4,Going straight,Male,Under 18,2,Changing lane to the left,Slight Injury,Owner,2-5yrs,Normal,Not a Pedestrian,Serious Injury
03:07:00,Sunday,31-50,Male,5-10yr,Automobile,Other,Asphalt roads,Dry,Normal,Darkness - lights lit,Collision with roadside objects,1,1,Going straight,Male,Under 18,3,Getting off the vehicle improperly,Serious Injury,Owner,Unknown,No Casualty,Not a Pedestrian,Slight Injury
23:10:00,Monday,18-30,Male,5-10yr,Automobile,Office areas,Earth roads,Dry,Normal,Darkness - lights lit,Vehicle with vehicle collision,2,2,Going straight,na,No Casualty,na,Other,Slight Injury,Owner,1-2yr,Normal,Not a Pedestrian,No Casualty
23:10:00,Monday,18-30,Male,Above 10yr,Automobile,Residential areas,Asphalt roads,Dry,Normal,Darkness - lights lit,Vehicle with vehicle collision,2,2,Going straight,na,No Casualty,na,Other,Slight Injury,Owner,Unknown,Normal,Not a Pedestrian,No Casualty
12:34:00,Monday,31-50,Unknown,Below 1yr,Bajaj,Other,Asphalt roads,Wet or damp,Rain,Daylight,Vehicle with vehicle collision,2,2,Turnover,Male,Under 18,3,No distancing,Slight Injury,Owner,Unknown,Normal,Not a Pedestrian,Slight Injury
12:34:00,Monday,18-30,Male,5-10yr,Public (12 seats),Office areas,Asphalt roads,Wet or damp,Rain,Daylight,Vehicle with vehicle collision,2,2,Reversing,Male,18-30,3,No priority to vehicle,Slight Injury,Owner,2-5yrs,Normal,Not a Pedestrian,Slight Injury
11:50:00,Wednesday,Over 51,Male,1-2yr,Lorry (11-40Q),Office areas,Asphalt roads,Dry,Normal,Daylight,Vehicle with vehicle collision,2,2,Moving Backward,Male,31-50,3,Overtaking,Slight Injury,Owner,5-10yrs,Normal,Not a Pedestrian,Slight Injury
11:50:00,Wednesday,31-50,Male,5-10yr,Automobile,Office areas,Asphalt roads,Dry,Normal,Daylight,Vehicle with vehicle collision,2,2,Going straight,Male,18-30,2,No priority to pedestrian,Slight Injury,Owner,Unknown,Normal,Crossing from driver's nearside,Serious Injury
11:50:00,Wednesday,31-50,Male,Above 10yr,Automobile,Other,Earth roads,Dry,Normal,Daylight,Collision with roadside objects,2,2,Moving Backward,na,No Casualty,na,No distancing,Slight Injury,Owner,5-10yrs,No Casualty,Not a Pedestrian,No Casualty
13:30:00,Tuesday,31-50,Male,2-5yr,Automobile,Church areas,Asphalt roads,Dry,Normal,Daylight,Vehicle with vehicle collision,2,1,Going straight,Male,Over 51,3,Changing lane to the right,Slight Injury,Owner,Unknown,Normal,Not a Pedestrian,Slight Injury
13:30:00,Tuesday,18-30,Male,1-2yr,Lorry (11-40Q),Industrial areas,Asphalt roads,Dry,Normal,Daylight,Collision with pedestrians,2,1,Going straight,Female,Under 18,1,Driving carelessly,Slight Injury,Owner,Unknown,Normal,Unknown or other,Fatal Injury
17:10:00,Monday,18-30,Unknown,1-2yr,Lorry (41-100Q),Office areas,Asphalt roads,Dry,Normal,Daylight,Collision with roadside objects,2,1,Going straight,Male,Under 18,3,Changing lane to the right,Slight Injury,Owner,1-2yr,No Casualty,Unknown or other,Slight Injury
17:10:00,Monday,31-50,Male,2-5yr,Pick up upto 10Q,Church areas,Asphalt roads,Dry,Normal,Daylight,Collision with roadside objects,2,1,Going straight,Female,31-50,3,Overtaking,Slight Injury,Owner,Unknown,No Casualty,Not a Pedestrian,Slight Injury
08:45:00,Monday,31-50,Male,5-10yr,Lorry (11-40Q),Office areas,Asphalt roads,Dry,Normal,Daylight,Vehicle with vehicle collision,2,1,Going straight,Male,Over 51,3,Other,Serious Injury,Owner,Unknown,Normal,Not a Pedestrian,Slight Injury
08:45:00,Monday,31-50,Male,2-5yr,Stationwagen,Office areas,Asphalt roads,Dry,Normal,Daylight,Rollover,2,1,Unknown,na,No Casualty,na,Driving to the left,Serious Injury,Owner,Unknown,No Casualty,Not a Pedestrian,No Casualty
20:31:00,Friday,31-50,Male,1-2yr,Other,Residential areas,Asphalt roads,Dry,Normal,Daylight,Vehicle with vehicle collision,3,2,Going straight,Male,18-30,3,Overspeed,Slight Injury,Owner,Unknown,Normal,Not a Pedestrian,Slight Injury
20:31:00,Friday,18-30,Male,5-10yr,Other,Office areas,Asphalt roads,Dry,Normal,Daylight,Vehicle with vehicle collision,3,2,Unknown,Male,18-30,2,Unknown,Slight Injury,Owner,5-10yrs,Normal,Not a Pedestrian,Serious Injury