Time,Day_of_week,Age_band_of_driver,Sex_of_driver,Driving_experience,Type_of_vehicle,Area_accident_occured,Road_surface_type,Road_surface_conditions,Weather_conditions,Light_conditions,Type_of_collision,Number_of_vehicles_involved,Number_of_casualties,Vehicle_movement,Sex_of_casualty,Age_band_of_casualty,Casualty_severity,Cause_of_accident,Accident_severity,Owner_of_vehicle,Service_year_of_vehicle,Fitness_of_casuality,Pedestrian_movement,Casualty_severity_label
20:31:00,Friday,18-30,Male,Below 1yr,Lorry (11-40Q),Residential areas,Asphalt roads,Dry,Normal,Daylight,Vehicle with vehicle collision,3,2,Going straight,Female,18-30,2,Changing lane to the right,Slight Injury,Owner,5-10yrs,Normal,Not a Pedestrian,Serious Injury
07:58:00,Monday,31-50,Male,2-5yr,Automobile,Office areas,Asphalt roads,Wet or damp,Rain,Daylight,Vehicle with vehicle collision,2,2,Moving Backward,Female,Under 18,1,No distancing,Slight Injury,Owner,2-5yrs,Normal,Not a Pedestrian,Fatal Injury
07:58:00,Monday,31-50,Male,5-10yr,Automobile,Office areas,Asphalt roads,Wet or damp,Rain,Daylight,Vehicle with vehicle collision,2,2,Going straight,Male,18-30,3,Other,Slight Injury,Owner,2-5yrs,Normal,Not a Pedestrian,Slight Injury
17:30:00,Friday,31-50,Male,Above 10yr,Lorry (41-100Q),Other,Earth roads,Dry,Normal,Daylight,Vehicle with vehicle collision,2,1,Going straight,Female,31-50,3,No priority to vehicle,Serious Injury,Owner,Unknown,Normal,Unknown or other,Slight Injury
17:30:00,Friday,18-30,Male,2-5yr,Other,Other,Asphalt roads,Dry,Normal,Daylight,Vehicle with vehicle collision,2,1,Moving Backward,Male,Over 51,3,Changing lane to the left,Serious Injury,Owner,Unknown,Normal,Not a Pedestrian,Slight Injury
07:50:00,Friday,18-30,Male,Above 10yr,Lorry (41-100Q),Residential areas,Asphalt roads,Dry,Normal,Daylight,Vehicle with vehicle collision,2,2,Going straight,na,No Casualty,na,No priority to pedestrian,Slight Injury,Owner,Above 10yr,Normal,Not a Pedestrian,No Casualty
07:50:00,Friday,31-50,Unknown,1-2yr,Automobile,Church areas,Asphalt roads,Dry,Normal,Daylight,Collision with roadside objects,2,2,Turnover,Male,31-50,3,Overtaking,Slight Injury,Owner,Unknown,No Casualty,Not a Pedestrian,Slight Injury
07:50:00,Friday,31-50,Male,5-10yr,Pick up upto 10Q,Church areas,Asphalt roads,Dry,Normal,Daylight,Vehicle with vehicle collision,2,2,Going straight,Female,Over 51,3,Driving carelessly,Slight Injury,Governmental,Unknown,Normal,Not a Pedestrian,Slight Injury
23:05:00,Friday,18-30,Female,2-5yr,Lorry (41-100Q),Residential areas,Other,Dry,Normal,Darkness - lights lit,Vehicle with vehicle collision,2,1,Going straight,na,No Casualty,na,No priority to vehicle,Slight Injury,Owner,2-5yrs,Normal,Not a Pedestrian,No Casualty
23:05:00,Friday,31-50,Male,2-5yr,Public (13-45 seats),Office areas,Gravel roads,Dry,Normal,Darkness - lights lit,Vehicle with vehicle collision,2,1,Unknown,na,No Casualty,na,No priority to pedestrian,Slight Injury,Owner,Unknown,Normal,Not a Pedestrian,No Casualty
09:36:00,Thursday,31-50,Male,2-5yr,Long lorry,Office areas,Gravel roads,Dry,Normal,Daylight,Vehicle with vehicle collision,2,1,Going straight,Male,Over 51,2,Changing lane to the right,Slight Injury,Owner,5-10yrs,Normal,Not a Pedestrian,Serious Injury
09:36:00,Thursday,Over 51,Male,2-5yr,Automobile,Residential areas,Asphalt roads,Dry,Normal,Daylight,Collision with pedestrians,2,1,Going straight,Female,18-30,3,Moving Backward,Slight Injury,Owner,2-5yrs,No Casualty,Not a Pedestrian,Slight Injury
17:25:00,Friday,31-50,Male,Above 10yr,Automobile,Church areas,Asphalt roads,Dry,Normal,Daylight,Vehicle with vehicle collision,1,1,Going straight,Male,Under 18,3,Overtaking,Slight Injury,Owner,5-10yrs,Normal,Not a Pedestrian,Slight Injury
17:00:00,Tuesday,18-30,Male,Above 10yr,Other,Other,Earth roads,Dry,Normal,Daylight,Vehicle with vehicle collision,2,1,Going straight,Female,31-50,3,Changing lane to the left,Slight Injury,Owner,Unknown,Normal,Not a Pedestrian,Slight Injury
17:00:00,Tuesday,31-50,Male,5-10yr,Automobile,Office areas,Asphalt roads,Dry,Normal,Daylight,Vehicle with vehicle collision,2,1,Reversing,na,No Casualty,na,Changing lane to the right,Slight Injury,Owner,Unknown,Normal,Not a Pedestrian,No Casualty
13:54:00,Thursday,18-30,Male,5-10yr,Long lorry,Other,Asphalt roads,Dry,Normal,Daylight,Vehicle with vehicle collision,2,1,Going straight,na,No Casualty,na,Overtaking,Slight Injury,Owner,Unknown,Normal,Not a Pedestrian,No Casualty
13:54:00,Thursday,Over 51,Male,2-5yr,Public (12 seats),Other,Asphalt roads,Dry,Normal,Daylight,Vehicle with vehicle collision,2,1,Moving Backward,Male,31-50,3,Overloading,Slight Injury,Owner,Unknown,Normal,Not a Pedestrian,Slight Injury
10:02:00,Tuesday,31-50,Male,5-10yr,Public (12 seats),Other,Asphalt roads,Dry,Normal,Daylight,Vehicle with vehicle collision,1,1,Going straight,na,No Casualty,na,Other,Serious Injury,Owner,Unknown,Normal,Not a Pedestrian,No Casualty
14:40:00,Wednesday,18-30,Unknown,5-10yr,Other,Residential areas,Earth roads,Dry,Normal,Daylight,Collision with roadside objects,2,1,Going straight,Male,31-50,3,No priority to vehicle,Slight Injury,Governmental,2-5yrs,No Casualty,Not a Pedestrian,Slight Injury
14:40:00,Wednesday,Over 51,Male,Above 10yr,Other,Church areas,Asphalt roads,Dry,Normal,Daylight,Vehicle with vehicle collision,2,1,Going straight,Female,31-50,3,Changing lane to the right,Slight Injury,Owner,Below 1yr,Normal,Not a Pedestrian,Slight Injury
16:35:00,Tuesday,18-30,Unknown,5-10yr,Other,Other,Asphalt roads,Dry,Normal,Daylight,Vehicle with vehicle collision,2,1,Going straight,Female,18-30,3,Moving Backward,Slight Injury,Owner,Unknown,Normal,Not a Pedestrian,Slight Injury
16:35:00,Tuesday,31-50,Male,Above 10yr,Public (12 seats),Other,Asphalt roads,Dry,Normal,Daylight,Vehicle with vehicle collision,2,1,Going straight,na,No Casualty,na,Changing lane to the left,Slight Injury,Owner,Unknown,Normal,Not a Pedestrian,No Casualty
12:34:00,Thursday,18-30,Male,Below 1yr,Lorry (41-100Q),Residential areas,Asphalt roads,Dry,Normal,Daylight,Vehicle with vehicle collision,2,1,Turnover,Male,Over 51,3,No priority to pedestrian,Slight Injury,Owner,Unknown,Normal,Not a Pedestrian,Slight Injury
12:34:00,Thursday,31-50,Male,5-10yr,Other,Office areas,Asphalt roads,Dry,Normal,Daylight,Vehicle with vehicle collision,2,1,Going straight,na,No Casualty,na,No distancing,Slight Injury,Owner,Unknown,No Casualty,Not a Pedestrian,No Casualty
16:25:00,Tuesday,31-50,Male,1-2yr,Public (12 seats),Industrial areas,Asphalt roads,Dry,Normal,Daylight,Vehicle with vehicle collision,2,1,Going straight,Male,18-30,3,No priority to vehicle,Slight Injury,Owner,Unknown,Normal,Not a Pedestrian,Slight Injury
16:25:00,Tuesday,Over 51,Male,5-10yr,Other,Residential areas,Asphalt roads,Dry,Normal,Daylight,Vehicle with vehicle collision,2,1,Moving Backward,na,No Casualty,na,No distancing,Slight Injury,Governmental,Unknown,Normal,Not a Pedestrian,No Casualty
17:46:00,Wednesday,18-30,Male,5-10yr,Lorry (11-40Q),Office areas,Asphalt roads,Dry,Normal,Daylight,Vehicle with vehicle collision,1,1,Going straight,Male,31-50,3,No distancing,Serious Injury,Owner,Unknown,Normal,Unknown or other,Slight Injury
15:55:00,Wednesday,Over 51,Male,2-5yr,Other,Other,Asphalt roads,Dry,Normal,Daylight,Rollover,1,1,Going straight,Male,18-30,2,Moving Backward,Slight Injury,Owner,2-5yrs,No Casualty,Not a Pedestrian,Serious Injury
09:00:00,Friday,Over 51,Male,5-10yr,Other,Church areas,Asphalt roads,Dry,Normal,Daylight,Vehicle with vehicle collision,1,1,Going straight,Female,18-30,3,Changing lane to the right,Slight Injury,Owner,Unknown,Normal,Not a Pedestrian,Slight Injury
08:15:00,Tuesday,31-50,Male,5-10yr,Other,Industrial areas,Earth roads,Dry,Normal,Daylight,Vehicle with vehicle collision,2,3,Other,na,No Casualty,na,No priority to pedestrian,Slight Injury,Owner,Above 10yr,Normal,Not a Pedestrian,No Casualty
08:15:00,Tuesday,31-50,Male,Above 10yr,Pick up upto 10Q,Recreational areas,Asphalt roads,Dry,Normal,Daylight,Vehicle with vehicle collision,2,3,Going straight,Male,18-30,3,Moving Backward,Slight Injury,Owner,Unknown,Normal,Not a Pedestrian,Slight Injury
08:15:00,Tuesday,31-50,Male,Above 10yr,Automobile,Market areas,Asphalt roads,Dry,Normal,Daylight,Collision with roadside objects,2,3,Going straight,Male,18-30,3,Getting off the vehicle improperly,Slight Injury,Owner,Unknown,No Casualty,"In carriageway, statioNot a Pedestrianry - not crossing  (standing or playing) - masked by parked or statioNot a Pedestrianry vehicle",Slight Injury
07:25:00,Thursday,18-30,Male,Below 1yr,Other,Other,Asphalt roads,Dry,Normal,Daylight,Vehicle with vehicle collision,2,4,Turnover,Male,Under 18,3,Overtaking,Slight Injury,Owner,Unknown,Normal,Not a Pedestrian,Slight Injury
07:25:00,Thursday,18-30,Male,5-10yr,Lorry (41-100Q),Other,Asphalt roads,Dry,Normal,Daylight,Vehicle with vehicle collision,2,4,Moving Backward,na,No Casualty,na,Overloading,Slight Injury,Owner,Unknown,Normal,Not a Pedestrian,No Casualty
07:25:00,Thursday,18-30,Male,5-10yr,Public (13-45 seats),Industrial areas,Earth roads,Dry,Normal,Daylight,Vehicle with vehicle collision,2,4,Going straight,Male,18-30,3,Changing lane to the right,Slight Injury,Owner,Unknown,Normal,Not a Pedestrian,Slight Injury
07:25:00,Thursday,31-50,Male,2-5yr,Automobile,Other,Asphalt roads,Dry,Normal,Daylight,Collision with roadside objects,2,4,Going straight,Male,Over 51,3,Improper parking,Slight Injury,Governmental,2-5yrs,No Casualty,Not a Pedestrian,Slight Injury
19:30:00,Monday,18-30,Unknown,Above 10yr,Pick up upto 10Q,Office areas,Asphalt roads,Wet or damp,Rain,Daylight,Vehicle with vehicle collision,1,1,Going straight,Female,18-30,3,Other,Slight Injury,Governmental,Unknown,Normal,Not a Pedestrian,Slight Injury
19:15:00,Wednesday,18-30,Male,2-5yr,Lorry (41-100Q),Other,Asphalt roads,Dry,Normal,Daylight,Vehicle with vehicle collision,1,1,Reversing,Female,Over 51,3,Changing lane to the left,Serious Injury,Owner,Unknown,Normal,Not a Pedestrian,Slight Injury
17:00:00,Friday,31-50,Male,Above 10yr,Public (12 seats),Office areas,Asphalt roads,Dry,Normal,Daylight,Vehicle with vehicle collision,2,6,Going straight,Female,Under 18,3,Changing lane to the right,Slight Injury,Owner,Unknown,Normal,Not a Pedestrian,Slight Injury
17:00:00,Friday,31-50,Male,Below 1yr,Other,Office areas,Asphalt roads,Dry,Normal,Daylight,Vehicle with vehicle collision,2,6,Going straight,Male,31-50,2,No priority to pedestrian,Slight Injury,Owner,Unknown,Normal,Not a Pedestrian,Serious Injury
17:00:00,Friday,31-50,Male,2-5yr,Lorry (41-100Q),Other,Asphalt roads,Dry,Normal,Daylight,Collision with roadside objects,2,6,Going straight,Female,18-30,2,Overspeed,Slight Injury,Organization,Unknown,No Casualty,"In carriageway, statioNot a Pedestrianry - not crossing  (standing or playing)",Serious Injury
17:00:00,Friday,31-50,Male,5-10yr,Pick up upto 10Q,Other,Asphalt roads,Dry,Normal,Daylight,Vehicle with vehicle collision,2,6,Parked,Female,Over 51,2,Changing lane to the left,Slight Injury,Governmental,2-5yrs,Normal,Unknown or other,Serious Injury
17:00:00,Friday,31-50,Male,5-10yr,Other,Other,Asphalt roads,Dry,Normal,Daylight,Vehicle with vehicle collision,2,6,Going straight,na,No Casualty,na,No priority to vehicle,Slight Injury,Owner,Unknown,Normal,Not a Pedestrian,No Casualty
17:00:00,Friday,18-30,Male,1-2yr,Lorry (41-100Q),Other,Other,Dry,Normal,Daylight,Vehicle with vehicle collision,2,6,Going straight,Male,Under 18,3,Changing lane to the right,Slight Injury,Owner,Above 10yr,Deaf,Not a Pedestrian,Slight Injury
13:50:00,Friday,31-50,Male,5-10yr,Ridden horse,Residential areas,Asphalt roads,Dry,Normal,Daylight,Vehicle with vehicle collision,2,1,Unknown,na,No Casualty,na,No distancing,Slight Injury,Owner,Unknown,Normal,Not a Pedestrian,No Casualty
13:50:00,Friday,18-30,Male,1-2yr,Automobile,Church areas,Asphalt roads,Dry,Normal,Daylight,Vehicle with vehicle collision,2,1,Going straight,Female,18-30,3,No priority to pedestrian,Slight Injury,Owner,2-5yrs,Normal,Not a Pedestrian,Slight Injury
17:25:00,Friday,18-30,Male,5-10yr,Automobile,Office areas,Asphalt roads,Dry,Normal,Daylight,Collision with pedestrians,2,1,Going straight,Female,31-50,3,No distancing,Serious Injury,Owner,2-5yrs,Normal,Not a Pedestrian,Slight Injury
17:25:00,Friday,31-50,Male,1-2yr,Stationwagen,Church areas,Asphalt roads,Dry,Normal,Daylight,Vehicle with vehicle collision,2,1,Stopping,Male,18-30,3,No priority to vehicle,Serious Injury,Owner,2-5yrs,Normal,Not a Pedestrian,Slight Injury
09:55:00,Wednesday,18-30,Male,5-10yr,Other,Other,Asphalt roads,Dry,Normal,Daylight,Vehicle with vehicle collision,2,1,Going straight,Male,18-30,3,Other,Slight Injury,Owner,2-5yrs,Normal,Not a Pedestrian,Slight Injury
09:55:00,Wednesday,31-50,Male,2-5yr,Lorry (41-100Q),Other,Asphalt roads,Dry,Normal,Daylight,Collision with roadside objects,2,1,Overtaking,Male,Under 18,2,Driving carelessly,Slight Injury,Owner,Unknown,No Casualty,Unknown or other,Serious Injury
16:01:00,Friday,18-30,Male,2-5yr,Lorry (41-100Q),School areas,Asphalt roads,Wet or damp,Rain,Daylight,Vehicle with vehicle collision,2,1,Going straight,Male,18-30,3,Changing lane to the left,Slight Injury,Owner,1-2yr,Normal,Not a Pedestrian,Slight Injury
16:01:00,Friday,Under 18,Male,5-10yr,Long lorry,Office areas,Earth roads,Wet or damp,Rain,Daylight,Vehicle with vehicle collision,2,1,Reversing,na,No Casualty,na,Driving carelessly,Slight Injury,Owner,5-10yrs,Normal,Not a Pedestrian,No Casualty
22:35:00,Thursday,18-30,Male,Below 1yr,Stationwagen,Other,Asphalt roads,Dry,Normal,Darkness - no lighting,Collision with pedestrians,1,2,Going straight,Male,Under 18,2,Changing lane to the left,Serious Injury,Owner,Below 1yr,Normal,Not a Pedestrian,Serious Injury
22:35:00,Thursday,18-30,Male,Below 1yr,Public (12 seats),Office areas,Asphalt roads,Dry,Normal,Darkness - no lighting,Vehicle with vehicle collision,1,2,Going straight,Male,Under 18,3,No priority to vehicle,Serious Injury,Owner,Unknown,Normal,Not a Pedestrian,Slight Injury
14:04:00,Thursday,18-30,Male,5-10yr,Automobile,Other,Asphalt roads,Dry,Normal,Daylight,Vehicle with vehicle collision,3,1,Unknown,na,No Casualty,na,No distancing,Slight Injury,Owner,Unknown,Normal,Not a Pedestrian,No Casualty
14:04:00,Thursday,Over 51,Male,Below 1yr,Public (12 seats),Other,Asphalt roads,Dry,Normal,Daylight,Collision with pedestrians,3,1,Going straight,Male,Under 18,2,Changing lane to the right,Slight Injury,Owner,2-5yrs,Normal,"In carriageway, statioNot a Pedestrianry - not crossing  (standing or playing)",Serious Injury
14:04:00,Thursday,18-30,Male,2-5yr,Lorry (41-100Q),Office areas,Asphalt roads,Dry,Normal,Daylight,Collision with pedestrians,3,1,Moving Backward,na,No Casualty,na,Changing lane to the right,Slight Injury,Owner,Unknown,Normal,Not a Pedestrian,No Casualty
17:33:00,Wednesday,Over 51,Male,2-5yr,Automobile,Other,Asphalt roads,Dry,Normal,Daylight,Collision with pedestrians,2,1,Going straight,Male,Over 51,3,Overspeed,Slight Injury,Owner,Unknown,No Casualty,Not a Pedestrian,Slight Injury
17:33:00,Wednesday,Over 51,Female,5-10yr,Lorry (41-100Q),Church areas,Asphalt roads,Dry,Normal,Daylight,Collision with roadside objects,2,1,Moving Backward,Female,31-50,3,No distancing,Slight Injury,Owner,Unknown,No Casualty,Unknown or other,Slight Injury
14:30:00,Thursday,Over 51,Male,5-10yr,Lorry (41-100Q),Office areas,Asphalt roads,Dry,Other,Daylight,Vehicle with vehicle collision,2,4,Going straight,Female,18-30,3,Changing lane to the right,Slight Injury,Owner,Unknown,No Casualty,Not a Pedestrian,Slight Injury
14:30:00,Thursday,Over 51,Male,5-10yr,Pick up upto 10Q,Office areas,Asphalt roads,Dry,Other,Daylight,Vehicle with vehicle collision,2,4,Going straight,na,No Casualty,na,Changing lane to the left,Slight Injury,Owner,Above 10yr,No Casualty,Not a Pedestrian,No Casualty
14:30:00,Thursday,Under 18,Male,5-10yr,Other,Other,Asphalt roads,Dry,Other,Daylight,Vehicle with vehicle collision,2,4,Unknown,na,No Casualty,na,Getting off the vehicle improperly,Slight Injury,Owner,2-5yrs,No Casualty,Not a Pedestrian,No Casualty
14:30:00,Thursday,Under 18,Male,5-10yr,Automobile,Residential areas,Asphalt roads,Dry,Other,Daylight,Vehicle with vehicle collision,2,4,Going straight,Male,31-50,2,Other,Slight Injury,Owner,2-5yrs,No Casualty,Not a Pedestrian,Serious Injury
16:20:00,Wednesday,18-30,Female,2-5yr,Automobile,Residential areas,Asphalt roads,Dry,Normal,Daylight,Vehicle with vehicle collision,2,1,Going straight,Male,18-30,2,Other,Slight Injury,Owner,Unknown,Normal,Not a Pedestrian,Serious Injury
16:20:00,Wednesday,18-30,Male,5-10yr,Lorry (11-40Q),Other,Asphalt roads,Dry,Normal,Daylight,Vehicle with vehicle collision,2,1,Going straight,na,No Casualty,na,No distancing,Slight Injury,Owner,5-10yrs,Normal,Not a Pedestrian,No Casualty
20:25:00,Thursday,18-30,Male,Below 1yr,Bajaj,Other,Asphalt roads,Dry,Normal,Darkness - lights lit,Collision with pedestrians,2,2,Turnover,na,No Casualty,na,No priority to vehicle,Serious Injury,Owner,Unknown,Normal,Not a Pedestrian,No Casualty
20:25:00,Thursday,Under 18,Male,1-2yr,Automobile,Office areas,Asphalt roads,Dry,Normal,Darkness - lights lit,Collision with roadside objects,2,2,Going straight,Male,18-30,2,Overtaking,Serious Injury,Owner,Unknown,No Casualty,Not a Pedestrian,Serious Injury
10:54:00,Monday,Over 51,Male,2-5yr,Lorry (41-100Q),School areas,Earth roads,Dry,Normal,Daylight,Vehicle with vehicle collision,2,1,Going straight,na,No Casualty,na,No priority to pedestrian,Serious Injury,Governmental,Unknown,Normal,Not a Pedestrian,No Casualty
10:54:00,Monday,Over 51,Male,2-5yr,Lorry (11-40Q),Other,Asphalt roads,Dry,Normal,Daylight,Vehicle with vehicle collision,2,1,Going straight,Female,31-50,3,No distancing,Serious Injury,Owner,Unknown,Normal,Not a Pedestrian,Slight Injury
20:35:00,Friday,31-50,Male,5-10yr,Lorry (11-40Q),Other,Asphalt roads,Dry,Normal,Daylight,Vehicle with vehicle collision,2,1,Reversing,Male,Under 18,3,Changing lane to the right,Slight Injury,Owner,5-10yrs,Normal,Not a Pedestrian,Slight Injury
20:35:00,Friday,Under 18,Male,5-10yr,Automobile,Church areas,Asphalt roads,Dry,Normal,Daylight,Vehicle with vehicle collision,2,1,Getting off,Female,18-30,3,Driving carelessly,Slight Injury,Governmental,Unknown,Normal,Not a Pedestrian,Slight Injury
16:40:00,Friday,18-30,Male,5-10yr,Automobile,Office areas,Asphalt roads,Dry,Normal,Daylight,With Train,2,1,Going straight,Female,18-30,3,Changing lane to the right,Slight Injury,Owner,Unknown,Other,Not a Pedestrian,Slight Injury
16:40:00,Friday,31-50,Male,Above 10yr,Automobile,Other,Asphalt roads,Dry,Normal,Daylight,Vehicle with vehicle collision,2,1,Getting off,na,No Casualty,na,Overtaking,Slight Injury,Owner,Unknown,Blind,Not a Pedestrian,No Casualty
09:00:00,Friday,31-50,Male,Above 10yr,Public (13-45 seats),Residential areas,Asphalt roads,Dry,Normal,Daylight,Vehicle with vehicle collision,2,3,Going straight,Male,Under 18,3,Other,Slight Injury,Governmental,Unknown,Normal,Not a Pedestrian,Slight Injury
09:00:00,Friday,31-50,Male,Above 10yr,Public (12 seats),Office areas,Asphalt roads,Dry,Normal,Daylight,Vehicle with vehicle collision,2,3,Going straight,na,No Casualty,na,Driving to the left,Slight Injury,Owner,Unknown,Normal,Not a Pedestrian,No Casualty
09:00:00,Friday,31-50,Male,5-10yr,Other,Office areas,Asphalt roads,Dry,Normal,Daylight,Vehicle with vehicle collision,2,3,Going straight,Female,Over 51,3,Overspeed,Slight Injury,Owner,Unknown,Normal,Not a Pedestrian,Slight Injury
09:00:00,Friday,Over 51,Male,5-10yr,Automobile,Office areas,Asphalt roads,Dry,Normal,Daylight,Vehicle with vehicle collision,2,3,Going straight,na,No Casualty,na,Unknown,Slight Injury,Owner,Below 1yr,Normal,Not a Pedestrian,No Casualty
16:56:00,Sunday,31-50,Male,2-5yr,Automobile,Church areas,Asphalt roads,Dry,Normal,Daylight,Vehicle with vehicle collision,3,1,Going straight,na,No Casualty,na,Changing lane to the right,Slight Injury,Organization,1-2yr,Normal,Not a Pedestrian,No Casualty
16:56:00,Sunday,31-50,Male,5-10yr,Public (13-45 seats),Office areas,Asphalt roads,Dry,Normal,Daylight,Vehicle with vehicle collision,3,1,Going straight,Female,Under 18,2,No distancing,Slight Injury,Owner,Unknown,Normal,Not a Pedestrian,Serious Injury
16:56:00,Sunday,31-50,Male,2-5yr,Public (13-45 seats),Office areas,Gravel roads,Dry,Normal,Daylight,Vehicle with vehicle collision,3,1,Going straight,na,No Casualty,na,Other,Slight Injury,Owner,1-2yr,Normal,Not a Pedestrian,No Casualty
13:30:00,Thursday,18-30,Male,5-10yr,Automobile,Office areas,Asphalt roads,Dry,Normal,Daylight,Vehicle with vehicle collision,2,2,Going straight,Male,31-50,2,No priority to vehicle,Slight Injury,Owner,Unknown,Normal,Not a Pedestrian,Serious Injury
13:30:00,Thursday,31-50,Unknown,Above 10yr,Other,Office areas,Asphalt roads,Dry,Normal,Daylight,Collision with pedestrians,2,2,Going straight,Male,Over 51,2,Changing lane to the left,Slight Injury,Owner,5-10yrs,Normal,Not a Pedestrian,Serious Injury
08:10:00,Wednesday,18-30,Male,2-5yr,Pick up upto 10Q,Other,Asphalt roads,Wet or damp,Normal,Daylight,Collision with roadside objects,3,2,Moving Backward,na,No Casualty,na,No priority to pedestrian,Serious Injury,Owner,Unknown,Normal,Not a Pedestrian,No Casualty
08:10:00,Wednesday,18-30,Male,2-5yr,Lorry (41-100Q),Residential areas,Asphalt roads,Wet or damp,Normal,Daylight,Collision with roadside objects,3,2,Going straight,Female,31-50,2,Overtaking,Serious Injury,Owner,Unknown,No Casualty,Not a Pedestrian,Serious Injury
08:10:00,Wednesday,31-50,Male,Above 10yr,Automobile,Church areas,Asphalt roads,Wet or damp,Normal,Daylight,Vehicle with vehicle collision,3,2,Going straight,Male,Under 18,2,Driving carelessly,Serious Injury,Owner,Unknown,Normal,Crossing from driver's nearside,Serious Injury
14:09:00,Tuesday,18-30,Male,1-2yr,Automobile,Other,Asphalt roads,Dry,Normal,Daylight,Vehicle with vehicle collision,2,1,Going straight,na,No Casualty,na,No priority to vehicle,Slight Injury,Owner,Unknown,Normal,Not a Pedestrian,No Casualty
14:09:00,Tuesday,18-30,Male,Above 10yr,Lorry (41-100Q),Recreational areas,Asphalt roads,Dry,Normal,Daylight,Vehicle with vehicle collision,2,1,Going straight,Female,31-50,3,No priority to pedestrian,Slight Injury,Owner,Unknown,Normal,Not a Pedestrian,Slight Injury
14:56:00,Wednesday,31-50,Male,5-10yr,Automobile,Other,Asphalt roads,Dry,Normal,Daylight,Vehicle with vehicle collision,2,1,Going straight,Female,31-50,3,Changing lane to the right,Slight Injury,Owner,Unknown,No Casualty,Not a Pedestrian,Slight Injury
14:56:00,Wednesday,31-50,Male,5-10yr,Other,Industrial areas,Asphalt roads,Dry,Normal,Daylight,Vehicle with vehicle collision,2,1,Going straight,na,No Casualty,na,Driving carelessly,Slight Injury,Owner,Unknown,Normal,Not a Pedestrian,No Casualty
09:40:00,Sunday,18-30,Male,5-10yr,Automobile,Other,Asphalt roads,Dry,Normal,Daylight,Collision with roadside objects,3,1,Going straight,na,No Casualty,na,Changing lane to the right,Slight Injury,Owner,Unknown,No Casualty,Not a Pedestrian,No Casualty
09:40:00,Sunday,18-30,Male,5-10yr,Automobile,Other,Asphalt roads,Dry,Normal,Daylight,Vehicle with vehicle collision,3,1,Going straight,Male,31-50,3,Changing lane to the right,Slight Injury,Owner,Unknown,Normal,Not a Pedestrian,Slight Injury
09:40:00,Sunday,18-30,Male,Above 10yr,Automobile,Church areas,Asphalt roads,Dry,Normal,Daylight,Vehicle with vehicle collision,3,1,Going straight,na,No Casualty,na,Changing lane to the left,Slight Injury,Owner,5-10yrs,Normal,Not a Pedestrian,No Casualty
10:15:00,Tuesday,Over 51,Male,1-2yr,Automobile,Church areas,Asphalt roads,Dry,Normal,Daylight,Vehicle with vehicle collision,1,1,Going straight,Male,31-50,3,Overturning,Serious Injury,Owner,5-10yrs,Normal,Not a Pedestrian,Slight Injury
14:15:00,Friday,18-30,Male,2-5yr,Lorry (41-100Q),Other,Asphalt roads,Dry,Normal,Daylight,Vehicle with vehicle collision,2,1,Going straight,Male,Under 18,3,Driving carelessly,Slight Injury,Owner,Unknown,Normal,Not a Pedestrian,Slight Injury
14:15:00,Friday,18-30,Male,Below 1yr,Other,Other,Asphalt roads,Dry,Normal,Daylight,Vehicle with vehicle collision,2,1,Going straight,Female,Under 18,3,No distancing,Slight Injury,Owner,Unknown,Normal,Not a Pedestrian,Slight Injury
11:40:00,Friday,18-30,Male,Above 10yr,Pick up upto 10Q,Recreational areas,Asphalt roads,Dry,Normal,Daylight,Vehicle with vehicle collision,2,1,Going straight,na,No Casualty,na,Driving carelessly,Slight Injury,Governmental,2-5yrs,Normal,Not a Pedestrian,No Casualty
11:40:00,Friday,Over 51,Male,1-2yr,Stationwagen,Other,Asphalt roads,Dry,Normal,Daylight,Collision with pedestrians,2,1,Going straight,Male,18-30,2,Changing lane to the left,Slight Injury,Owner,2-5yrs,Normal,Not a Pedestrian,Serious Injury
12:44:00,Sunday,18-30,Male,5-10yr,Other,Office areas,Other,Dry,Normal,Daylight,Collision with pedestrians,1,1,Going straight,Male,18-30,2,No priority to vehicle,Serious Injury,Owner,5-10yrs,Normal,Not a Pedestrian,Serious Injury
16:22:00,Friday,18-30,Male,5-10yr,Pick up upto 10Q,Church areas,Asphalt roads,Dry,Normal,Daylight,Collision with roadside objects,2,1,Going straight,na,No Casualty,na,Changing lane to the right,Slight Injury,Owner,5-10yrs,No Casualty,Not a Pedestrian,No Casualty
16:22:00,Friday,31-50,Unknown,Below 1yr,Stationwagen,Office areas,Asphalt roads,Dry,Normal,Daylight,Collision with pedestrians,2,1,Going straight,Female,Over 51,3,No distancing,Slight Injury,Owner,2-5yrs,No Casualty,Not a Pedestrian,Slight Injury
13:15:00,Friday,18-30,Male,5-10yr,Lorry (41-100Q),Office areas,Asphalt roads,Wet or damp,Normal,Daylight,Vehicle with vehicle collision,2,2,Reversing,Male,Over 51,3,Moving Backward,Slight Injury,Owner,Unknown,No Casualty,Not a Pedestrian,Slight Injury
13:15:00,Friday,31-50,Male,Above 10yr,Automobile,Other,Asphalt roads,Wet or damp,Normal,Daylight,Vehicle with vehicle collision,2,2,Going straight,na,No Casualty,na,Moving Backward,Slight Injury,Owner,2-5yrs,Normal,Not a Pedestrian,No Casualty
09:06:00,Tuesday,18-30,Male,5-10yr,Automobile,Residential areas,Asphalt roads,Dry,Normal,Daylight,Vehicle with vehicle collision,2,2,Going straight,Female,31-50,3,No distancing,Slight Injury,Governmental,Unknown,Normal,Not a Pedestrian,Slight Injury