Time,Day_of_week,Age_band_of_driver,Sex_of_driver,Driving_experience,Type_of_vehicle,Area_accident_occured,Road_surface_type,Road_surface_conditions,Weather_conditions,Light_conditions,Type_of_collision,Number_of_vehicles_involved,Number_of_casualties,Vehicle_movement,Sex_of_casualty,Age_band_of_casualty,Casualty_severity,Cause_of_accident,Accident_severity,Owner_of_vehicle,Service_year_of_vehicle,Fitness_of_casuality,Pedestrian_movement,Casualty_severity_label
16:02:00,Thursday,31-50,Male,5-10yr,Automobile,Other,Asphalt roads,Dry,Normal,Daylight,Vehicle with vehicle collision,1,3,Going straight,na,No Casualty,na,No distancing,Slight Injury,Owner,Unknown,Normal,Not a Pedestrian,No Casualty
16:02:00,Thursday,31-50,Male,2-5yr,Pick up upto 10Q,Office areas,Asphalt roads,Dry,Normal,Daylight,Collision with roadside objects,1,3,Going straight,Male,18-30,3,Changing lane to the right,Slight Injury,Owner,Unknown,Normal,Not a Pedestrian,Slight Injury
15:44:00,Thursday,18-30,Male,Below 1yr,Stationwagen,Office areas,Asphalt roads,Dry,Normal,Daylight,Vehicle with vehicle collision,1,2,Reversing,Male,18-30,3,Changing lane to the left,Slight Injury,Owner,Unknown,No Casualty,Not a Pedestrian,Slight Injury
15:44:00,Thursday,18-30,Male,Below 1yr,Other,Office areas,Asphalt roads,Dry,Normal,Daylight,Vehicle with vehicle collision,1,2,Going straight,Female,Under 18,3,Getting off the vehicle improperly,Slight Injury,Owner,Above 10yr,Normal,Crossing from driver's nearside,Slight Injury
18:26:00,Thursday,31-50,Male,5-10yr,Automobile,Church areas,Asphalt roads,Dry,Normal,Daylight,Vehicle with vehicle collision,2,1,Going straight,Female,31-50,3,Other,Slight Injury,Owner,Above 10yr,Normal,Not a Pedestrian,Slight Injury
18:26:00,Thursday,18-30,Male,5-10yr,Automobile,Office areas,Asphalt roads,Dry,Normal,Daylight,Vehicle with vehicle collision,2,1,Going straight,na,No Casualty,na,Other,Slight Injury,Owner,Above 10yr,No Casualty,Not a Pedestrian,No Casualty
23:45:00,Thursday,31-50,Male,1-2yr,Stationwagen,Other,Asphalt roads,Dry,Normal,Darkness - lights lit,Rollover,2,1,Going straight,na,No Casualty,na,No distancing,Slight Injury,Owner,5-10yrs,No Casualty,Not a Pedestrian,No Casualty
23:45:00,Thursday,31-50,Male,5-10yr,Pick up upto 10Q,Other,Asphalt roads,Dry,Normal,Darkness - lights lit,Vehicle with vehicle collision,2,1,Going straight,Male,31-50,3,No priority to vehicle,Slight Injury,Owner,Unknown,Normal,Not a Pedestrian,Slight Injury
18:24:00,Friday,31-50,Male,Above 10yr,Lorry (41-100Q),Church areas,Asphalt roads with some distress,Dry,Normal,Daylight,Vehicle with vehicle collision,2,1,Going straight,Female,Under 18,3,Overtaking,Slight Injury,Owner,5-10yrs,Normal,Not a Pedestrian,Slight Injury
18:24:00,Friday,18-30,Male,1-2yr,Automobile,School areas,Asphalt roads,Dry,Normal,Daylight,Collision with roadside objects,2,1,Other,na,No Casualty,na,No priority to pedestrian,Slight Injury,Owner,1-2yr,No Casualty,Not a Pedestrian,No Casualty
14:30:00,Monday,31-50,Male,5-10yr,Automobile,Church areas,Asphalt roads,Dry,Normal,Daylight,Vehicle with vehicle collision,2,1,Moving Backward,Male,31-50,3,No distancing,Slight Injury,Owner,Unknown,No Casualty,Not a Pedestrian,Slight Injury
14:30:00,Monday,18-30,Male,Above 10yr,Lorry (41-100Q),Office areas,Asphalt roads,Dry,Normal,Daylight,Vehicle with vehicle collision,2,1,Other,Female,18-30,2,Changing lane to the right,Slight Injury,Owner,Above 10yr,Normal,Crossing from driver's nearside,Serious Injury
07:46:00,Friday,31-50,Male,2-5yr,Lorry (41-100Q),Other,Asphalt roads,Dry,Normal,Daylight,Vehicle with vehicle collision,2,1,Going straight,Female,Under 18,3,Driving carelessly,Slight Injury,Owner,2-5yrs,Normal,Not a Pedestrian,Slight Injury
07:46:00,Friday,18-30,Male,5-10yr,Lorry (41-100Q),Church areas,Gravel roads,Dry,Normal,Daylight,Collision with roadside objects,2,1,Going straight,Male,18-30,3,Changing lane to the right,Slight Injury,Owner,Above 10yr,No Casualty,Not a Pedestrian,Slight Injury
09:47:00,Wednesday,31-50,Male,Below 1yr,Pick up upto 10Q,Other,Asphalt roads,Dry,Normal,Daylight,Collision with roadside objects,1,1,Going straight,Male,18-30,3,Overtaking,Serious Injury,Governmental,1-2yr,No Casualty,Not a Pedestrian,Slight Injury
08:12:00,Wednesday,31-50,Male,5-10yr,Pick up upto 10Q,Other,Asphalt roads,Dry,Normal,Daylight,Vehicle with vehicle collision,1,1,Other,Female,31-50,3,Other,Slight Injury,Governmental,Above 10yr,Normal,Not a Pedestrian,Slight Injury
07:50:00,Wednesday,31-50,Male,Above 10yr,Automobile,Office areas,Asphalt roads,Wet or damp,Rain,Daylight,Vehicle with vehicle collision,2,1,Going straight,na,No Casualty,na,Driving to the left,Slight Injury,Organization,5-10yrs,Normal,Not a Pedestrian,No Casualty
07:50:00,Wednesday,18-30,Male,5-10yr,Other,Other,Asphalt roads,Wet or damp,Rain,Daylight,Collision with roadside objects,2,1,Going straight,na,No Casualty,na,Overspeed,Slight Injury,Organization,Above 10yr,No Casualty,Not a Pedestrian,No Casualty
21:00:00,Wednesday,31-50,Unknown,1-2yr,Automobile,Other,Asphalt roads,Dry,Normal,Darkness - lights lit,Collision with roadside objects,2,1,Going straight,Male,31-50,3,Unknown,Slight Injury,Owner,2-5yrs,No Casualty,Not a Pedestrian,Slight Injury
21:00:00,Wednesday,18-30,Female,5-10yr,Automobile,Residential areas,Asphalt roads,Dry,Normal,Darkness - lights lit,Vehicle with vehicle collision,2,1,Going straight,na,No Casualty,na,Changing lane to the right,Slight Injury,Governmental,Unknown,Normal,Not a Pedestrian,No Casualty
08:05:00,Thursday,31-50,Male,1-2yr,Automobile,Residential areas,Asphalt roads,Dry,Normal,Daylight,Collision with pedestrians,2,1,Going straight,Male,18-30,3,No distancing,Slight Injury,Owner,Above 10yr,Normal,Not a Pedestrian,Slight Injury
08:05:00,Thursday,31-50,Male,Above 10yr,Public (> 45 seats),Office areas,Asphalt roads,Dry,Normal,Daylight,Vehicle with vehicle collision,2,1,Going straight,Male,18-30,3,Other,Slight Injury,Owner,5-10yrs,No Casualty,Not a Pedestrian,Slight Injury
14:50:00,Thursday,18-30,Male,1-2yr,Lorry (41-100Q),Recreational areas,Asphalt roads,Dry,Normal,Daylight,Vehicle with vehicle collision,2,1,Moving Backward,Female,18-30,3,No priority to vehicle,Slight Injury,Owner,Unknown,No Casualty,Not a Pedestrian,Slight Injury
14:50:00,Thursday,31-50,Male,5-10yr,Public (> 45 seats),Office areas,Earth roads,Dry,Normal,Daylight,Vehicle with vehicle collision,2,1,Moving Backward,Female,Over 51,2,Changing lane to the left,Slight Injury,Governmental,Unknown,Normal,Not a Pedestrian,Serious Injury
12:26:00,Friday,18-30,Male,2-5yr,Automobile,Industrial areas,Asphalt roads,Dry,Normal,Daylight,Vehicle with vehicle collision,1,1,Going straight,Male,Over 51,3,No priority to pedestrian,Slight Injury,Owner,5-10yrs,Normal,Not a Pedestrian,Slight Injury
15:15:00,Friday,31-50,Male,5-10yr,Automobile,Other,Asphalt roads,Dry,Normal,Daylight,Vehicle with vehicle collision,2,1,Going straight,Male,Under 18,3,Overtaking,Slight Injury,Owner,Unknown,Normal,Crossing from offside - masked by  parked or statioNot a Pedestrianry vehicle,Slight Injury
15:15:00,Friday,18-30,Male,2-5yr,Automobile,Residential areas,Asphalt roads,Dry,Normal,Daylight,Collision with roadside objects,2,1,Turnover,Male,Under 18,2,Driving carelessly,Slight Injury,Owner,Unknown,No Casualty,Not a Pedestrian,Serious Injury
20:50:00,Friday,Over 51,Male,2-5yr,Automobile,Residential areas,Asphalt roads,Dry,Normal,Darkness - lights lit,Collision with roadside objects,1,1,Going straight,na,No Casualty,na,No priority to vehicle,Serious Injury,Governmental,Above 10yr,No Casualty,Not a Pedestrian,No Casualty
08:25:00,Friday,31-50,Male,Above 10yr,Lorry (41-100Q),Industrial areas,Earth roads,Dry,Normal,Daylight,Vehicle with vehicle collision,2,1,Going straight,Female,31-50,3,No priority to pedestrian,Serious Injury,Owner,1-2yr,No Casualty,Not a Pedestrian,Slight Injury
08:25:00,Friday,31-50,Male,1-2yr,Automobile,Residential areas,Asphalt roads,Dry,Normal,Daylight,Vehicle with vehicle collision,2,1,Going straight,na,No Casualty,na,Changing lane to the right,Serious Injury,Owner,2-5yrs,No Casualty,Not a Pedestrian,No Casualty
16:30:00,Friday,18-30,Male,1-2yr,Public (13-45 seats),Residential areas,Asphalt roads,Dry,Normal,Daylight,Vehicle with vehicle collision,1,1,Going straight,Female,31-50,3,Driving carelessly,Slight Injury,Owner,Unknown,Normal,Not a Pedestrian,Slight Injury
15:20:00,Sunday,31-50,Male,5-10yr,Automobile,Office areas,Earth roads,Dry,Normal,Daylight,Vehicle with vehicle collision,2,1,Going straight,na,No Casualty,na,Changing lane to the right,Slight Injury,Owner,Unknown,Normal,Not a Pedestrian,No Casualty
15:20:00,Sunday,18-30,Male,1-2yr,Public (> 45 seats),Office areas,Asphalt roads,Dry,Normal,Daylight,Vehicle with vehicle collision,2,1,Going straight,Male,31-50,3,Changing lane to the right,Slight Injury,Owner,2-5yrs,Normal,Not a Pedestrian,Slight Injury
20:40:00,Tuesday,31-50,Male,5-10yr,Lorry (41-100Q),Office areas,Asphalt roads,Dry,Normal,Darkness - lights lit,Vehicle with vehicle collision,2,1,Going straight,Female,Over 51,2,Changing lane to the left,Slight Injury,Owner,Above 10yr,Normal,Crossing from nearside - masked by parked or statioNot a Pedestrianry vehicle,Serious Injury
20:40:00,Tuesday,Under 18,Male,Above 10yr,Automobile,Office areas,Asphalt roads,Dry,Normal,Darkness - lights lit,Vehicle with vehicle collision,2,1,Going straight,na,No Casualty,na,Overturning,Slight Injury,Owner,1-2yr,Normal,Not a Pedestrian,No Casualty
13:42:00,Wednesday,18-30,Male,Above 10yr,Lorry (11-40Q),Office areas,Asphalt roads,Dry,Normal,Daylight,Vehicle with vehicle collision,1,1,Going straight,Male,18-30,3,Driving carelessly,Slight Injury,Owner,Unknown,No Casualty,Not a Pedestrian,Slight Injury
10:23:00,Wednesday,31-50,Male,5-10yr,Public (13-45 seats),Office areas,Asphalt roads,Dry,Normal,Daylight,Vehicle with vehicle collision,1,1,Other,Female,Over 51,3,No distancing,Serious Injury,Owner,Unknown,Normal,Unknown or other,Slight Injury
18:15:00,Thursday,31-50,Male,2-5yr,Public (13-45 seats),Office areas,Asphalt roads,Dry,Normal,Daylight,Vehicle with vehicle collision,2,1,Getting off,na,No Casualty,na,Driving carelessly,Slight Injury,Owner,Unknown,Normal,Not a Pedestrian,No Casualty
18:15:00,Thursday,18-30,Male,2-5yr,Automobile,Residential areas,Asphalt roads,Dry,Normal,Daylight,Other,2,1,Going straight,Male,Over 51,2,Changing lane to the left,Slight Injury,Owner,Above 10yr,Normal,Not a Pedestrian,Serious Injury
04:05:00,Friday,31-50,Male,Below 1yr,Long lorry,Residential areas,Asphalt roads,Dry,Normal,Darkness - lights lit,Vehicle with vehicle collision,2,2,Going straight,Female,Under 18,3,No priority to vehicle,Slight Injury,Owner,5-10yrs,Normal,Not a Pedestrian,Slight Injury
04:05:00,Friday,18-30,Male,2-5yr,Lorry (41-100Q),Other,Asphalt roads,Dry,Normal,Darkness - lights lit,Collision with roadside objects,2,2,Going straight,Female,Under 18,3,Changing lane to the right,Slight Injury,Owner,Unknown,Normal,Not a Pedestrian,Slight Injury
13:45:00,Sunday,31-50,Male,2-5yr,Lorry (11-40Q),Church areas,Asphalt roads,Wet or damp,Rain,Daylight,Vehicle with vehicle collision,1,1,Other,na,No Casualty,na,No distancing,Slight Injury,Owner,5-10yrs,Normal,Not a Pedestrian,No Casualty
07:42:00,Thursday,Over 51,Male,5-10yr,Lorry (41-100Q),Recreational areas,Asphalt roads,Dry,Normal,Daylight,Vehicle with vehicle collision,2,1,Going straight,Male,31-50,3,Moving Backward,Slight Injury,Owner,Unknown,Normal,Not a Pedestrian,Slight Injury
07:42:00,Thursday,18-30,Male,Above 10yr,Public (12 seats),Industrial areas,Asphalt roads,Dry,Normal,Daylight,Vehicle with vehicle collision,2,1,Moving Backward,na,No Casualty,na,Moving Backward,Slight Injury,Owner,Unknown,Normal,Not a Pedestrian,No Casualty
23:19:00,Friday,18-30,Male,5-10yr,Automobile,Residential areas,Asphalt roads with some distress,Dry,Normal,Darkness - lights lit,Vehicle with vehicle collision,2,1,Other,Female,31-50,3,No distancing,Slight Injury,Owner,Unknown,Normal,Unknown or other,Slight Injury
23:19:00,Friday,18-30,Male,2-5yr,Taxi,Residential areas,Asphalt roads,Dry,Normal,Darkness - lights lit,Vehicle with vehicle collision,2,1,Going straight,na,No Casualty,na,No distancing,Slight Injury,Owner,Above 10yr,Normal,Not a Pedestrian,No Casualty
17:43:00,Friday,31-50,Male,5-10yr,Automobile,Office areas,Asphalt roads,Dry,Normal,Daylight,Vehicle with vehicle collision,2,2,Going straight,Female,31-50,3,No distancing,Slight Injury,Owner,2-5yrs,Normal,Not a Pedestrian,Slight Injury
17:43:00,Friday,18-30,Male,2-5yr,Automobile,Market areas,Asphalt roads,Dry,Normal,Daylight,Collision with roadside objects,2,2,Going straight,Male,Under 18,2,No priority to pedestrian,Slight Injury,Owner,2-5yrs,Normal,Crossing from nearside - masked by parked or statioNot a Pedestrianry vehicle,Serious Injury
17:43:00,Friday,18-30,Male,5-10yr,Automobile,Unknown,Asphalt roads,Dry,Normal,Daylight,Collision with roadside objects,2,2,Going straight,na,No Casualty,na,Driving carelessly,Slight Injury,Owner,Unknown,No Casualty,Not a Pedestrian,No Casualty
15:45:00,Thursday,18-30,Male,1-2yr,Lorry (41-100Q),Industrial areas,Asphalt roads,Dry,Normal,Daylight,Vehicle with vehicle collision,2,1,Going straight,Male,31-50,3,Changing lane to the right,Serious Injury,Owner,Unknown,Normal,Not a Pedestrian,Slight Injury
15:45:00,Thursday,18-30,Male,2-5yr,Automobile,Residential areas,Asphalt roads,Dry,Normal,Daylight,Collision with roadside objects,2,1,Going straight,Female,31-50,3,Changing lane to the left,Serious Injury,Owner,Unknown,No Casualty,Not a Pedestrian,Slight Injury
19:30:00,Friday,18-30,Male,Above 10yr,Automobile,Residential areas,Asphalt roads,Dry,Normal,Daylight,Collision with roadside objects,2,1,Going straight,Male,18-30,3,Driving carelessly,Slight Injury,Governmental,Below 1yr,No Casualty,Not a Pedestrian,Slight Injury
19:30:00,Friday,18-30,Male,Below 1yr,Lorry (41-100Q),Other,Asphalt roads,Dry,Normal,Daylight,Vehicle with vehicle collision,2,1,Going straight,na,No Casualty,na,Driving carelessly,Slight Injury,Owner,5-10yrs,Normal,Not a Pedestrian,No Casualty
18:30:00,Friday,18-30,Unknown,2-5yr,Automobile,Residential areas,Asphalt roads,Dry,Normal,Daylight,Vehicle with vehicle collision,2,1,Going straight,na,No Casualty,na,No distancing,Slight Injury,Governmental,Unknown,Normal,Not a Pedestrian,No Casualty
18:30:00,Friday,18-30,Male,Below 1yr,Automobile,Rural village areas,Asphalt roads,Dry,Normal,Daylight,Collision with roadside objects,2,1,Going straight,Male,31-50,3,Other,Slight Injury,Owner,1-2yr,Normal,Not a Pedestrian,Slight Injury
15:20:00,Wednesday,31-50,Male,5-10yr,Automobile,Rural village areas,Asphalt roads,Dry,Normal,Daylight,Vehicle with vehicle collision,1,1,Going straight,na,No Casualty,na,Changing lane to the right,Slight Injury,Owner,2-5yrs,Normal,Not a Pedestrian,No Casualty
13:35:00,Wednesday,18-30,Male,1-2yr,Taxi,Office areas,Asphalt roads,Dry,Normal,Daylight,Vehicle with vehicle collision,2,1,Going straight,Male,31-50,3,Changing lane to the right,Slight Injury,Owner,Unknown,Normal,Not a Pedestrian,Slight Injury
13:35:00,Wednesday,18-30,Male,Below 1yr,Automobile,Residential areas,Asphalt roads,Dry,Normal,Daylight,Vehicle with vehicle collision,2,1,Going straight,na,No Casualty,na,No distancing,Slight Injury,Owner,2-5yrs,Normal,Not a Pedestrian,No Casualty
19:32:00,Tuesday,18-30,Male,5-10yr,Automobile,Residential areas,Asphalt roads,Dry,Normal,Darkness - lights lit,Vehicle with vehicle collision,2,1,Going straight,Male,Under 18,3,No distancing,Slight Injury,Owner,Unknown,Normal,Crossing from offside - masked by  parked or statioNot a Pedestrianry vehicle,Slight Injury
19:32:00,Tuesday,18-30,Male,Below 1yr,Automobile,Outside rural areas,Asphalt roads,Dry,Normal,Darkness - lights lit,Vehicle with vehicle collision,2,1,Going straight,Male,Under 18,3,Overturning,Slight Injury,Owner,Unknown,Normal,Not a Pedestrian,Slight Injury
22:45:00,Wednesday,31-50,Male,Below 1yr,Pick up upto 10Q,Residential areas,Asphalt roads,Dry,Normal,Darkness - lights lit,Vehicle with vehicle collision,2,1,Going straight,na,No Casualty,na,Overspeed,Slight Injury,Owner,Above 10yr,Normal,Not a Pedestrian,No Casualty
22:45:00,Wednesday,18-30,Male,5-10yr,Automobile,Church areas,Asphalt roads,Dry,Normal,Darkness - lights lit,Collision with pedestrians,2,1,Going straight,Male,18-30,3,No priority to vehicle,Slight Injury,Owner,5-10yrs,Normal,Not a Pedestrian,Slight Injury
15:15:00,Monday,Under 18,Male,2-5yr,Automobile,Office areas,Asphalt roads,Dry,Normal,Daylight,Vehicle with vehicle collision,2,1,Going straight,Male,18-30,3,No priority to pedestrian,Slight Injury,Owner,Unknown,No Casualty,Not a Pedestrian,Slight Injury
15:15:00,Monday,18-30,Unknown,Above 10yr,Public (12 seats),Office areas,Asphalt roads,Dry,Normal,Daylight,Collision with roadside objects,2,1,Going straight,Female,18-30,3,No priority to vehicle,Slight Injury,Owner,Unknown,Normal,Not a Pedestrian,Slight Injury
14:55:00,Tuesday,31-50,Male,Above 10yr,Public (13-45 seats),Office areas,Gravel roads,Dry,Normal,Daylight,Vehicle with vehicle collision,2,1,Going straight,na,No Casualty,na,Other,Slight Injury,Governmental,Unknown,No Casualty,Not a Pedestrian,No Casualty
14:55:00,Tuesday,18-30,Male,5-10yr,Lorry (11-40Q),Other,Asphalt roads,Dry,Normal,Daylight,Vehicle with vehicle collision,2,1,Turnover,Male,31-50,3,Other,Slight Injury,Owner,2-5yrs,Normal,Not a Pedestrian,Slight Injury
07:40:00,Sunday,Over 51,Male,1-2yr,Stationwagen,Other,Asphalt roads,Dry,Normal,Daylight,Vehicle with vehicle collision,2,1,Moving Backward,Female,18-30,3,Moving Backward,Slight Injury,Owner,2-5yrs,No Casualty,Not a Pedestrian,Slight Injury
07:40:00,Sunday,31-50,Male,Below 1yr,Ridden horse,Residential areas,Asphalt roads,Dry,Normal,Daylight,Vehicle with vehicle collision,2,1,Going straight,Female,31-50,3,No distancing,Slight Injury,Owner,Unknown,Normal,Unknown or other,Slight Injury
10:49:00,Sunday,18-30,Male,Below 1yr,Stationwagen,Other,Asphalt roads,Dry,Normal,Daylight,Vehicle with vehicle collision,2,1,Going straight,Female,31-50,3,Moving Backward,Slight Injury,Owner,Unknown,No Casualty,Not a Pedestrian,Slight Injury
10:49:00,Sunday,31-50,Male,2-5yr,Automobile,Other,Asphalt roads,Dry,Normal,Daylight,Vehicle with vehicle collision,2,1,Moving Backward,Female,Over 51,3,No priority to vehicle,Slight Injury,Owner,Below 1yr,No Casualty,Not a Pedestrian,Slight Injury
05:57:00,Friday,31-50,Male,1-2yr,Automobile,Other,Asphalt roads,Wet or damp,Rain,Darkness - lights lit,Vehicle with vehicle collision,2,3,Going straight,na,No Casualty,na,Driving carelessly,Slight Injury,Owner,5-10yrs,Normal,Not a Pedestrian,No Casualty
05:57:00,Friday,31-50,Male,5-10yr,Other,Other,Asphalt roads,Wet or damp,Rain,Darkness - lights lit,Vehicle with vehicle collision,2,3,Moving Backward,Male,18-30,3,No distancing,Slight Injury,Governmental,5-10yrs,Normal,Not a Pedestrian,Slight Injury
05:57:00,Friday,31-50,Male,2-5yr,Taxi,Other,Asphalt roads,Wet or damp,Rain,Darkness - lights lit,Vehicle with vehicle collision,2,3,Going straight,na,No Casualty,na,Other,Slight Injury,Owner,2-5yrs,Normal,Not a Pedestrian,No Casualty
05:57:00,Friday,18-30,Male,5-10yr,Automobile,Other,Asphalt roads,Wet or damp,Rain,Darkness - lights lit,Collision with roadside objects,2,3,Going straight,na,No Casualty,na,Changing lane to the right,Slight Injury,Owner,Unknown,Normal,Not a Pedestrian,No Casualty
07:59:00,Friday,31-50,Male,Above 10yr,Stationwagen,Church areas,Asphalt roads,Dry,Normal,Daylight,Vehicle with vehicle collision,2,1,Going straight,Male,18-30,3,No distancing,Slight Injury,Owner,2-5yrs,No Casualty,Not a Pedestrian,Slight Injury
07:59:00,Friday,18-30,Male,5-10yr,Automobile,Other,Asphalt roads,Dry,Normal,Daylight,Collision with roadside objects,2,1,Other,na,No Casualty,na,Driving carelessly,Slight Injury,Owner,5-10yrs,Normal,Not a Pedestrian,No Casualty
21:44:00,Sunday,18-30,Male,5-10yr,Public (12 seats),Industrial areas,Asphalt roads,Dry,Normal,Darkness - lights lit,Vehicle with vehicle collision,2,1,Other,Female,18-30,3,No distancing,Slight Injury,Organization,2-5yrs,No Casualty,Not a Pedestrian,Slight Injury
21:44:00,Sunday,18-30,Male,5-10yr,Automobile,Residential areas,Asphalt roads,Dry,Normal,Darkness - lights lit,Vehicle with vehicle collision,2,1,Going straight,Male,Under 18,2,No priority to vehicle,Slight Injury,Owner,Unknown,Normal,Not a Pedestrian,Serious Injury
17:40:00,Friday,18-30,Male,Above 10yr,Automobile,Other,Asphalt roads,Dry,Normal,Daylight,Vehicle with vehicle collision,2,2,Reversing,na,No Casualty,na,Changing lane to the right,Slight Injury,Governmental,Above 10yr,Normal,Not a Pedestrian,No Casualty
17:40:00,Friday,31-50,Male,1-2yr,Lorry (41-100Q),Office areas,Gravel roads,Dry,Normal,Daylight,Collision with pedestrians,2,2,Going straight,Male,31-50,3,No priority to pedestrian,Slight Injury,Owner,Unknown,Normal,Not a Pedestrian,Slight Injury
17:40:00,Friday,31-50,Male,2-5yr,Automobile,Industrial areas,Asphalt roads,Dry,Normal,Daylight,Vehicle with vehicle collision,2,2,Going straight,na,No Casualty,na,No priority to vehicle,Slight Injury,Owner,Unknown,Normal,Not a Pedestrian,No Casualty
17:35:00,Sunday,31-50,Unknown,1-2yr,Public (> 45 seats),Industrial areas,Asphalt roads,Dry,Normal,Daylight,Vehicle with vehicle collision,1,1,Going straight,Male,31-50,3,Changing lane to the left,Serious Injury,Owner,1-2yr,Normal,Not a Pedestrian,Slight Injury
18:10:00,Thursday,31-50,Male,5-10yr,Automobile,Other,Asphalt roads,Dry,Normal,Daylight,Vehicle with vehicle collision,2,1,Going straight,na,No Casualty,na,Turnover,Slight Injury,Owner,Unknown,Normal,Not a Pedestrian,No Casualty
18:10:00,Thursday,18-30,Male,5-10yr,Public (12 seats),Hospital areas,Asphalt roads,Dry,Normal,Daylight,Collision with pedestrians,2,1,Moving Backward,Male,Over 51,3,Driving to the left,Slight Injury,Organization,Above 10yr,Normal,Not a Pedestrian,Slight Injury
10:15:00,Thursday,31-50,Male,5-10yr,Public (12 seats),Office areas,Earth roads,Dry,Normal,Daylight,Collision with roadside objects,2,1,Going straight,Female,Under 18,3,Driving carelessly,Slight Injury,Owner,Unknown,Normal,Not a Pedestrian,Slight Injury
10:15:00,Thursday,18-30,Male,Above 10yr,Automobile,Church areas,Asphalt roads,Dry,Normal,Daylight,Vehicle with vehicle collision,2,1,Going straight,Female,Over 51,3,Driving to the left,Slight Injury,Owner,2-5yrs,No Casualty,Not a Pedestrian,Slight Injury
17:25:00,Monday,18-30,Male,2-5yr,Automobile,Hospital areas,Asphalt roads,Dry,Normal,Daylight,Vehicle with vehicle collision,2,1,Going straight,na,No Casualty,na,Driving carelessly,Slight Injury,Organization,5-10yrs,No Casualty,Not a Pedestrian,No Casualty
17:25:00,Monday,31-50,Male,Above 10yr,Public (> 45 seats),Office areas,Asphalt roads,Dry,Normal,Daylight,Vehicle with vehicle collision,2,1,Going straight,na,No Casualty,na,No priority to pedestrian,Slight Injury,Owner,Above 10yr,Normal,Not a Pedestrian,No Casualty
09:00:00,Sunday,31-50,Male,2-5yr,Lorry (41-100Q),Other,Gravel roads,Dry,Normal,Daylight,Vehicle with vehicle collision,2,1,Going straight,Male,Over 51,1,Driving carelessly,Slight Injury,Owner,2-5yrs,Normal,Crossing from nearside - masked by parked or statioNot a Pedestrianry vehicle,Fatal Injury
09:00:00,Sunday,18-30,Female,5-10yr,Public (> 45 seats),Office areas,Asphalt roads,Dry,Normal,Daylight,Vehicle with vehicle collision,2,1,Moving Backward,Male,18-30,3,Changing lane to the right,Slight Injury,Owner,1-2yr,Normal,Not a Pedestrian,Slight Injury
18:50:00,Tuesday,18-30,Male,5-10yr,Automobile,Office areas,Asphalt roads,Dry,Normal,Daylight,Vehicle with vehicle collision,1,1,Going straight,Male,Under 18,3,Moving Backward,Slight Injury,Owner,2-5yrs,Normal,Not a Pedestrian,Slight Injury
11:20:00,Tuesday,Under 18,Male,5-10yr,Automobile,Other,Asphalt roads,Dry,Normal,Daylight,Vehicle with vehicle collision,2,1,Going straight,Male,Under 18,2,Driving carelessly,Slight Injury,Owner,Unknown,No Casualty,Not a Pedestrian,Serious Injury
11:20:00,Tuesday,18-30,Male,5-10yr,Automobile,Office areas,Earth roads,Dry,Normal,Daylight,Collision with roadside objects,2,1,Moving Backward,Male,Under 18,2,Changing lane to the right,Slight Injury,Owner,1-2yr,Normal,Not a Pedestrian,Serious Injury
19:40:00,Tuesday,18-30,Male,Above 10yr,Automobile,Residential areas,Asphalt roads,Dry,Normal,Darkness - lights lit,Collision with roadside objects,2,1,Moving Backward,Male,Under 18,2,Driving carelessly,Slight Injury,Owner,Unknown,Normal,Not a Pedestrian,Serious Injury
19:40:00,Tuesday,18-30,Male,Below 1yr,Lorry (41-100Q),Other,Asphalt roads,Dry,Normal,Darkness - lights lit,Vehicle with vehicle collision,2,1,Going straight,Male,31-50,3,Driving carelessly,Slight Injury,Owner,Unknown,Normal,Not a Pedestrian,Slight Injury
18:22:00,Sunday,Under 18,Male,5-10yr,Automobile,Office areas,Asphalt roads,Dry,Normal,Daylight,Vehicle with vehicle collision,2,1,Turnover,na,No Casualty,na,Driving carelessly,Slight Injury,Owner,2-5yrs,Normal,Not a Pedestrian,No Casualty
18:22:00,Sunday,31-50,Male,1-2yr,Public (13-45 seats),Office areas,Asphalt roads,Dry,Normal,Daylight,Vehicle with vehicle collision,2,1,Turnover,na,No Casualty,na,Changing lane to the right,Slight Injury,Owner,5-10yrs,Normal,Not a Pedestrian,No Casualty
17:17:00,Friday,31-50,Male,5-10yr,Automobile,Office areas,Asphalt roads,Dry,Normal,Daylight,Vehicle with vehicle collision,1,1,Going straight,Male,18-30,3,Changing lane to the right,Slight Injury,Owner,Unknown,Normal,Not a Pedestrian,Slight Injury
04:49:00,Monday,18-30,Male,Above 10yr,Public (> 45 seats),Other,Earth roads,Dry,Normal,Darkness - lights lit,Vehicle with vehicle collision,1,1,Going straight,Male,Over 51,2,Driving carelessly,Slight Injury,Owner,5-10yrs,No Casualty,Not a Pedestrian,Serious Injury
19:35:00,Tuesday,18-30,Male,2-5yr,Lorry (41-100Q),Church areas,Asphalt roads,Dry,Normal,Darkness - lights lit,Rollover,2,1,Going straight,Male,Over 51,2,Overtaking,Slight Injury,Owner,Unknown,Normal,Not a Pedestrian,Serious Injury