Time,Day_of_week,Age_band_of_driver,Sex_of_driver,Driving_experience,Type_of_vehicle,Area_accident_occured,Road_surface_type,Road_surface_conditions,Weather_conditions,Light_conditions,Type_of_collision,Number_of_vehicles_involved,Number_of_casualties,Vehicle_movement,Sex_of_casualty,Age_band_of_casualty,Casualty_severity,Cause_of_accident,Accident_severity,Owner_of_vehicle,Service_year_of_vehicle,Fitness_of_casuality,Pedestrian_movement,Casualty_severity_label
21:39:00,Friday,31-50,Male,1-2yr,Automobile,Other,Asphalt roads,Dry,Normal,Darkness - lights lit,Vehicle with vehicle collision,2,1,Going straight,Male,18-30,3,No distancing,Slight Injury,Owner,2-5yrs,Normal,Not a Pedestrian,Slight Injury
11:45:00,Sunday,31-50,Male,5-10yr,Automobile,Office areas,Other,Dry,Normal,Daylight,Collision with roadside objects,2,1,Other,Female,Over 51,3,Getting off the vehicle improperly,Slight Injury,Owner,5-10yrs,Normal,Not a Pedestrian,Slight Injury
11:45:00,Sunday,18-30,Male,5-10yr,Lorry (41-100Q),Church areas,Asphalt roads,Dry,Normal,Daylight,Vehicle with vehicle collision,2,1,Going straight,Male,Over 51,3,Driving under the influence of drugs,Slight Injury,Owner,5-10yrs,No Casualty,Not a Pedestrian,Slight Injury
08:40:00,Wednesday,18-30,Male,Below 1yr,Automobile,Office areas,Asphalt roads,Dry,Normal,Daylight,Collision with roadside objects,2,1,Overtaking,Male,18-30,3,Changing lane to the right,Slight Injury,Owner,2-5yrs,No Casualty,Not a Pedestrian,Slight Injury
08:40:00,Wednesday,18-30,Male,5-10yr,Public (> 45 seats),Office areas,Asphalt roads,Dry,Normal,Daylight,Vehicle with vehicle collision,2,1,Going straight,na,No Casualty,na,Driving carelessly,Slight Injury,Owner,Unknown,No Casualty,Not a Pedestrian,No Casualty
13:57:00,Monday,31-50,Male,Above 10yr,Automobile,Other,Asphalt roads,Wet or damp,Rain,Daylight,Rollover,2,1,Going straight,na,No Casualty,na,Moving Backward,Slight Injury,Owner,2-5yrs,Normal,Not a Pedestrian,No Casualty
13:57:00,Monday,18-30,Male,5-10yr,Public (12 seats),Residential areas,Asphalt roads,Wet or damp,Rain,Daylight,Vehicle with vehicle collision,2,1,Going straight,na,No Casualty,na,Turnover,Slight Injury,Governmental,Unknown,Normal,Not a Pedestrian,No Casualty
16:09:00,Monday,18-30,Male,1-2yr,Public (12 seats),Office areas,Asphalt roads,Wet or damp,Rain,Daylight,Vehicle with vehicle collision,1,1,U-Turn,na,No Casualty,na,Changing lane to the right,Slight Injury,Owner,2-5yrs,No Casualty,Not a Pedestrian,No Casualty
10:35:00,Wednesday,31-50,Male,2-5yr,Automobile,Residential areas,Asphalt roads,Dry,Normal,Daylight,Vehicle with vehicle collision,2,1,Going straight,Female,Under 18,3,Driving carelessly,Slight Injury,Owner,2-5yrs,No Casualty,Not a Pedestrian,Slight Injury
10:35:00,Wednesday,31-50,Male,5-10yr,Automobile,Residential areas,Asphalt roads,Dry,Normal,Daylight,Vehicle with vehicle collision,2,1,Going straight,Male,31-50,3,No priority to vehicle,Slight Injury,Owner,Unknown,Normal,Not a Pedestrian,Slight Injury
17:05:00,Tuesday,18-30,Male,Above 10yr,Public (> 45 seats),Other,Asphalt roads,Dry,Normal,Daylight,Vehicle with vehicle collision,2,1,Going straight,Male,31-50,3,Moving Backward,Slight Injury,Owner,Unknown,Normal,Not a Pedestrian,Slight Injury
17:05:00,Tuesday,18-30,Male,2-5yr,Lorry (41-100Q),Hospital areas,Asphalt roads,Dry,Normal,Daylight,Collision with pedestrians,2,1,Going straight,Male,31-50,3,Changing lane to the left,Slight Injury,Owner,Unknown,Normal,Not a Pedestrian,Slight Injury
11:00:00,Wednesday,Over 51,Male,5-10yr,Public (> 45 seats),Other,Earth roads,Dry,Normal,Daylight,Rollover,2,1,Turnover,na,No Casualty,na,Overturning,Slight Injury,Governmental,Unknown,Normal,Not a Pedestrian,No Casualty
11:00:00,Wednesday,31-50,Male,2-5yr,Automobile,Other,Asphalt roads,Dry,Normal,Daylight,Vehicle with vehicle collision,2,1,Going straight,Male,18-30,3,No distancing,Slight Injury,Owner,Unknown,Normal,Not a Pedestrian,Slight Injury
18:10:00,Wednesday,31-50,Male,1-2yr,Automobile,Recreational areas,Asphalt roads,Dry,Normal,Daylight,Rollover,2,1,Going straight,Male,Under 18,3,Driving carelessly,Serious Injury,Owner,Unknown,Normal,Not a Pedestrian,Slight Injury
18:10:00,Wednesday,31-50,Male,5-10yr,Automobile,Other,Asphalt roads,Dry,Normal,Daylight,Vehicle with vehicle collision,2,1,Moving Backward,Male,18-30,2,No distancing,Serious Injury,Owner,Unknown,Normal,Not a Pedestrian,Serious Injury
15:25:00,Tuesday,31-50,Male,2-5yr,Automobile,Other,Asphalt roads,Dry,Normal,Daylight,Vehicle with vehicle collision,2,1,Going straight,Male,18-30,2,Changing lane to the left,Slight Injury,Owner,Unknown,Normal,Not a Pedestrian,Serious Injury
15:25:00,Tuesday,18-30,Male,5-10yr,Lorry (41-100Q),Other,Earth roads,Dry,Normal,Daylight,Vehicle with vehicle collision,2,1,Moving Backward,na,No Casualty,na,No priority to pedestrian,Slight Injury,Owner,Unknown,Normal,Not a Pedestrian,No Casualty
19:00:00,Thursday,Over 51,Male,5-10yr,Automobile,Office areas,Asphalt roads,Dry,Normal,Daylight,Fall from vehicles,2,1,Going straight,Male,Under 18,3,No distancing,Slight Injury,Owner,Below 1yr,No Casualty,Not a Pedestrian,Slight Injury
19:00:00,Thursday,18-30,Female,2-5yr,Public (13-45 seats),Other,Asphalt roads,Dry,Normal,Daylight,Vehicle with vehicle collision,2,1,Going straight,na,No Casualty,na,No distancing,Slight Injury,Owner,2-5yrs,No Casualty,Not a Pedestrian,No Casualty
08:21:00,Thursday,18-30,Male,2-5yr,Automobile,Residential areas,Earth roads,Wet or damp,Rain,Daylight,Collision with roadside objects,2,1,Going straight,Male,Under 18,3,Changing lane to the left,Slight Injury,Owner,Unknown,No Casualty,Not a Pedestrian,Slight Injury
08:21:00,Thursday,18-30,Male,2-5yr,Public (> 45 seats),Other,Asphalt roads,Wet or damp,Rain,Daylight,Vehicle with vehicle collision,2,1,Going straight,na,No Casualty,na,No distancing,Slight Injury,Owner,5-10yrs,Normal,Not a Pedestrian,No Casualty
08:30:00,Thursday,18-30,Male,5-10yr,Lorry (41-100Q),Other,Asphalt roads,Dry,Normal,Daylight,Vehicle with vehicle collision,2,1,U-Turn,Female,Over 51,3,Changing lane to the left,Slight Injury,Owner,Unknown,Normal,Not a Pedestrian,Slight Injury
08:30:00,Thursday,18-30,Male,1-2yr,Automobile,Church areas,Asphalt roads,Dry,Normal,Daylight,Vehicle with vehicle collision,2,1,Going straight,Female,Under 18,3,No distancing,Slight Injury,Owner,Unknown,Normal,Crossing from driver's nearside,Slight Injury
18:21:00,Sunday,18-30,Male,2-5yr,Lorry (11-40Q),Office areas,Asphalt roads,Dry,Normal,Daylight,Collision with pedestrians,2,1,Going straight,Male,31-50,2,No distancing,Slight Injury,Owner,1-2yr,Normal,Not a Pedestrian,Serious Injury
18:21:00,Sunday,Over 51,Male,2-5yr,Public (13-45 seats),School areas,Asphalt roads,Dry,Normal,Daylight,Vehicle with vehicle collision,2,1,Going straight,na,No Casualty,na,No distancing,Slight Injury,Owner,Above 10yr,Normal,Not a Pedestrian,No Casualty
18:40:00,Friday,31-50,Male,5-10yr,Public (13-45 seats),Other,Asphalt roads,Dry,Normal,Daylight,Vehicle with vehicle collision,2,1,Going straight,Male,Under 18,3,Changing lane to the left,Slight Injury,Owner,2-5yrs,Normal,Not a Pedestrian,Slight Injury
18:40:00,Friday,18-30,Male,1-2yr,Automobile,Office areas,Asphalt roads,Dry,Normal,Daylight,Vehicle with vehicle collision,2,1,Going straight,Male,Under 18,3,Changing lane to the right,Slight Injury,Owner,1-2yr,Normal,Not a Pedestrian,Slight Injury
04:02:00,Sunday,18-30,Male,Below 1yr,Long lorry,Residential areas,Asphalt roads,Dry,Normal,Darkness - lights lit,Rollover,2,3,Going straight,na,No Casualty,na,Moving Backward,Slight Injury,Owner,1-2yr,Normal,Not a Pedestrian,No Casualty
04:02:00,Sunday,18-30,Male,1-2yr,Lorry (41-100Q),Industrial areas,Asphalt roads,Dry,Normal,Darkness - lights lit,Collision with roadside objects,2,3,Stopping,Male,18-30,3,Changing lane to the right,Slight Injury,Owner,1-2yr,Normal,Not a Pedestrian,Slight Injury
04:02:00,Sunday,18-30,Male,1-2yr,Lorry (11-40Q),Other,Asphalt roads,Dry,Normal,Darkness - lights lit,Vehicle with vehicle collision,2,3,Turnover,na,No Casualty,na,No distancing,Slight Injury,Owner,2-5yrs,Normal,Not a Pedestrian,No Casualty
04:02:00,Sunday,31-50,Male,Above 10yr,Lorry (41-100Q),Residential areas,Asphalt roads,Dry,Normal,Darkness - lights lit,Vehicle with vehicle collision,2,3,Getting off,na,No Casualty,na,Overtaking,Slight Injury,Owner,1-2yr,Normal,Not a Pedestrian,No Casualty
12:47:00,Friday,31-50,Male,1-2yr,Public (12 seats),Recreational areas,Asphalt roads,Dry,Normal,Daylight,Collision with roadside objects,1,1,Moving Backward,na,No Casualty,na,Other,Slight Injury,Owner,1-2yr,Normal,Not a Pedestrian,No Casualty
09:20:00,Friday,31-50,Male,2-5yr,Automobile,Office areas,Asphalt roads with some distress,Dry,Normal,Daylight,Vehicle with vehicle collision,1,1,Moving Backward,Female,18-30,3,Other,Slight Injury,Owner,Unknown,Normal,Not a Pedestrian,Slight Injury
14:23:00,Sunday,18-30,Male,2-5yr,Taxi,Outside rural areas,Asphalt roads,Dry,Normal,Daylight,Vehicle with vehicle collision,2,1,Going straight,Male,Under 18,3,Changing lane to the right,Slight Injury,Owner,Unknown,Normal,Not a Pedestrian,Slight Injury
14:23:00,Sunday,18-30,Male,Above 10yr,Automobile,Outside rural areas,Asphalt roads,Dry,Normal,Daylight,Vehicle with vehicle collision,2,1,Turnover,Female,Under 18,3,No priority to pedestrian,Slight Injury,Owner,1-2yr,Normal,Not a Pedestrian,Slight Injury
14:32:00,Monday,31-50,Male,5-10yr,Automobile,Outside rural areas,Asphalt roads,Dry,Normal,Daylight,Rollover,2,4,Going straight,Male,Under 18,3,No priority to vehicle,Slight Injury,Owner,1-2yr,Normal,Not a Pedestrian,Slight Injury
14:32:00,Monday,31-50,Male,1-2yr,Automobile,Outside rural areas,Asphalt roads,Dry,Normal,Daylight,Rollover,2,4,Going straight,Female,18-30,3,Changing lane to the left,Slight Injury,Governmental,Below 1yr,Normal,Not a Pedestrian,Slight Injury
14:32:00,Monday,Over 51,Male,5-10yr,Lorry (41-100Q),Outside rural areas,Asphalt roads,Dry,Normal,Daylight,Collision with pedestrians,2,4,U-Turn,na,No Casualty,na,Changing lane to the left,Slight Injury,Owner,Unknown,Normal,Not a Pedestrian,No Casualty
14:32:00,Monday,Over 51,Male,2-5yr,Automobile,School areas,Asphalt roads,Dry,Normal,Daylight,Vehicle with vehicle collision,2,4,Going straight,na,No Casualty,na,Overtaking,Slight Injury,Owner,Unknown,Normal,Not a Pedestrian,No Casualty
08:40:00,Wednesday,18-30,Male,1-2yr,Automobile,Outside rural areas,Asphalt roads,Dry,Normal,Daylight,Vehicle with vehicle collision,2,1,Going straight,Female,18-30,3,No distancing,Slight Injury,Owner,Above 10yr,Normal,Not a Pedestrian,Slight Injury
08:40:00,Wednesday,18-30,Male,Above 10yr,Lorry (41-100Q),Outside rural areas,Asphalt roads,Dry,Normal,Daylight,Vehicle with vehicle collision,2,1,U-Turn,na,No Casualty,na,No priority to vehicle,Slight Injury,Owner,Unknown,Normal,Not a Pedestrian,No Casualty
18:33:00,Tuesday,18-30,Male,2-5yr,Automobile,Outside rural areas,Asphalt roads,Dry,Normal,Daylight,Collision with pedestrians,2,1,Stopping,Female,18-30,3,Changing lane to the right,Slight Injury,Owner,Unknown,Normal,Not a Pedestrian,Slight Injury
18:33:00,Tuesday,18-30,Male,5-10yr,Automobile,Outside rural areas,Asphalt roads,Dry,Normal,Daylight,Collision with pedestrians,2,1,Going straight,Female,31-50,3,Changing lane to the left,Slight Injury,Owner,2-5yrs,Normal,Not a Pedestrian,Slight Injury
10:50:00,Thursday,18-30,Male,1-2yr,Automobile,Office areas,Asphalt roads,Dry,Normal,Daylight,Vehicle with vehicle collision,2,1,Moving Backward,na,No Casualty,na,No distancing,Slight Injury,Owner,2-5yrs,Normal,Not a Pedestrian,No Casualty
10:50:00,Thursday,18-30,Male,5-10yr,Taxi,Outside rural areas,Asphalt roads,Dry,Normal,Daylight,Vehicle with vehicle collision,2,1,Getting off,Female,31-50,3,Driving carelessly,Slight Injury,Owner,2-5yrs,Normal,Not a Pedestrian,Slight Injury
17:25:00,Wednesday,31-50,Male,5-10yr,Automobile,Outside rural areas,Asphalt roads,Dry,Normal,Daylight,Vehicle with vehicle collision,2,1,Going straight,Female,Under 18,3,No priority to pedestrian,Slight Injury,Owner,Unknown,No Casualty,Not a Pedestrian,Slight Injury
17:25:00,Wednesday,31-50,Male,5-10yr,Automobile,Outside rural areas,Asphalt roads,Dry,Normal,Daylight,Collision with roadside objects,2,1,Going straight,na,No Casualty,na,Driving carelessly,Slight Injury,Owner,2-5yrs,Normal,Not a Pedestrian,No Casualty
09:20:00,Wednesday,31-50,Male,2-5yr,Automobile,Office areas,Asphalt roads,Dry,Normal,Daylight,Vehicle with vehicle collision,2,1,Turnover,Male,18-30,2,Moving Backward,Slight Injury,Owner,Unknown,Normal,Not a Pedestrian,Serious Injury
09:20:00,Wednesday,31-50,Male,5-10yr,Pick up upto 10Q,Recreational areas,Asphalt roads,Dry,Normal,Daylight,Collision with roadside objects,2,1,Moving Backward,na,No Casualty,na,No distancing,Slight Injury,Owner,Unknown,No Casualty,Not a Pedestrian,No Casualty
11:00:00,Wednesday,31-50,Male,2-5yr,Automobile,Office areas,Asphalt roads,Dry,Normal,Daylight,Vehicle with vehicle collision,2,1,Going straight,na,No Casualty,na,No distancing,Slight Injury,Owner,Above 10yr,No Casualty,Not a Pedestrian,No Casualty
11:00:00,Wednesday,18-30,Male,1-2yr,Automobile,Other,Asphalt roads,Dry,Normal,Daylight,Vehicle with vehicle collision,2,1,Moving Backward,Female,Under 18,3,No distancing,Slight Injury,Owner,2-5yrs,No Casualty,Not a Pedestrian,Slight Injury
11:35:00,Tuesday,18-30,Male,1-2yr,Public (12 seats),Residential areas,Asphalt roads,Dry,Normal,Daylight,Collision with roadside objects,2,1,Going straight,Female,Under 18,3,Changing lane to the left,Slight Injury,Owner,Above 10yr,Normal,Not a Pedestrian,Slight Injury
11:35:00,Tuesday,18-30,Male,5-10yr,Public (13-45 seats),Residential areas,Gravel roads,Dry,Normal,Daylight,Vehicle with vehicle collision,2,1,Going straight,na,No Casualty,na,Changing lane to the left,Slight Injury,Owner,Above 10yr,No Casualty,Not a Pedestrian,No Casualty
12:30:00,Tuesday,31-50,Male,5-10yr,Lorry (11-40Q),Residential areas,Asphalt roads,Dry,Normal,Daylight,Vehicle with vehicle collision,2,1,Going straight,Female,18-30,3,Moving Backward,Serious Injury,Owner,Unknown,No Casualty,Crossing from nearside - masked by parked or statioNot a Pedestrianry vehicle,Slight Injury
12:30:00,Tuesday,18-30,Male,5-10yr,Stationwagen,Other,Asphalt roads,Dry,Normal,Daylight,Collision with roadside objects,2,1,Going straight,Male,Under 18,3,Changing lane to the right,Serious Injury,Owner,Above 10yr,Normal,Not a Pedestrian,Slight Injury
18:35:00,Thursday,31-50,Male,1-2yr,Ridden horse,Office areas,Asphalt roads,Dry,Normal,Darkness - lights lit,Collision with roadside objects,2,1,Going straight,Female,Over 51,3,No priority to vehicle,Slight Injury,Owner,Unknown,Normal,Not a Pedestrian,Slight Injury
18:35:00,Thursday,31-50,Male,2-5yr,Stationwagen,Other,Asphalt roads,Dry,Normal,Darkness - lights lit,Vehicle with vehicle collision,2,1,Going straight,Female,31-50,3,Moving Backward,Slight Injury,Owner,Unknown,Normal,Not a Pedestrian,Slight Injury
16:30:00,Friday,31-50,Male,Above 10yr,Automobile,Other,Asphalt roads,Dry,Normal,Daylight,Vehicle with vehicle collision,2,1,Going straight,Male,Over 51,3,Driving carelessly,Slight Injury,Owner,Above 10yr,Normal,Not a Pedestrian,Slight Injury
16:30:00,Friday,18-30,Male,5-10yr,Automobile,Office areas,Asphalt roads,Dry,Normal,Daylight,Vehicle with vehicle collision,2,1,Going straight,Male,Over 51,2,Driving carelessly,Slight Injury,Owner,5-10yrs,No Casualty,Unknown or other,Serious Injury
21:25:00,Friday,31-50,Male,1-2yr,Other,Church areas,Asphalt roads,Dry,Normal,Darkness - lights lit,Vehicle with vehicle collision,2,1,Going straight,na,No Casualty,na,Driving under the influence of drugs,Slight Injury,Owner,Below 1yr,Normal,Not a Pedestrian,No Casualty
21:25:00,Friday,18-30,Male,Above 10yr,Taxi,Other,Asphalt roads,Dry,Normal,Darkness - lights lit,Vehicle with vehicle collision,2,1,Going straight,Female,18-30,3,No priority to pedestrian,Slight Injury,Owner,Unknown,No Casualty,Not a Pedestrian,Slight Injury
21:20:00,Friday,31-50,Male,1-2yr,Automobile,Other,Asphalt roads,Dry,Normal,Darkness - lights lit,Vehicle with vehicle collision,1,1,Going straight,na,No Casualty,na,No priority to vehicle,Slight Injury,Owner,Unknown,No Casualty,Not a Pedestrian,No Casualty
08:43:00,Tuesday,Over 51,Male,2-5yr,Stationwagen,Office areas,Asphalt roads,Dry,Normal,Daylight,Vehicle with vehicle collision,1,1,Other,Female,Over 51,3,Driving carelessly,Slight Injury,Owner,Unknown,No Casualty,Not a Pedestrian,Slight Injury
16:49:00,Tuesday,18-30,Male,Above 10yr,Automobile,Office areas,Asphalt roads,Dry,Normal,Daylight,Vehicle with vehicle collision,2,1,Other,Male,Over 51,3,Moving Backward,Slight Injury,Owner,Unknown,No Casualty,Not a Pedestrian,Slight Injury
16:49:00,Tuesday,18-30,Male,2-5yr,Public (12 seats),Office areas,Asphalt roads,Dry,Normal,Daylight,Vehicle with vehicle collision,2,1,Going straight,Male,31-50,2,Driving carelessly,Slight Injury,Owner,Unknown,No Casualty,Not a Pedestrian,Serious Injury
15:30:00,Thursday,31-50,Male,5-10yr,Automobile,Office areas,Asphalt roads,Dry,Normal,Daylight,Vehicle with vehicle collision,2,1,Going straight,Female,18-30,2,No priority to vehicle,Slight Injury,Owner,Unknown,Normal,Not a Pedestrian,Serious Injury
15:30:00,Thursday,18-30,Male,5-10yr,Automobile,Other,Asphalt roads,Dry,Normal,Daylight,Vehicle with vehicle collision,2,1,Getting off,Male,18-30,2,Changing lane to the right,Slight Injury,Owner,Unknown,Normal,Not a Pedestrian,Serious Injury
18:57:00,Thursday,18-30,Male,1-2yr,Lorry (41-100Q),Office areas,Gravel roads,Dry,Normal,Darkness - lights lit,Vehicle with vehicle collision,2,1,Going straight,Female,Under 18,1,Changing lane to the left,Slight Injury,Owner,Below 1yr,Normal,Not a Pedestrian,Fatal Injury
18:57:00,Thursday,18-30,Unknown,5-10yr,Automobile,Other,Asphalt roads,Dry,Normal,Darkness - lights lit,Vehicle with vehicle collision,2,1,Going straight,na,No Casualty,na,No priority to vehicle,Slight Injury,Owner,Unknown,Normal,Not a Pedestrian,No Casualty
17:00:00,Thursday,18-30,Male,5-10yr,Public (> 45 seats),Other,Asphalt roads,Dry,Normal,Daylight,Vehicle with vehicle collision,2,1,Going straight,Female,31-50,3,Driving carelessly,Serious Injury,Owner,Unknown,Normal,Not a Pedestrian,Slight Injury
17:00:00,Thursday,Over 51,Male,1-2yr,Automobile,Other,Asphalt roads,Dry,Normal,Daylight,Vehicle with vehicle collision,2,1,Going straight,na,No Casualty,na,Moving Backward,Serious Injury,Governmental,Unknown,Normal,Not a Pedestrian,No Casualty
16:50:00,Friday,Over 51,Male,5-10yr,Public (12 seats),Office areas,Asphalt roads,Dry,Normal,Darkness - lights lit,Vehicle with vehicle collision,2,1,Going straight,na,No Casualty,na,No distancing,Slight Injury,Owner,Unknown,No Casualty,Not a Pedestrian,No Casualty
16:50:00,Friday,18-30,Male,5-10yr,Public (12 seats),Office areas,Earth roads,Dry,Normal,Darkness - lights lit,Vehicle with vehicle collision,2,1,Getting off,Male,31-50,3,Changing lane to the left,Slight Injury,Owner,Unknown,Normal,Not a Pedestrian,Slight Injury
08:03:00,Monday,31-50,Male,2-5yr,Automobile,Office areas,Asphalt roads,Dry,Normal,Daylight,Vehicle with vehicle collision,2,1,Going straight,Female,Over 51,1,Changing lane to the left,Slight Injury,Owner,Unknown,No Casualty,Crossing from nearside - masked by parked or statioNot a Pedestrianry vehicle,Fatal Injury
08:03:00,Monday,31-50,Male,1-2yr,Automobile,Office areas,Asphalt roads,Dry,Normal,Daylight,Collision with roadside objects,2,1,Going straight,Female,31-50,3,No distancing,Slight Injury,Governmental,Unknown,Normal,Not a Pedestrian,Slight Injury
16:40:00,Monday,31-50,Male,5-10yr,Automobile,Church areas,Asphalt roads,Dry,Normal,Daylight,Vehicle with vehicle collision,2,1,Other,Female,Under 18,3,Changing lane to the left,Slight Injury,Owner,2-5yrs,Normal,Not a Pedestrian,Slight Injury
16:40:00,Monday,31-50,Male,Below 1yr,Lorry (41-100Q),Office areas,Gravel roads,Dry,Normal,Daylight,Collision with pedestrians,2,1,Going straight,Male,Under 18,3,Driving carelessly,Slight Injury,Governmental,Unknown,Normal,Crossing from driver's nearside,Slight Injury
07:40:00,Monday,18-30,Male,5-10yr,Public (12 seats),Residential areas,Asphalt roads,Dry,Normal,Daylight,Vehicle with vehicle collision,2,1,Going straight,Female,18-30,3,Changing lane to the left,Slight Injury,Governmental,Unknown,No Casualty,Not a Pedestrian,Slight Injury
07:40:00,Monday,18-30,Male,5-10yr,Lorry (11-40Q),School areas,Asphalt roads,Dry,Normal,Daylight,Collision with roadside objects,2,1,Going straight,na,No Casualty,na,No distancing,Slight Injury,Owner,Unknown,No Casualty,Not a Pedestrian,No Casualty
04:46:00,Tuesday,Under 18,Male,5-10yr,Automobile,Office areas,Asphalt roads,Dry,Normal,Darkness - lights lit,Vehicle with vehicle collision,2,1,Going straight,na,No Casualty,na,Changing lane to the right,Slight Injury,Owner,Unknown,Normal,Not a Pedestrian,No Casualty
04:46:00,Tuesday,31-50,Male,5-10yr,Automobile,Other,Earth roads,Dry,Normal,Darkness - lights lit,Vehicle with vehicle collision,2,1,Going straight,Male,Over 51,2,No distancing,Slight Injury,Owner,5-10yrs,Normal,Not a Pedestrian,Serious Injury
14:19:00,Tuesday,31-50,Male,2-5yr,Automobile,Other,Asphalt roads,Dry,Normal,Daylight,Vehicle with vehicle collision,2,1,Reversing,Male,Over 51,3,Driving to the left,Slight Injury,Owner,Unknown,Normal,Unknown or other,Slight Injury
14:19:00,Tuesday,31-50,Male,5-10yr,Bajaj,Other,Asphalt roads,Dry,Normal,Daylight,Vehicle with vehicle collision,2,1,Other,na,No Casualty,na,No distancing,Slight Injury,Governmental,Unknown,Normal,Not a Pedestrian,No Casualty
18:15:00,Tuesday,18-30,Male,Above 10yr,Public (12 seats),Other,Asphalt roads,Dry,Normal,Daylight,Vehicle with vehicle collision,2,1,Going straight,na,No Casualty,na,Overtaking,Slight Injury,Owner,5-10yrs,Normal,Not a Pedestrian,No Casualty
18:15:00,Tuesday,18-30,Male,Below 1yr,Lorry (11-40Q),Office areas,Asphalt roads,Dry,Normal,Daylight,Rollover,2,1,Going straight,Male,18-30,1,Driving under the influence of drugs,Slight Injury,Owner,Unknown,Normal,Not a Pedestrian,Fatal Injury
07:50:00,Tuesday,31-50,Male,5-10yr,Automobile,Office areas,Asphalt roads,Dry,Normal,Daylight,Collision with roadside objects,2,1,Going straight,Male,Under 18,2,No priority to pedestrian,Slight Injury,Owner,Unknown,Normal,Not a Pedestrian,Serious Injury
07:50:00,Tuesday,18-30,Male,2-5yr,Public (> 45 seats),Office areas,Earth roads,Dry,Normal,Daylight,Vehicle with vehicle collision,2,1,Going straight,na,No Casualty,na,Moving Backward,Slight Injury,Owner,Unknown,Normal,Not a Pedestrian,No Casualty
08:20:00,Wednesday,18-30,Male,2-5yr,Lorry (41-100Q),Office areas,Asphalt roads,Dry,Normal,Daylight,Collision with roadside objects,2,1,Going straight,na,No Casualty,na,Changing lane to the right,Slight Injury,Owner,Unknown,No Casualty,Not a Pedestrian,No Casualty
08:20:00,Wednesday,31-50,Male,1-2yr,Public (> 45 seats),Office areas,Asphalt roads,Dry,Normal,Daylight,Vehicle with vehicle collision,2,1,Going straight,na,No Casualty,na,Changing lane to the left,Slight Injury,Owner,Unknown,No Casualty,Not a Pedestrian,No Casualty
15:30:00,Wednesday,18-30,Male,2-5yr,Automobile,Office areas,Asphalt roads,Dry,Normal,Daylight,Vehicle with vehicle collision,1,1,Going straight,Male,18-30,3,Changing lane to the right,Slight Injury,Owner,Unknown,Normal,Not a Pedestrian,Slight Injury
16:47:00,Wednesday,Over 51,Male,2-5yr,Automobile,Office areas,Asphalt roads,Dry,Normal,Daylight,Vehicle with vehicle collision,2,1,Going straight,na,No Casualty,na,Driving under the influence of drugs,Slight Injury,Owner,Unknown,Normal,Not a Pedestrian,No Casualty
16:47:00,Wednesday,31-50,Male,Above 10yr,Automobile,Other,Asphalt roads,Dry,Normal,Daylight,Vehicle with vehicle collision,2,1,Going straight,Male,31-50,3,No priority to vehicle,Slight Injury,Owner,5-10yrs,Normal,Not a Pedestrian,Slight Injury
23:50:00,Wednesday,18-30,Male,Below 1yr,Automobile,Other,Asphalt roads,Dry,Normal,Darkness - lights lit,Vehicle with vehicle collision,1,1,Moving Backward,na,No Casualty,na,No priority to vehicle,Slight Injury,Owner,Unknown,No Casualty,Not a Pedestrian,No Casualty
14:30:00,Wednesday,31-50,Male,2-5yr,Lorry (41-100Q),Residential areas,Asphalt roads,Dry,Normal,Daylight,Collision with roadside objects,1,1,Moving Backward,Male,Over 51,3,Changing lane to the left,Slight Injury,Owner,2-5yrs,No Casualty,Crossing from nearside - masked by parked or statioNot a Pedestrianry vehicle,Slight Injury
08:10:00,Friday,31-50,Male,Above 10yr,Automobile,Other,Asphalt roads,Dry,Normal,Daylight,Vehicle with vehicle collision,2,1,Turnover,Female,Over 51,3,Changing lane to the right,Slight Injury,Owner,Unknown,No Casualty,Crossing from nearside - masked by parked or statioNot a Pedestrianry vehicle,Slight Injury
08:10:00,Friday,18-30,Male,Above 10yr,Public (13-45 seats),Other,Asphalt roads,Dry,Normal,Daylight,Collision with roadside objects,2,1,Other,Male,Under 18,3,Changing lane to the right,Slight Injury,Owner,5-10yrs,No Casualty,Crossing from driver's nearside,Slight Injury
21:12:00,Wednesday,Over 51,Male,5-10yr,Automobile,Other,Asphalt roads,Wet or damp,Rain,Darkness - lights lit,Vehicle with vehicle collision,2,2,Other,Male,18-30,3,Changing lane to the left,Slight Injury,Governmental,Unknown,Normal,Not a Pedestrian,Slight Injury
21:12:00,Wednesday,Over 51,Male,Above 10yr,Public (> 45 seats),Other,Asphalt roads,Wet or damp,Rain,Darkness - lights lit,Vehicle with vehicle collision,2,2,Going straight,Male,18-30,3,Changing lane to the left,Slight Injury,Owner,5-10yrs,Normal,Not a Pedestrian,Slight Injury
21:12:00,Wednesday,18-30,Male,1-2yr,Lorry (41-100Q),Industrial areas,Earth roads,Wet or damp,Rain,Darkness - lights lit,Vehicle with vehicle collision,2,2,Going straight,na,No Casualty,na,Getting off the vehicle improperly,Slight Injury,Owner,Unknown,Normal,Not a Pedestrian,No Casualty
19:10:00,Friday,18-30,Male,2-5yr,Automobile,Industrial areas,Asphalt roads,Dry,Normal,Darkness - lights lit,Vehicle with vehicle collision,2,1,Other,Female,18-30,2,Overtaking,Slight Injury,Owner,5-10yrs,Normal,Not a Pedestrian,Serious Injury