Time,Day_of_week,Age_band_of_driver,Sex_of_driver,Driving_experience,Type_of_vehicle,Area_accident_occured,Road_surface_type,Road_surface_conditions,Weather_conditions,Light_conditions,Type_of_collision,Number_of_vehicles_involved,Number_of_casualties,Vehicle_movement,Sex_of_casualty,Age_band_of_casualty,Casualty_severity,Cause_of_accident,Accident_severity,Owner_of_vehicle,Service_year_of_vehicle,Fitness_of_casuality,Pedestrian_movement,Casualty_severity_label
02:20:00,Friday,Over 51,Male,Above 10yr,Stationwagen,Other,Other,Dry,Normal,Darkness - lights lit,Vehicle with vehicle collision,1,1,Going straight,Female,31-50,2,Changing lane to the left,Serious Injury,Owner,Above 10yr,Normal,Not a Pedestrian,Serious Injury
06:11:00,Sunday,Over 51,Male,2-5yr,Lorry (41-100Q),Office areas,Asphalt roads,Dry,Normal,Daylight,Vehicle with vehicle collision,2,2,Going straight,Male,Under 18,3,Changing lane to the left,Slight Injury,Owner,5-10yrs,No Casualty,Not a Pedestrian,Slight Injury
06:11:00,Sunday,18-30,Male,5-10yr,Automobile,Church areas,Asphalt roads,Dry,Normal,Daylight,Collision with roadside objects,2,2,Other,Male,31-50,3,Driving under the influence of drugs,Slight Injury,Owner,Below 1yr,No Casualty,Not a Pedestrian,Slight Injury
11:45:00,Sunday,31-50,Male,Below 1yr,Automobile,Other,Asphalt roads,Wet or damp,Windy,Daylight,Collision with roadside objects,1,1,Entering a junction,Female,18-30,3,Moving Backward,Slight Injury,Owner,Unknown,No Casualty,Not a Pedestrian,Slight Injury
09:00:00,Thursday,31-50,Male,5-10yr,Pick up upto 10Q,Other,Asphalt roads,Dry,Normal,Daylight,Collision with pedestrians,2,1,Turnover,Male,31-50,3,Changing lane to the right,Slight Injury,Owner,Unknown,No Casualty,Not a Pedestrian,Slight Injury
09:00:00,Thursday,18-30,Female,Above 10yr,Taxi,Office areas,Asphalt roads,Dry,Normal,Daylight,Vehicle with vehicle collision,2,1,Going straight,Male,31-50,3,Changing lane to the right,Slight Injury,Owner,Unknown,No Casualty,Not a Pedestrian,Slight Injury
23:00:00,Thursday,31-50,Male,5-10yr,Automobile,Office areas,Asphalt roads,Dry,Normal,Darkness - lights lit,Vehicle with vehicle collision,2,1,Going straight,Female,31-50,3,No distancing,Slight Injury,Owner,Unknown,No Casualty,Not a Pedestrian,Slight Injury
23:00:00,Thursday,31-50,Male,1-2yr,Automobile,Office areas,Asphalt roads,Dry,Normal,Darkness - lights lit,Vehicle with vehicle collision,2,1,Going straight,Male,18-30,3,Moving Backward,Slight Injury,Owner,Unknown,Normal,Not a Pedestrian,Slight Injury
09:48:00,Thursday,Over 51,Male,5-10yr,Automobile,Office areas,Asphalt roads,Wet or damp,Normal,Daylight,Vehicle with vehicle collision,2,1,Going straight,Male,Under 18,3,No distancing,Slight Injury,Owner,Unknown,Normal,Not a Pedestrian,Slight Injury
09:48:00,Thursday,Over 51,Male,1-2yr,Long lorry,Other,Asphalt roads,Wet or damp,Normal,Daylight,Vehicle with vehicle collision,2,1,Going straight,Female,18-30,3,Driving carelessly,Slight Injury,Owner,Unknown,Normal,Not a Pedestrian,Slight Injury
09:07:00,Thursday,31-50,Male,1-2yr,Public (12 seats),Office areas,Asphalt roads,Wet or damp,Rain,Daylight,Vehicle with vehicle collision,1,1,Going straight,na,No Casualty,na,No priority to pedestrian,Slight Injury,Owner,Below 1yr,No Casualty,Not a Pedestrian,No Casualty
09:10:00,Tuesday,31-50,Male,1-2yr,Pick up upto 10Q,Other,Asphalt roads,Dry,Normal,Daylight,Vehicle with vehicle collision,2,1,Going straight,Female,31-50,3,No priority to vehicle,Slight Injury,Owner,Unknown,Normal,Not a Pedestrian,Slight Injury
09:10:00,Tuesday,18-30,Female,5-10yr,Automobile,Other,Asphalt roads,Dry,Normal,Daylight,Vehicle with vehicle collision,2,1,Going straight,na,No Casualty,na,Moving Backward,Slight Injury,Owner,Unknown,Normal,Not a Pedestrian,No Casualty
06:00:00,Friday,18-30,Male,5-10yr,Other,Other,Asphalt roads,Dry,Normal,Daylight,Vehicle with vehicle collision,2,1,Getting off,Male,Over 51,3,Changing lane to the right,Slight Injury,Governmental,Unknown,Normal,Not a Pedestrian,Slight Injury
06:00:00,Friday,18-30,Female,5-10yr,Lorry (41-100Q),Office areas,Other,Dry,Normal,Daylight,Collision with pedestrians,2,1,Getting off,Female,Over 51,3,No distancing,Slight Injury,Owner,Unknown,Normal,Not a Pedestrian,Slight Injury
13:58:00,Friday,31-50,Male,Below 1yr,Automobile,Office areas,Asphalt roads,Dry,Normal,Daylight,Collision with pedestrians,2,1,Getting off,Female,Under 18,3,Driving carelessly,Slight Injury,Owner,Unknown,Other,Not a Pedestrian,Slight Injury
13:58:00,Friday,18-30,Male,Above 10yr,Pick up upto 10Q,Office areas,Asphalt roads,Dry,Normal,Daylight,Vehicle with vehicle collision,2,1,Moving Backward,Female,Under 18,3,Changing lane to the left,Slight Injury,Owner,Unknown,Blind,Not a Pedestrian,Slight Injury
10:04:00,Thursday,18-30,Male,5-10yr,Lorry (41-100Q),Office areas,Asphalt roads,Dry,Normal,Daylight,Vehicle with vehicle collision,2,1,Going straight,Male,Under 18,2,Moving Backward,Serious Injury,Governmental,Unknown,Normal,Unknown or other,Serious Injury
10:04:00,Thursday,31-50,Male,Below 1yr,Lorry (41-100Q),Church areas,Asphalt roads,Dry,Normal,Daylight,Vehicle with vehicle collision,2,1,Going straight,Male,18-30,3,No distancing,Serious Injury,Owner,2-5yrs,Normal,Not a Pedestrian,Slight Injury
15:30:00,Thursday,18-30,Female,Above 10yr,Long lorry,Office areas,Asphalt roads,Dry,Normal,Daylight,Vehicle with vehicle collision,1,1,Waiting to go,Male,18-30,3,Moving Backward,Slight Injury,Governmental,Unknown,Normal,Not a Pedestrian,Slight Injury
09:40:00,Tuesday,31-50,Male,5-10yr,Public (> 45 seats),Residential areas,Asphalt roads,Dry,Normal,Daylight,Vehicle with vehicle collision,2,1,Going straight,Female,31-50,3,Overtaking,Slight Injury,Governmental,Unknown,Normal,Not a Pedestrian,Slight Injury
09:40:00,Tuesday,31-50,Male,Above 10yr,Public (> 45 seats),School areas,Asphalt roads,Dry,Normal,Daylight,Vehicle with vehicle collision,2,1,Other,Female,18-30,3,Changing lane to the left,Slight Injury,Owner,Unknown,Normal,Not a Pedestrian,Slight Injury
17:56:00,Wednesday,Over 51,Male,5-10yr,Automobile,Office areas,Asphalt roads,Dry,Normal,Daylight,Vehicle with vehicle collision,2,1,Going straight,na,No Casualty,na,Changing lane to the right,Slight Injury,Owner,Unknown,Normal,Not a Pedestrian,No Casualty
17:56:00,Wednesday,Under 18,Male,1-2yr,Automobile,Other,Asphalt roads,Dry,Normal,Daylight,Vehicle with vehicle collision,2,1,Going straight,Female,31-50,3,Overtaking,Slight Injury,Owner,5-10yrs,Normal,Not a Pedestrian,Slight Injury
18:42:00,Thursday,Over 51,Male,1-2yr,Automobile,Other,Other,Dry,Normal,Daylight,Vehicle with vehicle collision,2,1,Going straight,Female,18-30,3,Overloading,Serious Injury,Owner,Unknown,Normal,Not a Pedestrian,Slight Injury
18:42:00,Thursday,18-30,Male,1-2yr,Other,Other,Asphalt roads,Dry,Normal,Daylight,Vehicle with vehicle collision,2,1,Going straight,na,No Casualty,na,Other,Serious Injury,Governmental,Unknown,Normal,Not a Pedestrian,No Casualty
09:00:00,Wednesday,31-50,Male,2-5yr,Public (12 seats),Other,Asphalt roads,Dry,Normal,Daylight,Vehicle with vehicle collision,2,1,Overtaking,Female,18-30,3,No priority to vehicle,Slight Injury,Owner,5-10yrs,Normal,Not a Pedestrian,Slight Injury
09:00:00,Wednesday,18-30,Male,Above 10yr,Automobile,Office areas,Asphalt roads,Dry,Normal,Daylight,Vehicle with vehicle collision,2,1,Going straight,Female,18-30,3,Changing lane to the right,Slight Injury,Owner,Unknown,No Casualty,Unknown or other,Slight Injury
08:55:00,Wednesday,31-50,Male,2-5yr,Stationwagen,Office areas,Asphalt roads,Dry,Normal,Daylight,Vehicle with vehicle collision,2,1,Going straight,na,No Casualty,na,Moving Backward,Slight Injury,Owner,Unknown,Normal,Not a Pedestrian,No Casualty
08:55:00,Wednesday,31-50,Male,Above 10yr,Automobile,Office areas,Asphalt roads,Dry,Normal,Daylight,Vehicle with vehicle collision,2,1,Going straight,Male,31-50,2,Changing lane to the left,Slight Injury,Owner,Unknown,Normal,Not a Pedestrian,Serious Injury
18:35:00,Wednesday,18-30,Male,2-5yr,Automobile,Office areas,Asphalt roads,Dry,Normal,Daylight,Vehicle with vehicle collision,2,1,Turnover,na,No Casualty,na,No priority to pedestrian,Slight Injury,Owner,Unknown,Normal,Not a Pedestrian,No Casualty
18:35:00,Wednesday,18-30,Male,5-10yr,Automobile,Office areas,Earth roads,Dry,Normal,Daylight,Vehicle with vehicle collision,2,1,Going straight,na,No Casualty,na,No distancing,Slight Injury,Owner,Unknown,No Casualty,Not a Pedestrian,No Casualty
21:15:00,Monday,Over 51,Male,1-2yr,Automobile,Office areas,Asphalt roads,Dry,Normal,Darkness - lights lit,Vehicle with vehicle collision,1,1,Going straight,Male,18-30,3,No priority to vehicle,Slight Injury,Owner,Unknown,Normal,Not a Pedestrian,Slight Injury
22:15:00,Thursday,31-50,Male,5-10yr,Automobile,Office areas,Asphalt roads,Dry,Normal,Darkness - lights lit,Vehicle with vehicle collision,1,1,Getting off,Male,18-30,3,No distancing,Slight Injury,Owner,Unknown,No Casualty,Not a Pedestrian,Slight Injury
18:07:00,Tuesday,18-30,Male,1-2yr,Pick up upto 10Q,Other,Asphalt roads,Dry,Normal,Daylight,Vehicle with vehicle collision,2,1,Moving Backward,Female,31-50,3,No distancing,Slight Injury,Owner,5-10yrs,Normal,Not a Pedestrian,Slight Injury
18:07:00,Tuesday,18-30,Male,Above 10yr,Turbo,Other,Asphalt roads,Dry,Normal,Daylight,Vehicle with vehicle collision,2,1,Getting off,Female,31-50,3,Moving Backward,Slight Injury,Owner,Unknown,Normal,Not a Pedestrian,Slight Injury
13:45:00,Wednesday,31-50,Male,1-2yr,Pick up upto 10Q,Residential areas,Asphalt roads,Dry,Unknown,Daylight,Vehicle with vehicle collision,2,1,Overtaking,Male,31-50,2,Changing lane to the right,Slight Injury,Owner,2-5yrs,Normal,Not a Pedestrian,Serious Injury
13:45:00,Wednesday,31-50,Male,1-2yr,Other,Other,Asphalt roads,Dry,Unknown,Daylight,Collision with roadside objects,2,1,Going straight,na,No Casualty,na,No priority to pedestrian,Slight Injury,Owner,Unknown,Normal,Not a Pedestrian,No Casualty
16:24:00,Wednesday,31-50,Male,2-5yr,Stationwagen,Other,Asphalt roads,Dry,Normal,Daylight,Collision with roadside objects,1,1,Going straight,na,No Casualty,na,Moving Backward,Slight Injury,Owner,5-10yrs,Normal,Not a Pedestrian,No Casualty
22:20:00,Friday,31-50,Male,1-2yr,Pick up upto 10Q,Other,Asphalt roads,Dry,Normal,Darkness - lights lit,Vehicle with vehicle collision,1,1,Going straight,Male,31-50,3,Getting off the vehicle improperly,Slight Injury,Governmental,Unknown,Normal,Not a Pedestrian,Slight Injury
10:38:00,Wednesday,31-50,Male,1-2yr,Lorry (41-100Q),Other,Asphalt roads,Dry,Normal,Daylight,Vehicle with vehicle collision,3,3,Reversing,Female,Under 18,3,Overtaking,Slight Injury,Owner,5-10yrs,Normal,Not a Pedestrian,Slight Injury
10:38:00,Wednesday,31-50,Male,Above 10yr,Lorry (41-100Q),Industrial areas,Asphalt roads,Dry,Normal,Daylight,Vehicle with vehicle collision,3,3,Getting off,na,No Casualty,na,Overloading,Slight Injury,Owner,Unknown,Normal,Not a Pedestrian,No Casualty
10:38:00,Wednesday,31-50,Male,Above 10yr,Automobile,Industrial areas,Asphalt roads,Dry,Normal,Daylight,Vehicle with vehicle collision,3,3,Going straight,Male,31-50,3,Changing lane to the right,Slight Injury,Owner,5-10yrs,No Casualty,Not a Pedestrian,Slight Injury
10:38:00,Wednesday,18-30,Male,Above 10yr,Automobile,Church areas,Asphalt roads,Dry,Normal,Daylight,Collision with roadside objects,3,3,Going straight,na,No Casualty,na,Improper parking,Slight Injury,Owner,Unknown,No Casualty,Not a Pedestrian,No Casualty
10:38:00,Wednesday,31-50,Male,Above 10yr,Pick up upto 10Q,Other,Asphalt roads,Dry,Normal,Daylight,Vehicle with vehicle collision,3,3,Going straight,Female,Over 51,3,Other,Slight Injury,Owner,Unknown,No Casualty,Not a Pedestrian,Slight Injury
10:38:00,Wednesday,31-50,Male,1-2yr,Pick up upto 10Q,Other,Asphalt roads,Dry,Normal,Daylight,Collision with roadside objects,3,3,Reversing,Female,Over 51,3,Changing lane to the left,Slight Injury,Owner,Above 10yr,Normal,Crossing from nearside - masked by parked or statioNot a Pedestrianry vehicle,Slight Injury
12:10:00,Wednesday,31-50,Male,5-10yr,Lorry (41-100Q),Office areas,Asphalt roads,Dry,Normal,Daylight,Collision with roadside objects,1,1,Going straight,na,No Casualty,na,Changing lane to the right,Slight Injury,Owner,Unknown,Normal,Not a Pedestrian,No Casualty
10:05:00,Wednesday,31-50,Male,2-5yr,Public (12 seats),Office areas,Asphalt roads,Dry,Normal,Daylight,Collision with pedestrians,1,1,Stopping,Male,31-50,3,No priority to pedestrian,Slight Injury,Owner,Unknown,No Casualty,Not a Pedestrian,Slight Injury
08:00:00,Tuesday,18-30,Male,2-5yr,Other,Residential areas,Asphalt roads,Dry,Normal,Daylight,Vehicle with vehicle collision,2,1,Overtaking,na,No Casualty,na,Overspeed,Slight Injury,Governmental,Below 1yr,No Casualty,Not a Pedestrian,No Casualty
08:00:00,Tuesday,Over 51,Male,5-10yr,Stationwagen,Industrial areas,Earth roads,Dry,Normal,Daylight,Collision with roadside objects,2,1,Going straight,Female,Over 51,3,Changing lane to the left,Slight Injury,Owner,Unknown,Normal,Not a Pedestrian,Slight Injury
18:16:00,Tuesday,18-30,Male,5-10yr,Automobile,Office areas,Asphalt roads,Dry,Normal,Daylight,Vehicle with vehicle collision,2,1,Reversing,Female,Over 51,2,No priority to vehicle,Slight Injury,Owner,Unknown,Normal,Not a Pedestrian,Serious Injury
18:16:00,Tuesday,Over 51,Male,2-5yr,Automobile,Other,Asphalt roads,Dry,Normal,Daylight,Vehicle with vehicle collision,2,1,Going straight,na,No Casualty,na,Changing lane to the right,Slight Injury,Owner,Unknown,Normal,Not a Pedestrian,No Casualty
14:48:00,Wednesday,18-30,Male,Above 10yr,Lorry (41-100Q),Other,Asphalt roads,Dry,Normal,Daylight,Vehicle with vehicle collision,1,1,Going straight,Male,Over 51,3,No distancing,Slight Injury,Owner,Unknown,Normal,Not a Pedestrian,Slight Injury
17:38:00,Friday,18-30,Female,5-10yr,Stationwagen,Residential areas,Asphalt roads,Dry,Normal,Daylight,Vehicle with vehicle collision,2,1,Reversing,na,No Casualty,na,No priority to pedestrian,Slight Injury,Owner,Unknown,Normal,Not a Pedestrian,No Casualty
17:38:00,Friday,18-30,Male,Above 10yr,Lorry (41-100Q),Office areas,Asphalt roads,Dry,Normal,Daylight,Vehicle with vehicle collision,2,1,Going straight,Male,31-50,3,No distancing,Slight Injury,Owner,Unknown,Normal,Not a Pedestrian,Slight Injury
17:00:00,Friday,31-50,Male,2-5yr,Public (> 45 seats),Residential areas,Asphalt roads,Dry,Normal,Daylight,Vehicle with vehicle collision,2,1,Waiting to go,na,No Casualty,na,No priority to vehicle,Slight Injury,Organization,Unknown,Normal,Not a Pedestrian,No Casualty
17:00:00,Friday,31-50,Male,2-5yr,Automobile,Office areas,Asphalt roads,Dry,Normal,Daylight,Collision with roadside objects,2,1,Going straight,Female,31-50,3,Other,Slight Injury,Owner,Unknown,Normal,Not a Pedestrian,Slight Injury
11:44:00,Thursday,31-50,Male,2-5yr,Automobile,Church areas,Asphalt roads,Dry,Normal,Daylight,Vehicle with vehicle collision,2,1,Going straight,Male,31-50,3,Driving carelessly,Slight Injury,Owner,Unknown,Normal,Not a Pedestrian,Slight Injury
11:44:00,Thursday,18-30,Male,1-2yr,Automobile,Residential areas,Asphalt roads,Dry,Normal,Daylight,Collision with roadside objects,2,1,Going straight,na,No Casualty,na,Changing lane to the left,Slight Injury,Organization,5-10yrs,Normal,Not a Pedestrian,No Casualty
19:45:00,Friday,31-50,Male,5-10yr,Automobile,School areas,Asphalt roads,Dry,Normal,Daylight,Vehicle with vehicle collision,2,1,Going straight,Female,Over 51,2,Driving carelessly,Slight Injury,Owner,Above 10yr,No Casualty,Crossing from nearside - masked by parked or statioNot a Pedestrianry vehicle,Serious Injury
19:45:00,Friday,31-50,Male,2-5yr,Lorry (41-100Q),Hospital areas,Earth roads,Dry,Normal,Daylight,Vehicle with vehicle collision,2,1,Getting off,Male,Under 18,3,Changing lane to the left,Slight Injury,Owner,5-10yrs,No Casualty,Crossing from driver's nearside,Slight Injury
16:58:00,Thursday,Over 51,Male,1-2yr,Lorry (41-100Q),Other,Asphalt roads,Dry,Normal,Daylight,Vehicle with vehicle collision,2,1,Going straight,Female,18-30,3,No priority to vehicle,Slight Injury,Owner,2-5yrs,Normal,Not a Pedestrian,Slight Injury
16:58:00,Thursday,18-30,Male,1-2yr,Automobile,School areas,Asphalt roads,Dry,Normal,Daylight,Collision with roadside objects,2,1,Going straight,Female,31-50,3,No distancing,Slight Injury,Owner,Unknown,Normal,Not a Pedestrian,Slight Injury
18:41:00,Wednesday,31-50,Male,5-10yr,Stationwagen,Other,Asphalt roads,Dry,Normal,Daylight,Collision with roadside objects,2,1,Going straight,Female,Under 18,3,Changing lane to the right,Slight Injury,Owner,Above 10yr,Normal,Not a Pedestrian,Slight Injury
18:41:00,Wednesday,18-30,Female,5-10yr,Public (12 seats),Industrial areas,Asphalt roads,Dry,Normal,Daylight,Vehicle with vehicle collision,2,1,Reversing,Female,Under 18,3,Changing lane to the right,Slight Injury,Owner,5-10yrs,No Casualty,Not a Pedestrian,Slight Injury
20:50:00,Thursday,31-50,Male,1-2yr,Public (12 seats),Church areas,Asphalt roads,Dry,Normal,Daylight,Vehicle with vehicle collision,2,1,Turnover,Female,18-30,3,Overspeed,Slight Injury,Owner,Unknown,No Casualty,Not a Pedestrian,Slight Injury
20:50:00,Thursday,31-50,Male,2-5yr,Automobile,Office areas,Asphalt roads,Dry,Normal,Daylight,Vehicle with vehicle collision,2,1,Going straight,Female,18-30,3,No distancing,Slight Injury,Owner,Unknown,No Casualty,Not a Pedestrian,Slight Injury
18:55:00,Thursday,31-50,Male,5-10yr,Public (12 seats),Other,Asphalt roads,Dry,Normal,Daylight,Vehicle with vehicle collision,2,1,Going straight,Male,Under 18,3,Changing lane to the right,Slight Injury,Owner,Unknown,No Casualty,Not a Pedestrian,Slight Injury
18:55:00,Thursday,18-30,Male,5-10yr,Public (12 seats),Office areas,Asphalt roads,Dry,Normal,Daylight,Vehicle with vehicle collision,2,1,Going straight,Male,31-50,3,Changing lane to the left,Slight Injury,Owner,Unknown,Normal,Not a Pedestrian,Slight Injury
15:10:00,Sunday,18-30,Male,5-10yr,Lorry (41-100Q),Office areas,Gravel roads,Dry,Normal,Daylight,Vehicle with vehicle collision,2,1,Going straight,Male,Under 18,3,Getting off the vehicle improperly,Slight Injury,Owner,Unknown,Normal,Unknown or other,Slight Injury
15:10:00,Sunday,18-30,Male,2-5yr,Automobile,Office areas,Asphalt roads,Dry,Normal,Daylight,Vehicle with vehicle collision,2,1,Getting off,Female,Under 18,2,Other,Slight Injury,Governmental,Unknown,Normal,Crossing from nearside - masked by parked or statioNot a Pedestrianry vehicle,Serious Injury
15:29:00,Monday,31-50,Male,Above 10yr,Lorry (41-100Q),Residential areas,Asphalt roads,Dry,Normal,Daylight,Collision with roadside objects,2,4,Going straight,Female,31-50,3,Other,Slight Injury,Owner,Unknown,Normal,Not a Pedestrian,Slight Injury
15:29:00,Monday,31-50,Male,Above 10yr,Automobile,Office areas,Asphalt roads,Dry,Normal,Daylight,Collision with roadside objects,2,4,Going straight,Female,Under 18,3,No distancing,Slight Injury,Owner,Unknown,Normal,Not a Pedestrian,Slight Injury
15:29:00,Monday,31-50,Male,5-10yr,Automobile,Other,Asphalt roads,Dry,Normal,Daylight,Collision with roadside objects,2,4,Going straight,Female,Under 18,3,No priority to vehicle,Slight Injury,Owner,2-5yrs,No Casualty,Not a Pedestrian,Slight Injury
15:29:00,Monday,31-50,Male,Above 10yr,Stationwagen,Industrial areas,Asphalt roads,Dry,Normal,Daylight,Vehicle with vehicle collision,2,4,Going straight,Male,Under 18,3,Overtaking,Slight Injury,Owner,2-5yrs,Normal,Not a Pedestrian,Slight Injury
12:18:00,Friday,31-50,Male,5-10yr,Automobile,Other,Asphalt roads,Dry,Normal,Daylight,Vehicle with vehicle collision,2,1,Going straight,Male,Under 18,3,No priority to pedestrian,Slight Injury,Owner,Unknown,Normal,Not a Pedestrian,Slight Injury
12:18:00,Friday,18-30,Male,5-10yr,Automobile,Office areas,Asphalt roads,Dry,Normal,Daylight,Vehicle with vehicle collision,2,1,Going straight,Male,18-30,3,No distancing,Slight Injury,Owner,Unknown,Normal,Not a Pedestrian,Slight Injury
06:03:00,Friday,18-30,Male,Above 10yr,Automobile,Office areas,Asphalt roads,Wet or damp,Rain,Daylight,Vehicle with vehicle collision,1,2,Going straight,na,No Casualty,na,Changing lane to the right,Slight Injury,Governmental,Unknown,Normal,Not a Pedestrian,No Casualty
06:03:00,Friday,18-30,Male,Above 10yr,Stationwagen,Other,Asphalt roads,Wet or damp,Rain,Daylight,Collision with pedestrians,1,2,Going straight,Male,18-30,3,Driving carelessly,Slight Injury,Governmental,Unknown,Normal,Not a Pedestrian,Slight Injury
10:50:00,Tuesday,18-30,Male,5-10yr,Automobile,Other,Asphalt roads,Dry,Normal,Daylight,Collision with pedestrians,2,1,Going straight,na,No Casualty,na,Changing lane to the right,Slight Injury,Owner,Unknown,Normal,Not a Pedestrian,No Casualty
10:50:00,Tuesday,18-30,Female,5-10yr,Other,Office areas,Asphalt roads,Dry,Normal,Daylight,Vehicle with vehicle collision,2,1,Going straight,Male,31-50,2,Overtaking,Slight Injury,Owner,Unknown,Normal,Not a Pedestrian,Serious Injury
19:20:00,Monday,31-50,Male,Above 10yr,Other,Office areas,Asphalt roads,Dry,Normal,Daylight,Vehicle with vehicle collision,2,1,Reversing,na,No Casualty,na,Other,Slight Injury,Owner,Unknown,Normal,Not a Pedestrian,No Casualty
19:20:00,Monday,31-50,Male,Below 1yr,Automobile,Office areas,Asphalt roads,Dry,Normal,Daylight,Vehicle with vehicle collision,2,1,Going straight,Male,31-50,3,Driving to the left,Slight Injury,Owner,5-10yrs,Normal,Not a Pedestrian,Slight Injury
17:05:00,Monday,31-50,Male,2-5yr,Lorry (41-100Q),Other,Asphalt roads,Dry,Normal,Daylight,Vehicle with vehicle collision,1,1,Turnover,na,No Casualty,na,Overspeed,Serious Injury,Owner,Unknown,Normal,Not a Pedestrian,No Casualty
12:15:00,Tuesday,18-30,Male,2-5yr,Lorry (41-100Q),Other,Asphalt roads,Dry,Normal,Daylight,Vehicle with vehicle collision,2,1,Going straight,Male,Over 51,3,Unknown,Slight Injury,Owner,Unknown,Normal,Not a Pedestrian,Slight Injury
12:15:00,Tuesday,18-30,Male,5-10yr,Lorry (41-100Q),Recreational areas,Asphalt roads,Dry,Normal,Daylight,Vehicle with vehicle collision,2,1,Going straight,Male,18-30,3,Changing lane to the right,Slight Injury,Owner,Unknown,Normal,Not a Pedestrian,Slight Injury
08:35:00,Monday,18-30,Female,5-10yr,Automobile,Church areas,Asphalt roads,Dry,Normal,Daylight,Vehicle with vehicle collision,1,1,Going straight,Female,Under 18,2,No distancing,Slight Injury,Owner,Unknown,No Casualty,Not a Pedestrian,Serious Injury
08:30:00,Monday,18-30,Male,Below 1yr,Automobile,Recreational areas,Asphalt roads,Wet or damp,Other,Daylight,Vehicle with vehicle collision,2,1,Going straight,na,No Casualty,na,Other,Slight Injury,Other,1-2yr,Normal,Not a Pedestrian,No Casualty
08:30:00,Monday,18-30,Male,Above 10yr,Public (13-45 seats),School areas,Asphalt roads,Wet or damp,Other,Daylight,Vehicle with vehicle collision,2,1,Reversing,Male,Over 51,3,No priority to vehicle,Slight Injury,Owner,5-10yrs,No Casualty,Not a Pedestrian,Slight Injury
09:10:00,Wednesday,18-30,Male,Below 1yr,Public (13-45 seats),Church areas,Asphalt roads,Dry,Normal,Daylight,Vehicle with vehicle collision,1,1,Going straight,na,No Casualty,na,Changing lane to the left,Serious Injury,Owner,Unknown,No Casualty,Not a Pedestrian,No Casualty
07:29:00,Thursday,31-50,Male,5-10yr,Lorry (41-100Q),Office areas,Earth roads,Dry,Normal,Daylight,Collision with roadside objects,1,1,Turnover,Male,Over 51,3,No priority to pedestrian,Slight Injury,Owner,5-10yrs,Normal,Not a Pedestrian,Slight Injury
17:46:00,Wednesday,18-30,Male,5-10yr,Lorry (41-100Q),Residential areas,Asphalt roads,Dry,Normal,Daylight,Rollover,2,1,Going straight,na,No Casualty,na,Overtaking,Slight Injury,Owner,2-5yrs,Normal,Not a Pedestrian,No Casualty
17:46:00,Wednesday,Over 51,Male,5-10yr,Public (12 seats),Other,Asphalt roads,Dry,Normal,Daylight,Vehicle with vehicle collision,2,1,Going straight,Male,Over 51,3,Driving carelessly,Slight Injury,Owner,Unknown,Normal,Not a Pedestrian,Slight Injury
08:40:00,Monday,18-30,Female,1-2yr,Other,Other,Asphalt roads,Dry,Normal,Daylight,Vehicle with vehicle collision,1,1,Going straight,Male,Over 51,3,No priority to vehicle,Slight Injury,Owner,Unknown,Normal,Not a Pedestrian,Slight Injury
07:30:00,Monday,Under 18,Male,5-10yr,Lorry (41-100Q),Industrial areas,Asphalt roads,Dry,Normal,Daylight,Vehicle with vehicle collision,2,1,Going straight,Male,Under 18,3,No priority to pedestrian,Slight Injury,Governmental,1-2yr,Normal,Not a Pedestrian,Slight Injury
07:30:00,Monday,18-30,Female,5-10yr,Automobile,Church areas,Asphalt roads,Dry,Normal,Daylight,Vehicle with vehicle collision,2,1,Going straight,Female,31-50,3,Changing lane to the right,Slight Injury,Governmental,1-2yr,Normal,Not a Pedestrian,Slight Injury
14:15:00,Friday,31-50,Male,5-10yr,Other,Office areas,Asphalt roads,Dry,Normal,Daylight,Vehicle with vehicle collision,2,1,Getting off,na,No Casualty,na,Driving carelessly,Serious Injury,Organization,1-2yr,Normal,Not a Pedestrian,No Casualty
14:15:00,Friday,18-30,Female,5-10yr,Motorcycle,Office areas,Asphalt roads,Dry,Normal,Daylight,Collision with roadside objects,2,1,Moving Backward,Male,18-30,3,Changing lane to the right,Serious Injury,Owner,Unknown,Normal,Not a Pedestrian,Slight Injury
21:00:00,Friday,31-50,Male,Above 10yr,Automobile,Office areas,Gravel roads,Dry,Normal,Darkness - lights lit,Collision with roadside objects,2,1,Going straight,Female,Under 18,3,Changing lane to the right,Serious Injury,Owner,Unknown,Normal,Not a Pedestrian,Slight Injury
21:00:00,Friday,18-30,Male,5-10yr,Automobile,Other,Asphalt roads,Dry,Normal,Darkness - lights lit,Vehicle with vehicle collision,2,1,Turnover,Male,Under 18,2,Changing lane to the left,Serious Injury,Owner,2-5yrs,Normal,Not a Pedestrian,Serious Injury
21:50:00,Wednesday,18-30,Male,5-10yr,Lorry (41-100Q),Office areas,Asphalt roads,Dry,Normal,Darkness - lights lit,Collision with roadside objects,2,1,Going straight,na,No Casualty,na,Overturning,Slight Injury,Owner,Unknown,No Casualty,Not a Pedestrian,No Casualty
21:50:00,Wednesday,31-50,Male,Below 1yr,Automobile,Other,Asphalt roads,Dry,Normal,Darkness - lights lit,Vehicle with vehicle collision,2,1,Going straight,Female,Over 51,2,Driving carelessly,Slight Injury,Owner,Unknown,Normal,Not a Pedestrian,Serious Injury