Time,Day_of_week,Age_band_of_driver,Sex_of_driver,Driving_experience,Type_of_vehicle,Area_accident_occured,Road_surface_type,Road_surface_conditions,Weather_conditions,Light_conditions,Type_of_collision,Number_of_vehicles_involved,Number_of_casualties,Vehicle_movement,Sex_of_casualty,Age_band_of_casualty,Casualty_severity,Cause_of_accident,Accident_severity,Owner_of_vehicle,Service_year_of_vehicle,Fitness_of_casuality,Pedestrian_movement,Casualty_severity_label
14:36:00,Sunday,31-50,Male,2-5yr,Other,Other,Asphalt roads,Wet or damp,Rain,Daylight,Vehicle with vehicle collision,2,1,Other,Male,18-30,3,Other,Slight Injury,Organization,Unknown,Normal,Not a Pedestrian,Slight Injury
14:36:00,Sunday,18-30,Male,5-10yr,Pick up upto 10Q,Other,Asphalt roads,Wet or damp,Rain,Daylight,Vehicle with vehicle collision,2,1,Going straight,Male,31-50,3,Changing lane to the right,Slight Injury,Owner,Above 10yr,Normal,Unknown or other,Slight Injury
12:10:00,Thursday,18-30,Male,2-5yr,Lorry (11-40Q),Office areas,Asphalt roads,Dry,Normal,Daylight,Vehicle with vehicle collision,2,2,Going straight,na,No Casualty,na,No distancing,Slight Injury,Owner,Unknown,Normal,Not a Pedestrian,No Casualty
12:10:00,Thursday,18-30,Male,5-10yr,Motorcycle,Office areas,Asphalt roads,Dry,Normal,Daylight,Vehicle with vehicle collision,2,2,Other,Male,18-30,3,Driving carelessly,Slight Injury,Owner,Unknown,Normal,Not a Pedestrian,Slight Injury
12:10:00,Thursday,18-30,Male,2-5yr,Pick up upto 10Q,Church areas,Asphalt roads,Dry,Normal,Daylight,Vehicle with vehicle collision,2,2,Other,Male,31-50,3,No distancing,Slight Injury,Owner,Above 10yr,Normal,Not a Pedestrian,Slight Injury
18:50:00,Tuesday,18-30,Male,5-10yr,Lorry (11-40Q),Office areas,Asphalt roads,Dry,Normal,Darkness - lights lit,Vehicle with vehicle collision,1,1,Going straight,Male,18-30,3,No priority to vehicle,Slight Injury,Owner,Unknown,Normal,Crossing from nearside - masked by parked or statioNot a Pedestrianry vehicle,Slight Injury
06:50:00,Wednesday,18-30,Male,2-5yr,Lorry (11-40Q),Office areas,Asphalt roads,Wet or damp,Rain,Darkness - lights lit,Vehicle with vehicle collision,2,1,Reversing,Female,Under 18,3,Changing lane to the right,Slight Injury,Owner,Above 10yr,Normal,Crossing from driver's nearside,Slight Injury
06:50:00,Wednesday,18-30,Male,1-2yr,Automobile,Office areas,Asphalt roads,Wet or damp,Rain,Darkness - lights lit,Vehicle with vehicle collision,2,1,Other,Male,18-30,3,No priority to pedestrian,Slight Injury,Owner,Unknown,Normal,Not a Pedestrian,Slight Injury
19:45:00,Friday,18-30,Male,5-10yr,Automobile,Office areas,Asphalt roads,Dry,Normal,Darkness - lights lit,Vehicle with vehicle collision,1,1,Turnover,Female,Over 51,3,No priority to vehicle,Serious Injury,Owner,Unknown,No Casualty,Not a Pedestrian,Slight Injury
12:00:00,Wednesday,Over 51,Male,1-2yr,Other,Residential areas,Asphalt roads,Dry,Normal,Daylight,Vehicle with vehicle collision,2,1,Going straight,na,No Casualty,na,Changing lane to the left,Slight Injury,Owner,2-5yrs,Normal,Not a Pedestrian,No Casualty
12:00:00,Wednesday,31-50,Male,2-5yr,Other,Residential areas,Asphalt roads,Dry,Normal,Daylight,Vehicle with vehicle collision,2,1,Going straight,Female,Over 51,3,Turnover,Slight Injury,Owner,Above 10yr,Normal,Not a Pedestrian,Slight Injury
12:37:00,Wednesday,18-30,Male,1-2yr,Automobile,Residential areas,Asphalt roads,Dry,Normal,Daylight,Rollover,2,1,Going straight,Male,31-50,3,Driving to the left,Slight Injury,Owner,5-10yrs,Normal,Not a Pedestrian,Slight Injury
12:37:00,Wednesday,18-30,Male,Above 10yr,Taxi,Office areas,Asphalt roads,Dry,Normal,Daylight,Collision with roadside objects,2,1,Going straight,Male,Over 51,3,Driving carelessly,Slight Injury,Owner,5-10yrs,Normal,Not a Pedestrian,Slight Injury
16:30:00,Friday,31-50,Male,2-5yr,Other,Residential areas,Asphalt roads,Dry,Normal,Daylight,Vehicle with vehicle collision,1,2,Going straight,Male,18-30,3,Driving to the left,Slight Injury,Owner,Unknown,Normal,Not a Pedestrian,Slight Injury
16:30:00,Friday,31-50,Male,2-5yr,Taxi,Other,Asphalt roads,Dry,Normal,Daylight,Vehicle with vehicle collision,1,2,Going straight,na,No Casualty,na,Driving carelessly,Slight Injury,Governmental,Unknown,Normal,Not a Pedestrian,No Casualty
18:00:00,Tuesday,Under 18,Male,2-5yr,Lorry (11-40Q),Other,Asphalt roads,Dry,Normal,Darkness - lights lit,Collision with roadside objects,2,1,Going straight,na,No Casualty,na,No priority to pedestrian,Slight Injury,Governmental,Below 1yr,Normal,Not a Pedestrian,No Casualty
18:00:00,Tuesday,18-30,Male,2-5yr,Automobile,Other,Asphalt roads,Dry,Normal,Darkness - lights lit,Vehicle with vehicle collision,2,1,Going straight,Male,18-30,3,Driving carelessly,Slight Injury,Owner,Unknown,Normal,Not a Pedestrian,Slight Injury
19:45:00,Friday,18-30,Male,2-5yr,Other,School areas,Asphalt roads,Dry,Normal,Darkness - lights lit,Vehicle with vehicle collision,1,1,Going straight,Male,18-30,3,Changing lane to the right,Slight Injury,Owner,Unknown,Normal,Not a Pedestrian,Slight Injury
05:50:00,Friday,31-50,Male,2-5yr,Automobile,School areas,Asphalt roads,Dry,Normal,Darkness - lights lit,Vehicle with vehicle collision,1,1,Other,na,No Casualty,na,Moving Backward,Slight Injury,Owner,Unknown,No Casualty,Not a Pedestrian,No Casualty
21:20:00,Thursday,18-30,Male,5-10yr,Automobile,School areas,Asphalt roads,Dry,Normal,Darkness - lights lit,Rollover,1,1,Going straight,Male,31-50,3,Driving carelessly,Slight Injury,Owner,2-5yrs,Normal,Not a Pedestrian,Slight Injury
08:05:00,Thursday,18-30,Male,2-5yr,Automobile,Residential areas,Asphalt roads,Dry,Normal,Daylight,Rollover,3,1,Going straight,na,No Casualty,na,Changing lane to the right,Slight Injury,Owner,Unknown,Normal,Not a Pedestrian,No Casualty
08:05:00,Thursday,18-30,Female,Above 10yr,Automobile,Other,Asphalt roads,Dry,Normal,Daylight,Collision with pedestrians,3,1,Moving Backward,na,No Casualty,na,Driving carelessly,Slight Injury,Owner,Unknown,Normal,Not a Pedestrian,No Casualty
08:05:00,Thursday,18-30,Female,Above 10yr,Lorry (41-100Q),Office areas,Asphalt roads,Dry,Normal,Daylight,Vehicle with vehicle collision,3,1,Going straight,na,No Casualty,na,Driving carelessly,Slight Injury,Owner,Unknown,Normal,Not a Pedestrian,No Casualty
03:42:00,Wednesday,18-30,Male,Above 10yr,Other,Other,Asphalt roads,Dry,Normal,Darkness - lights lit,Vehicle with vehicle collision,1,1,Moving Backward,Male,31-50,3,Driving carelessly,Serious Injury,Owner,5-10yrs,Normal,Not a Pedestrian,Slight Injury
04:20:00,Friday,31-50,Male,5-10yr,Pick up upto 10Q,School areas,Asphalt roads,Dry,Normal,Darkness - lights lit,Vehicle with vehicle collision,2,4,Other,Female,18-30,3,Changing lane to the right,Slight Injury,Owner,Above 10yr,Normal,Not a Pedestrian,Slight Injury
04:20:00,Friday,31-50,Male,2-5yr,Pick up upto 10Q,Other,Asphalt roads,Dry,Normal,Darkness - lights lit,Collision with pedestrians,2,4,Going straight,na,No Casualty,na,Changing lane to the right,Slight Injury,Owner,5-10yrs,Normal,Not a Pedestrian,No Casualty
04:20:00,Friday,31-50,Male,1-2yr,Automobile,Industrial areas,Asphalt roads,Dry,Normal,Darkness - lights lit,Collision with pedestrians,2,4,Reversing,na,No Casualty,na,Driving carelessly,Slight Injury,Owner,2-5yrs,Normal,Not a Pedestrian,No Casualty
04:20:00,Friday,31-50,Male,2-5yr,Long lorry,Other,Asphalt roads,Dry,Normal,Darkness - lights lit,Vehicle with vehicle collision,2,4,Going straight,Male,18-30,3,Overtaking,Slight Injury,Owner,2-5yrs,Normal,Not a Pedestrian,Slight Injury
06:50:00,Friday,31-50,Male,5-10yr,Automobile,Office areas,Asphalt roads,Dry,Normal,Daylight,Vehicle with vehicle collision,2,1,Other,Male,18-30,3,Changing lane to the right,Slight Injury,Owner,Unknown,Normal,Not a Pedestrian,Slight Injury
06:50:00,Friday,31-50,Male,5-10yr,Public (13-45 seats),Other,Asphalt roads,Dry,Normal,Daylight,Vehicle with vehicle collision,2,1,Other,na,No Casualty,na,No distancing,Slight Injury,Owner,Unknown,Normal,Not a Pedestrian,No Casualty
20:15:00,Sunday,18-30,Male,5-10yr,Lorry (41-100Q),Other,Asphalt roads,Dry,Normal,Darkness - lights lit,Collision with roadside objects,1,1,Other,Male,31-50,3,Other,Slight Injury,Owner,Unknown,Normal,Crossing from nearside - masked by parked or statioNot a Pedestrianry vehicle,Slight Injury
19:50:00,Friday,31-50,Male,Above 10yr,Public (13-45 seats),Outside rural areas,Asphalt roads,Dry,Normal,Darkness - lights lit,Vehicle with vehicle collision,1,1,Stopping,Male,31-50,3,Changing lane to the right,Slight Injury,Organization,Above 10yr,Normal,Crossing from nearside - masked by parked or statioNot a Pedestrianry vehicle,Slight Injury
11:27:00,Friday,31-50,Male,Above 10yr,Other,Other,Asphalt roads,Dry,Normal,Daylight,Collision with roadside objects,2,1,Other,Female,31-50,3,Changing lane to the right,Serious Injury,Owner,Unknown,Normal,Not a Pedestrian,Slight Injury
11:27:00,Friday,18-30,Male,1-2yr,Lorry (41-100Q),Residential areas,Asphalt roads,Dry,Normal,Daylight,Vehicle with vehicle collision,2,1,Other,Female,18-30,3,Overtaking,Serious Injury,Owner,Above 10yr,No Casualty,Not a Pedestrian,Slight Injury
12:55:00,Friday,31-50,Male,5-10yr,Lorry (41-100Q),Office areas,Asphalt roads,Dry,Normal,Daylight,Vehicle with vehicle collision,1,1,Other,na,No Casualty,na,Other,Serious Injury,Owner,Above 10yr,Normal,Not a Pedestrian,No Casualty
16:00:00,Friday,31-50,Male,2-5yr,Long lorry,Office areas,Asphalt roads,Dry,Normal,Daylight,Collision with roadside objects,1,1,Going straight,Male,18-30,3,Driving to the left,Slight Injury,Owner,Unknown,Normal,Not a Pedestrian,Slight Injury
19:03:00,Friday,31-50,Male,5-10yr,Pick up upto 10Q,Hospital areas,Asphalt roads,Dry,Normal,Darkness - lights lit,Vehicle with vehicle collision,2,1,Going straight,Male,18-30,3,Overtaking,Slight Injury,Owner,2-5yrs,No Casualty,Not a Pedestrian,Slight Injury
19:03:00,Friday,Over 51,Male,2-5yr,Pick up upto 10Q,Industrial areas,Asphalt roads,Dry,Normal,Darkness - lights lit,Vehicle with vehicle collision,2,1,Going straight,na,No Casualty,na,No priority to vehicle,Slight Injury,Owner,Unknown,Normal,Not a Pedestrian,No Casualty
07:40:00,Thursday,18-30,Unknown,Above 10yr,Lorry (41-100Q),Other,Asphalt roads,Wet or damp,Normal,Daylight,Collision with roadside objects,2,1,Going straight,Female,31-50,3,Moving Backward,Slight Injury,Owner,2-5yrs,Normal,Not a Pedestrian,Slight Injury
07:40:00,Thursday,31-50,Male,5-10yr,Lorry (41-100Q),Office areas,Asphalt roads,Wet or damp,Normal,Daylight,Collision with roadside objects,2,1,Going straight,Male,Under 18,2,Other,Slight Injury,Owner,Unknown,Normal,Not a Pedestrian,Serious Injury
20:19:00,Monday,18-30,Male,5-10yr,Automobile,Office areas,Asphalt roads,Dry,Normal,Darkness - lights lit,Vehicle with vehicle collision,2,1,Going straight,na,No Casualty,na,No priority to vehicle,Slight Injury,Owner,Unknown,Normal,Not a Pedestrian,No Casualty
20:19:00,Monday,18-30,Male,1-2yr,Other,Residential areas,Asphalt roads,Dry,Normal,Darkness - lights lit,Vehicle with vehicle collision,2,1,Going straight,Male,18-30,3,No priority to pedestrian,Slight Injury,Owner,Unknown,Normal,Not a Pedestrian,Slight Injury
11:52:00,Monday,31-50,Male,Above 10yr,Automobile,Residential areas,Asphalt roads,Dry,Normal,Daylight,Vehicle with vehicle collision,2,1,Going straight,na,No Casualty,na,Changing lane to the right,Slight Injury,Owner,Unknown,Normal,Not a Pedestrian,No Casualty
11:52:00,Monday,31-50,Male,5-10yr,Other,School areas,Asphalt roads,Dry,Normal,Daylight,Vehicle with vehicle collision,2,1,Going straight,na,No Casualty,na,Changing lane to the right,Slight Injury,Owner,Unknown,Normal,Not a Pedestrian,No Casualty
11:38:00,Monday,18-30,Male,2-5yr,Automobile,Other,Asphalt roads,Wet or damp,Normal,Daylight,Vehicle with vehicle collision,2,1,Going straight,Male,31-50,3,Changing lane to the right,Slight Injury,Governmental,Unknown,Normal,Not a Pedestrian,Slight Injury
11:38:00,Monday,18-30,Male,2-5yr,Pick up upto 10Q,Market areas,Asphalt roads,Wet or damp,Normal,Daylight,Vehicle with vehicle collision,2,1,Going straight,na,No Casualty,na,Driving to the left,Slight Injury,Governmental,Unknown,No Casualty,Not a Pedestrian,No Casualty
18:24:00,Monday,18-30,Male,5-10yr,Automobile,Office areas,Asphalt roads,Dry,Normal,Darkness - lights lit,Vehicle with vehicle collision,2,1,Reversing,Male,31-50,3,Changing lane to the left,Slight Injury,Owner,Unknown,Normal,Not a Pedestrian,Slight Injury
18:24:00,Monday,18-30,Male,1-2yr,Public (12 seats),Church areas,Asphalt roads,Dry,Normal,Darkness - lights lit,Vehicle with vehicle collision,2,1,Going straight,na,No Casualty,na,Moving Backward,Slight Injury,Owner,Unknown,Normal,Not a Pedestrian,No Casualty
16:25:00,Monday,31-50,Male,5-10yr,Automobile,Church areas,Asphalt roads,Dry,Normal,Daylight,Vehicle with vehicle collision,1,1,Other,Male,31-50,3,Overspeed,Slight Injury,Governmental,Unknown,Normal,Not a Pedestrian,Slight Injury
16:20:00,Monday,31-50,Male,5-10yr,Other,Residential areas,Asphalt roads,Dry,Normal,Daylight,Vehicle with vehicle collision,1,1,Going straight,Female,Under 18,3,Moving Backward,Slight Injury,Owner,Unknown,Normal,Crossing from offside - masked by  parked or statioNot a Pedestrianry vehicle,Slight Injury
17:45:00,Monday,18-30,Male,5-10yr,Public (12 seats),Residential areas,Asphalt roads,Dry,Normal,Darkness - lights lit,Vehicle with vehicle collision,2,1,Getting off,Male,31-50,3,No distancing,Slight Injury,Owner,Above 10yr,No Casualty,Not a Pedestrian,Slight Injury
17:45:00,Monday,31-50,Male,Above 10yr,Stationwagen,Residential areas,Asphalt roads,Dry,Normal,Darkness - lights lit,Vehicle with vehicle collision,2,1,Going straight,na,No Casualty,na,Other,Slight Injury,Owner,Unknown,Normal,Not a Pedestrian,No Casualty
15:55:00,Monday,Over 51,Male,2-5yr,Lorry (41-100Q),Residential areas,Asphalt roads,Dry,Normal,Daylight,Vehicle with vehicle collision,1,1,Going straight,Female,31-50,3,No priority to vehicle,Slight Injury,Owner,Above 10yr,Normal,Not a Pedestrian,Slight Injury
17:15:00,Tuesday,18-30,Female,5-10yr,Lorry (41-100Q),Other,Asphalt roads,Dry,Normal,Darkness - lights lit,Vehicle with vehicle collision,1,1,Going straight,Male,31-50,3,Changing lane to the right,Slight Injury,Owner,1-2yr,No Casualty,"In carriageway, statioNot a Pedestrianry - not crossing  (standing or playing)",Slight Injury
07:40:00,Tuesday,18-30,Male,5-10yr,Lorry (41-100Q),Other,Asphalt roads,Dry,Normal,Daylight,Vehicle with vehicle collision,2,1,Going straight,Male,Under 18,3,Other,Slight Injury,Owner,Unknown,Normal,Not a Pedestrian,Slight Injury
07:40:00,Tuesday,31-50,Male,5-10yr,Automobile,Residential areas,Asphalt roads,Dry,Normal,Daylight,Vehicle with vehicle collision,2,1,Turnover,Female,Under 18,3,No distancing,Slight Injury,Owner,2-5yrs,No Casualty,Not a Pedestrian,Slight Injury
10:51:00,Tuesday,31-50,Male,5-10yr,Lorry (41-100Q),Other,Asphalt roads,Dry,Normal,Daylight,Vehicle with vehicle collision,1,1,Entering a junction,Female,31-50,3,Driving carelessly,Slight Injury,Owner,Unknown,Normal,Not a Pedestrian,Slight Injury
07:55:00,Wednesday,18-30,Male,5-10yr,Automobile,Church areas,Asphalt roads,Wet or damp,Rain,Daylight,Vehicle with vehicle collision,2,1,Entering a junction,na,No Casualty,na,No distancing,Slight Injury,Owner,Unknown,Normal,Not a Pedestrian,No Casualty
07:55:00,Wednesday,31-50,Male,1-2yr,Public (12 seats),Other,Asphalt roads,Wet or damp,Rain,Daylight,Collision with roadside objects,2,1,Entering a junction,na,No Casualty,na,Moving Backward,Slight Injury,Owner,Unknown,Normal,Not a Pedestrian,No Casualty
21:38:00,Wednesday,18-30,Female,5-10yr,Automobile,Office areas,Asphalt roads,Dry,Normal,Darkness - lights lit,Vehicle with vehicle collision,1,1,Entering a junction,Female,31-50,3,No distancing,Slight Injury,Owner,Unknown,Normal,Not a Pedestrian,Slight Injury
19:00:00,Monday,18-30,Male,2-5yr,Stationwagen,Office areas,Asphalt roads,Dry,Normal,Darkness - lights lit,Collision with pedestrians,2,1,Other,Male,18-30,3,Moving Backward,Slight Injury,Owner,2-5yrs,Normal,Not a Pedestrian,Slight Injury
19:00:00,Monday,31-50,Male,5-10yr,Automobile,Residential areas,Asphalt roads,Dry,Normal,Darkness - lights lit,Vehicle with vehicle collision,2,1,Entering a junction,na,No Casualty,na,No priority to pedestrian,Slight Injury,Owner,Unknown,Normal,Not a Pedestrian,No Casualty
13:05:00,Friday,31-50,Male,2-5yr,Lorry (41-100Q),Other,Asphalt roads,Dry,Normal,Daylight,Collision with roadside objects,1,1,Turnover,Male,31-50,3,Changing lane to the left,Serious Injury,Owner,Unknown,No Casualty,Not a Pedestrian,Slight Injury
20:50:00,Sunday,31-50,Male,Above 10yr,Other,Industrial areas,Asphalt roads,Dry,Normal,Darkness - lights lit,Vehicle with vehicle collision,1,1,Entering a junction,na,No Casualty,na,No distancing,Serious Injury,Owner,Above 10yr,Normal,Not a Pedestrian,No Casualty
17:24:00,Tuesday,18-30,Female,Below 1yr,Pick up upto 10Q,Office areas,Asphalt roads,Dry,Normal,Daylight,Vehicle with vehicle collision,1,1,Entering a junction,Female,Over 51,3,Other,Slight Injury,Owner,Unknown,Normal,Not a Pedestrian,Slight Injury
08:45:00,Thursday,18-30,Male,Below 1yr,Automobile,Recreational areas,Asphalt roads,Dry,Normal,Daylight,Vehicle with vehicle collision,2,1,Entering a junction,na,No Casualty,na,No distancing,Slight Injury,Organization,Unknown,No Casualty,Not a Pedestrian,No Casualty
08:45:00,Thursday,31-50,Male,5-10yr,Lorry (41-100Q),Residential areas,Asphalt roads,Dry,Normal,Daylight,Vehicle with vehicle collision,2,1,Entering a junction,Male,18-30,3,No priority to pedestrian,Slight Injury,Owner,1-2yr,Normal,Not a Pedestrian,Slight Injury
18:10:00,Thursday,18-30,Male,2-5yr,Automobile,Residential areas,Asphalt roads,Dry,Normal,Daylight,Vehicle with vehicle collision,1,1,Entering a junction,Male,Over 51,3,Moving Backward,Slight Injury,Owner,Above 10yr,Normal,Not a Pedestrian,Slight Injury
00:08:00,Friday,Over 51,Male,5-10yr,Public (13-45 seats),Church areas,Gravel roads,Wet or damp,Normal,Darkness - lights lit,Rollover,2,2,Other,Male,31-50,3,No priority to pedestrian,Slight Injury,Owner,5-10yrs,No Casualty,Not a Pedestrian,Slight Injury
00:08:00,Friday,Over 51,Male,5-10yr,Automobile,Residential areas,Asphalt roads,Wet or damp,Normal,Darkness - lights lit,Collision with roadside objects,2,2,Going straight,Male,31-50,3,No distancing,Slight Injury,Owner,5-10yrs,Normal,Not a Pedestrian,Slight Injury
00:08:00,Friday,31-50,Male,Above 10yr,Lorry (41-100Q),Other,Asphalt roads,Wet or damp,Normal,Darkness - lights lit,Vehicle with vehicle collision,2,2,Going straight,Male,31-50,3,No priority to pedestrian,Slight Injury,Owner,Unknown,Normal,Not a Pedestrian,Slight Injury
22:30:00,Thursday,18-30,Male,Above 10yr,Public (12 seats),Other,Asphalt roads,Dry,Normal,Darkness - lights lit,Vehicle with vehicle collision,2,1,Other,Female,31-50,3,Driving carelessly,Slight Injury,Owner,5-10yrs,Normal,Not a Pedestrian,Slight Injury
22:30:00,Thursday,18-30,Male,Above 10yr,Motorcycle,Other,Asphalt roads,Dry,Normal,Darkness - lights lit,Collision with roadside objects,2,1,Going straight,Female,31-50,3,Getting off the vehicle improperly,Slight Injury,Owner,Unknown,Normal,Not a Pedestrian,Slight Injury
16:15:00,Friday,31-50,Male,Above 10yr,Public (12 seats),Church areas,Asphalt roads,Dry,Normal,Daylight,Vehicle with vehicle collision,2,2,Going straight,na,No Casualty,na,Driving carelessly,Slight Injury,Owner,Unknown,Normal,Not a Pedestrian,No Casualty
16:15:00,Friday,31-50,Male,5-10yr,Lorry (41-100Q),Other,Asphalt roads,Dry,Normal,Daylight,Vehicle with vehicle collision,2,2,Going straight,Female,18-30,3,Changing lane to the left,Slight Injury,Governmental,Unknown,Normal,Not a Pedestrian,Slight Injury
16:15:00,Friday,31-50,Male,Below 1yr,Automobile,Church areas,Asphalt roads,Dry,Normal,Daylight,Vehicle with vehicle collision,2,2,Going straight,na,No Casualty,na,No priority to vehicle,Slight Injury,Owner,Unknown,Normal,Not a Pedestrian,No Casualty
17:55:00,Friday,31-50,Male,2-5yr,Lorry (41-100Q),Church areas,Asphalt roads,Dry,Normal,Darkness - lights lit,Vehicle with vehicle collision,2,1,Going straight,Male,31-50,3,Changing lane to the right,Slight Injury,Owner,Unknown,No Casualty,Not a Pedestrian,Slight Injury
17:55:00,Friday,31-50,Male,5-10yr,Stationwagen,Other,Asphalt roads,Dry,Normal,Darkness - lights lit,Vehicle with vehicle collision,2,1,Reversing,Male,Over 51,3,Changing lane to the right,Slight Injury,Owner,Above 10yr,Normal,Not a Pedestrian,Slight Injury
15:31:00,Friday,31-50,Male,1-2yr,Pick up upto 10Q,Other,Asphalt roads with some distress,Dry,Normal,Daylight,Vehicle with vehicle collision,1,1,Moving Backward,Male,18-30,3,No distancing,Slight Injury,Governmental,5-10yrs,Normal,Crossing from nearside - masked by parked or statioNot a Pedestrianry vehicle,Slight Injury
19:10:00,Friday,31-50,Male,1-2yr,Automobile,School areas,Asphalt roads,Dry,Normal,Darkness - lights lit,Collision with pedestrians,1,1,Overtaking,na,No Casualty,na,No distancing,Slight Injury,Owner,5-10yrs,Normal,Not a Pedestrian,No Casualty
09:30:00,Friday,31-50,Male,1-2yr,Automobile,Residential areas,Asphalt roads,Dry,Normal,Daylight,Vehicle with vehicle collision,2,2,Going straight,Male,18-30,3,Changing lane to the left,Slight Injury,Owner,Above 10yr,Normal,Not a Pedestrian,Slight Injury
09:30:00,Friday,31-50,Male,5-10yr,Automobile,Other,Asphalt roads,Dry,Normal,Daylight,Collision with roadside objects,2,2,Going straight,na,No Casualty,na,Changing lane to the right,Slight Injury,Owner,1-2yr,Normal,Not a Pedestrian,No Casualty
14:15:00,Friday,Over 51,Male,Above 10yr,Other,Office areas,Asphalt roads,Dry,Normal,Daylight,Vehicle with vehicle collision,1,1,Going straight,Male,18-30,3,No priority to vehicle,Slight Injury,Owner,Above 10yr,Normal,Not a Pedestrian,Slight Injury
01:12:00,Sunday,18-30,Male,Above 10yr,Automobile,Residential areas,Asphalt roads,Dry,Normal,Darkness - lights lit,Vehicle with vehicle collision,1,3,Going straight,Male,Over 51,3,Changing lane to the left,Serious Injury,Owner,Above 10yr,Normal,Not a Pedestrian,Slight Injury
01:12:00,Sunday,18-30,Male,5-10yr,Public (13-45 seats),Other,Asphalt roads,Dry,Normal,Darkness - lights lit,Vehicle with vehicle collision,1,3,Going straight,na,No Casualty,na,No priority to vehicle,Serious Injury,Owner,Above 10yr,Normal,Not a Pedestrian,No Casualty
01:12:00,Sunday,18-30,Male,2-5yr,Public (13-45 seats),Residential areas,Asphalt roads,Dry,Normal,Darkness - lights lit,Vehicle with vehicle collision,1,3,Going straight,Male,31-50,3,Moving Backward,Serious Injury,Owner,Above 10yr,Normal,Not a Pedestrian,Slight Injury
21:10:00,Friday,31-50,Male,Below 1yr,Automobile,Residential areas,Asphalt roads,Dry,Normal,Darkness - lights lit,Vehicle with vehicle collision,2,1,Going straight,na,No Casualty,na,Turnover,Slight Injury,Owner,5-10yrs,No Casualty,Not a Pedestrian,No Casualty
21:10:00,Friday,18-30,Male,1-2yr,Public (12 seats),Residential areas,Asphalt roads,Dry,Normal,Darkness - lights lit,Vehicle with vehicle collision,2,1,Going straight,Female,18-30,3,No distancing,Slight Injury,Owner,Unknown,Normal,Not a Pedestrian,Slight Injury
20:17:00,Thursday,31-50,Male,5-10yr,Public (12 seats),Other,Asphalt roads,Dry,Normal,Darkness - lights lit,Vehicle with vehicle collision,2,1,Going straight,Female,18-30,3,No distancing,Slight Injury,Owner,1-2yr,Normal,Crossing from nearside - masked by parked or statioNot a Pedestrianry vehicle,Slight Injury
20:17:00,Thursday,18-30,Male,Below 1yr,Lorry (41-100Q),Other,Asphalt roads,Dry,Normal,Darkness - lights lit,Vehicle with vehicle collision,2,1,Going straight,Male,18-30,3,No distancing,Slight Injury,Owner,5-10yrs,No Casualty,Not a Pedestrian,Slight Injury
12:27:00,Monday,31-50,Male,5-10yr,Automobile,Other,Asphalt roads,Dry,Normal,Daylight,Vehicle with vehicle collision,2,1,Going straight,na,No Casualty,na,Changing lane to the left,Slight Injury,Owner,5-10yrs,Normal,Not a Pedestrian,No Casualty
12:27:00,Monday,18-30,Male,2-5yr,Pick up upto 10Q,Hospital areas,Asphalt roads,Dry,Normal,Daylight,Collision with roadside objects,2,1,Other,Male,18-30,3,No priority to vehicle,Slight Injury,Owner,1-2yr,Normal,Not a Pedestrian,Slight Injury
10:12:00,Monday,18-30,Male,5-10yr,Pick up upto 10Q,Residential areas,Asphalt roads,Dry,Normal,Daylight,Vehicle with vehicle collision,2,1,Going straight,na,No Casualty,na,Overspeed,Slight Injury,Owner,2-5yrs,Normal,Not a Pedestrian,No Casualty
10:12:00,Monday,31-50,Male,5-10yr,Lorry (41-100Q),Residential areas,Asphalt roads,Dry,Normal,Daylight,Collision with roadside objects,2,1,Moving Backward,Male,Over 51,3,Overtaking,Slight Injury,Owner,5-10yrs,Normal,Not a Pedestrian,Slight Injury
08:30:00,Monday,18-30,Male,Above 10yr,Automobile,Residential areas,Asphalt roads,Dry,Normal,Daylight,Vehicle with vehicle collision,2,1,Other,na,No Casualty,na,Other,Slight Injury,Owner,5-10yrs,Normal,Not a Pedestrian,No Casualty
08:30:00,Monday,18-30,Male,1-2yr,Stationwagen,Other,Asphalt roads,Dry,Normal,Daylight,Vehicle with vehicle collision,2,1,Going straight,Female,Under 18,3,Changing lane to the left,Slight Injury,Owner,1-2yr,Normal,Not a Pedestrian,Slight Injury
07:47:00,Monday,31-50,Male,Below 1yr,Motorcycle,Office areas,Asphalt roads,Dry,Normal,Daylight,Vehicle with vehicle collision,2,1,Going straight,Male,18-30,3,No priority to pedestrian,Slight Injury,Owner,1-2yr,Normal,Not a Pedestrian,Slight Injury
07:47:00,Monday,31-50,Male,Above 10yr,Automobile,Other,Asphalt roads,Dry,Normal,Daylight,Collision with pedestrians,2,1,Going straight,na,No Casualty,na,Changing lane to the left,Slight Injury,Owner,2-5yrs,Normal,Not a Pedestrian,No Casualty
07:15:00,Tuesday,31-50,Male,1-2yr,Other,Office areas,Asphalt roads,Dry,Normal,Daylight,Vehicle with vehicle collision,2,1,Going straight,Female,18-30,3,No distancing,Slight Injury,Owner,Unknown,Normal,Not a Pedestrian,Slight Injury
07:15:00,Tuesday,18-30,Male,2-5yr,Automobile,Residential areas,Asphalt roads,Dry,Normal,Daylight,Vehicle with vehicle collision,2,1,Going straight,na,No Casualty,na,Moving Backward,Slight Injury,Owner,Unknown,Normal,Not a Pedestrian,No Casualty