Time,Day_of_week,Age_band_of_driver,Sex_of_driver,Driving_experience,Type_of_vehicle,Area_accident_occured,Road_surface_type,Road_surface_conditions,Weather_conditions,Light_conditions,Type_of_collision,Number_of_vehicles_involved,Number_of_casualties,Vehicle_movement,Sex_of_casualty,Age_band_of_casualty,Casualty_severity,Cause_of_accident,Accident_severity,Owner_of_vehicle,Service_year_of_vehicle,Fitness_of_casuality,Pedestrian_movement,Casualty_severity_label
14:10:00,Tuesday,31-50,Male,5-10yr,Automobile,Office areas,Asphalt roads,Dry,Normal,Daylight,Vehicle with vehicle collision,1,1,Going straight,Female,Over 51,3,Changing lane to the left,Slight Injury,Owner,Unknown,No Casualty,Crossing from offside - masked by  parked or statioNot a Pedestrianry vehicle,Slight Injury
11:00:00,Tuesday,18-30,Male,2-5yr,Automobile,Office areas,Asphalt roads,Dry,Normal,Daylight,Collision with pedestrians,2,1,Going straight,Male,31-50,3,Other,Slight Injury,Owner,Unknown,Normal,"In carriageway, statioNot a Pedestrianry - not crossing  (standing or playing)",Slight Injury
11:00:00,Tuesday,31-50,Male,Above 10yr,Public (> 45 seats),Other,Asphalt roads,Dry,Normal,Daylight,Collision with roadside objects,2,1,Going straight,na,No Casualty,na,No distancing,Slight Injury,Organization,Unknown,No Casualty,Not a Pedestrian,No Casualty
16:58:00,Wednesday,31-50,Male,1-2yr,Automobile,Office areas,Asphalt roads,Dry,Normal,Daylight,Vehicle with vehicle collision,1,1,Going straight,na,No Casualty,na,Moving Backward,Slight Injury,Owner,Unknown,Normal,Not a Pedestrian,No Casualty
21:50:00,Thursday,31-50,Male,1-2yr,Other,Office areas,Asphalt roads,Dry,Normal,Darkness - lights lit,Vehicle with vehicle collision,1,1,Other,Male,31-50,3,No distancing,Slight Injury,Owner,Unknown,Normal,Not a Pedestrian,Slight Injury
13:17:00,Thursday,31-50,Male,1-2yr,Automobile,Office areas,Asphalt roads,Dry,Normal,Daylight,Vehicle with vehicle collision,2,1,Reversing,Male,Under 18,3,Changing lane to the left,Slight Injury,Governmental,Unknown,Normal,Crossing from nearside - masked by parked or statioNot a Pedestrianry vehicle,Slight Injury
13:17:00,Thursday,18-30,Male,5-10yr,Other,Other,Asphalt roads,Dry,Normal,Daylight,Vehicle with vehicle collision,2,1,Other,Male,31-50,3,Changing lane to the left,Slight Injury,Owner,Unknown,Normal,Not a Pedestrian,Slight Injury
19:38:00,Thursday,18-30,Male,5-10yr,Lorry (41-100Q),Residential areas,Asphalt roads,Dry,Normal,Darkness - lights lit,Vehicle with vehicle collision,1,1,Other,na,No Casualty,na,No priority to pedestrian,Slight Injury,Owner,Unknown,No Casualty,Not a Pedestrian,No Casualty
17:11:00,Thursday,31-50,Male,5-10yr,Pick up upto 10Q,Residential areas,Asphalt roads,Dry,Normal,Daylight,Vehicle with vehicle collision,2,1,Reversing,Female,Over 51,3,Changing lane to the left,Slight Injury,Owner,2-5yrs,Normal,Crossing from nearside - masked by parked or statioNot a Pedestrianry vehicle,Slight Injury
17:11:00,Thursday,18-30,Male,5-10yr,Public (13-45 seats),Church areas,Asphalt roads,Dry,Normal,Daylight,Vehicle with vehicle collision,2,1,Going straight,na,No Casualty,na,Driving carelessly,Slight Injury,Owner,5-10yrs,No Casualty,Not a Pedestrian,No Casualty
07:45:00,Wednesday,18-30,Male,5-10yr,Automobile,Other,Asphalt roads,Dry,Normal,Daylight,Collision with roadside objects,2,1,Going straight,Male,18-30,3,Driving carelessly,Slight Injury,Owner,5-10yrs,No Casualty,Not a Pedestrian,Slight Injury
07:45:00,Wednesday,18-30,Male,5-10yr,Pick up upto 10Q,Residential areas,Asphalt roads,Dry,Normal,Daylight,Collision with roadside objects,2,1,Going straight,na,No Casualty,na,No priority to pedestrian,Slight Injury,Owner,Unknown,No Casualty,Not a Pedestrian,No Casualty
07:50:00,Tuesday,18-30,Male,5-10yr,Automobile,Other,Asphalt roads,Wet or damp,Rain,Daylight,Vehicle with vehicle collision,1,1,Going straight,Male,Under 18,3,Getting off the vehicle improperly,Slight Injury,Owner,2-5yrs,No Casualty,Not a Pedestrian,Slight Injury
07:50:00,Thursday,18-30,Male,1-2yr,Lorry (41-100Q),Residential areas,Asphalt roads,Dry,Normal,Daylight,Vehicle with vehicle collision,2,1,Turnover,Female,Over 51,3,No distancing,Slight Injury,Owner,2-5yrs,Normal,Not a Pedestrian,Slight Injury
07:50:00,Thursday,18-30,Male,2-5yr,Automobile,Residential areas,Asphalt roads,Dry,Normal,Daylight,Vehicle with vehicle collision,2,1,Going straight,Female,Over 51,3,Changing lane to the left,Slight Injury,Owner,2-5yrs,Normal,Not a Pedestrian,Slight Injury
17:20:00,Wednesday,18-30,Male,5-10yr,Lorry (41-100Q),Other,Asphalt roads,Dry,Normal,Daylight,Vehicle with vehicle collision,1,1,Going straight,Female,18-30,3,No priority to vehicle,Slight Injury,Owner,5-10yrs,Normal,Not a Pedestrian,Slight Injury
10:25:00,Friday,31-50,Male,Above 10yr,Lorry (41-100Q),Other,Asphalt roads,Dry,Normal,Daylight,Vehicle with vehicle collision,2,1,Going straight,na,No Casualty,na,No distancing,Slight Injury,Owner,Unknown,Normal,Not a Pedestrian,No Casualty
10:25:00,Friday,18-30,Male,5-10yr,Lorry (41-100Q),Other,Asphalt roads,Dry,Normal,Daylight,Rollover,2,1,Going straight,na,No Casualty,na,No priority to pedestrian,Slight Injury,Owner,Unknown,No Casualty,Not a Pedestrian,No Casualty
06:45:00,Monday,31-50,Male,2-5yr,Public (13-45 seats),Other,Asphalt roads,Dry,Normal,Daylight,Vehicle with vehicle collision,2,1,Going straight,Female,31-50,3,No priority to pedestrian,Slight Injury,Owner,Unknown,Normal,Not a Pedestrian,Slight Injury
06:45:00,Monday,18-30,Male,5-10yr,Automobile,Residential areas,Asphalt roads,Dry,Normal,Daylight,Collision with roadside objects,2,1,Moving Backward,na,No Casualty,na,No priority to vehicle,Slight Injury,Owner,Unknown,Normal,Not a Pedestrian,No Casualty
08:32:00,Friday,31-50,Male,2-5yr,Other,Recreational areas,Asphalt roads,Dry,Normal,Daylight,Collision with pedestrians,1,1,Going straight,na,No Casualty,na,Driving carelessly,Serious Injury,Owner,2-5yrs,Normal,Not a Pedestrian,No Casualty
12:48:00,Friday,Under 18,Male,5-10yr,Other,Other,Asphalt roads,Dry,Other,Daylight,Vehicle with vehicle collision,1,1,Going straight,Female,Under 18,3,Changing lane to the right,Serious Injury,Owner,Unknown,Normal,Not a Pedestrian,Slight Injury
13:03:00,Friday,18-30,Male,1-2yr,Other,Office areas,Asphalt roads,Dry,Normal,Daylight,Vehicle with vehicle collision,2,1,Turnover,Male,18-30,3,Changing lane to the left,Slight Injury,Owner,Unknown,No Casualty,Not a Pedestrian,Slight Injury
13:03:00,Friday,31-50,Male,5-10yr,Automobile,Other,Asphalt roads,Dry,Normal,Daylight,Vehicle with vehicle collision,2,1,Going straight,na,No Casualty,na,Moving Backward,Slight Injury,Owner,Unknown,Normal,Not a Pedestrian,No Casualty
19:45:00,Friday,31-50,Male,5-10yr,Other,Office areas,Asphalt roads,Dry,Normal,Darkness - lights lit,Vehicle with vehicle collision,2,1,Going straight,Female,Over 51,3,Driving carelessly,Slight Injury,Owner,Unknown,Normal,Not a Pedestrian,Slight Injury
19:45:00,Friday,31-50,Male,Above 10yr,Lorry (41-100Q),Office areas,Asphalt roads,Dry,Normal,Darkness - lights lit,Vehicle with vehicle collision,2,1,Going straight,na,No Casualty,na,Driving to the left,Slight Injury,Owner,Unknown,No Casualty,Not a Pedestrian,No Casualty
08:49:00,Friday,18-30,Male,Below 1yr,Public (12 seats),Office areas,Asphalt roads,Dry,Normal,Daylight,Vehicle with vehicle collision,2,1,Going straight,Female,18-30,3,Driving to the left,Slight Injury,Owner,Unknown,Normal,Not a Pedestrian,Slight Injury
08:49:00,Friday,31-50,Male,2-5yr,Lorry (41-100Q),Other,Asphalt roads,Dry,Normal,Daylight,Vehicle with vehicle collision,2,1,Going straight,na,No Casualty,na,No priority to pedestrian,Slight Injury,Owner,Unknown,Normal,Not a Pedestrian,No Casualty
12:22:00,Friday,31-50,Male,1-2yr,Public (12 seats),Other,Asphalt roads,Dry,Normal,Daylight,Collision with roadside objects,1,1,Going straight,Female,31-50,3,Changing lane to the left,Slight Injury,Governmental,Unknown,Normal,Not a Pedestrian,Slight Injury
19:45:00,Friday,Over 51,Male,5-10yr,Lorry (41-100Q),Office areas,Asphalt roads,Dry,Normal,Darkness - lights lit,Rollover,3,1,Moving Backward,Male,18-30,3,Changing lane to the right,Slight Injury,Owner,Unknown,Normal,Not a Pedestrian,Slight Injury
19:45:00,Friday,18-30,Male,2-5yr,Other,Residential areas,Asphalt roads,Dry,Normal,Darkness - lights lit,Vehicle with vehicle collision,3,1,Going straight,na,No Casualty,na,Driving carelessly,Slight Injury,Owner,Unknown,Normal,Not a Pedestrian,No Casualty
19:45:00,Friday,31-50,Male,2-5yr,Lorry (41-100Q),Recreational areas,Asphalt roads,Dry,Normal,Darkness - lights lit,Collision with pedestrians,3,1,Going straight,na,No Casualty,na,No distancing,Slight Injury,Governmental,2-5yrs,Normal,Not a Pedestrian,No Casualty
03:09:00,Sunday,18-30,Male,2-5yr,Automobile,Other,Asphalt roads,Dry,Normal,Darkness - lights lit,Vehicle with vehicle collision,2,1,Going straight,Male,18-30,3,Getting off the vehicle improperly,Slight Injury,Owner,1-2yr,Normal,Not a Pedestrian,Slight Injury
03:09:00,Sunday,18-30,Male,Above 10yr,Public (> 45 seats),Residential areas,Asphalt roads,Dry,Normal,Darkness - lights lit,Vehicle with vehicle collision,2,1,Going straight,Male,31-50,3,Driving under the influence of drugs,Slight Injury,Owner,Above 10yr,No Casualty,Not a Pedestrian,Slight Injury
01:15:00,Sunday,18-30,Male,2-5yr,Lorry (41-100Q),Other,Asphalt roads,Dry,Normal,Darkness - lights lit,Collision with pedestrians,2,2,Moving Backward,Male,Over 51,3,Changing lane to the right,Slight Injury,Owner,Unknown,No Casualty,Not a Pedestrian,Slight Injury
01:15:00,Sunday,18-30,Male,1-2yr,Other,Other,Asphalt roads,Dry,Normal,Darkness - lights lit,Collision with pedestrians,2,2,Going straight,Female,18-30,3,Driving carelessly,Slight Injury,Owner,Unknown,Normal,Not a Pedestrian,Slight Injury
01:15:00,Sunday,31-50,Male,2-5yr,Other,Other,Asphalt roads,Dry,Normal,Darkness - lights lit,Vehicle with vehicle collision,2,2,Other,Male,Under 18,3,Moving Backward,Slight Injury,Owner,5-10yrs,Normal,Not a Pedestrian,Slight Injury
17:20:00,Monday,31-50,Male,5-10yr,Automobile,Other,Asphalt roads,Dry,Normal,Daylight,Vehicle with vehicle collision,1,1,Other,na,No Casualty,na,Turnover,Slight Injury,Owner,Unknown,Normal,Not a Pedestrian,No Casualty
12:40:00,Thursday,18-30,Male,1-2yr,Lorry (41-100Q),Other,Asphalt roads,Dry,Normal,Daylight,Vehicle with vehicle collision,2,1,Going straight,Male,18-30,3,Changing lane to the right,Slight Injury,Owner,2-5yrs,No Casualty,Not a Pedestrian,Slight Injury
12:40:00,Thursday,18-30,Male,1-2yr,Pick up upto 10Q,School areas,Asphalt roads,Dry,Normal,Daylight,Vehicle with vehicle collision,2,1,Going straight,Male,31-50,3,Driving carelessly,Slight Injury,Owner,Unknown,Normal,Not a Pedestrian,Slight Injury
14:23:00,Monday,18-30,Male,2-5yr,Automobile,Office areas,Asphalt roads,Dry,Normal,Daylight,Vehicle with vehicle collision,2,1,Going straight,na,No Casualty,na,No priority to vehicle,Slight Injury,Owner,Unknown,Normal,Not a Pedestrian,No Casualty
14:23:00,Monday,Under 18,Male,Above 10yr,Automobile,Office areas,Asphalt roads,Dry,Normal,Daylight,Collision with roadside objects,2,1,Going straight,Male,31-50,3,Moving Backward,Slight Injury,Owner,Unknown,Normal,Not a Pedestrian,Slight Injury
00:30:00,Tuesday,31-50,Male,Below 1yr,Other,Office areas,Asphalt roads,Dry,Normal,Darkness - lights lit,Vehicle with vehicle collision,2,1,Other,na,No Casualty,na,Changing lane to the left,Slight Injury,Owner,5-10yrs,No Casualty,Not a Pedestrian,No Casualty
00:30:00,Tuesday,31-50,Male,Above 10yr,Automobile,School areas,Asphalt roads with some distress,Dry,Normal,Darkness - lights lit,Vehicle with vehicle collision,2,1,Going straight,Male,18-30,3,Overturning,Slight Injury,Owner,Unknown,Normal,Not a Pedestrian,Slight Injury
09:16:00,Monday,31-50,Male,5-10yr,Stationwagen,School areas,Asphalt roads,Dry,Normal,Daylight,Vehicle with vehicle collision,1,1,Getting off,na,No Casualty,na,No distancing,Slight Injury,Governmental,Unknown,Normal,Not a Pedestrian,No Casualty
22:50:00,Tuesday,18-30,Male,Above 10yr,Other,Office areas,Asphalt roads,Dry,Normal,Darkness - lights lit,Vehicle with vehicle collision,2,1,Going straight,Male,Under 18,3,Driving carelessly,Slight Injury,Owner,Unknown,Normal,Not a Pedestrian,Slight Injury
22:50:00,Tuesday,18-30,Male,1-2yr,Automobile,Office areas,Asphalt roads,Dry,Normal,Darkness - lights lit,Vehicle with vehicle collision,2,1,Going straight,Male,Over 51,2,No distancing,Slight Injury,Owner,Unknown,Normal,Not a Pedestrian,Serious Injury
07:12:00,Tuesday,31-50,Male,5-10yr,Ridden horse,School areas,Asphalt roads,Dry,Normal,Daylight,Vehicle with vehicle collision,2,1,Going straight,Male,18-30,3,Changing lane to the left,Serious Injury,Governmental,Above 10yr,Normal,Not a Pedestrian,Slight Injury
07:12:00,Tuesday,31-50,Unknown,5-10yr,Automobile,Other,Gravel roads,Dry,Normal,Daylight,Vehicle with vehicle collision,2,1,Going straight,Male,31-50,2,No priority to pedestrian,Serious Injury,Owner,1-2yr,No Casualty,Not a Pedestrian,Serious Injury
09:53:00,Tuesday,18-30,Male,2-5yr,Other,Other,Asphalt roads,Dry,Normal,Daylight,Vehicle with vehicle collision,3,1,Going straight,na,No Casualty,na,No distancing,Slight Injury,Owner,Above 10yr,Normal,Not a Pedestrian,No Casualty
09:53:00,Tuesday,Under 18,Male,5-10yr,Lorry (41-100Q),Other,Asphalt roads,Dry,Normal,Daylight,Vehicle with vehicle collision,3,1,Going straight,Female,18-30,3,No distancing,Slight Injury,Owner,Below 1yr,Normal,Not a Pedestrian,Slight Injury
09:53:00,Tuesday,18-30,Female,5-10yr,Lorry (41-100Q),Other,Asphalt roads,Dry,Normal,Daylight,Vehicle with vehicle collision,3,1,Moving Backward,Male,Under 18,3,Changing lane to the left,Slight Injury,Owner,Above 10yr,Normal,Crossing from offside - masked by  parked or statioNot a Pedestrianry vehicle,Slight Injury
09:12:00,Wednesday,Over 51,Male,1-2yr,Lorry (41-100Q),Residential areas,Asphalt roads,Dry,Normal,Daylight,Vehicle with vehicle collision,1,1,Going straight,na,No Casualty,na,No distancing,Slight Injury,Owner,Unknown,Normal,Not a Pedestrian,No Casualty
15:28:00,Wednesday,31-50,Male,1-2yr,Stationwagen,Other,Asphalt roads,Dry,Normal,Daylight,Vehicle with vehicle collision,1,1,Other,Male,31-50,3,Changing lane to the left,Slight Injury,Governmental,1-2yr,Normal,Not a Pedestrian,Slight Injury
17:30:00,Wednesday,Over 51,Male,1-2yr,Lorry (41-100Q),Other,Asphalt roads,Dry,Normal,Daylight,Vehicle with vehicle collision,1,1,Going straight,na,No Casualty,na,No distancing,Slight Injury,Owner,1-2yr,Normal,Not a Pedestrian,No Casualty
18:15:00,Wednesday,18-30,Male,Above 10yr,Automobile,Industrial areas,Asphalt roads,Dry,Normal,Darkness - lights lit,Vehicle with vehicle collision,2,1,Going straight,Male,Under 18,3,No distancing,Slight Injury,Owner,Unknown,No Casualty,Not a Pedestrian,Slight Injury
18:15:00,Wednesday,18-30,Male,1-2yr,Automobile,Recreational areas,Asphalt roads,Dry,Normal,Darkness - lights lit,Vehicle with vehicle collision,2,1,Going straight,na,No Casualty,na,No distancing,Slight Injury,Owner,Unknown,Normal,Not a Pedestrian,No Casualty
18:40:00,Wednesday,18-30,Male,Above 10yr,Pick up upto 10Q,Church areas,Asphalt roads,Dry,Normal,Darkness - lights lit,Collision with roadside objects,2,1,Going straight,Male,Under 18,3,Changing lane to the left,Slight Injury,Owner,Above 10yr,No Casualty,Not a Pedestrian,Slight Injury
18:40:00,Wednesday,18-30,Male,Above 10yr,Taxi,Office areas,Asphalt roads,Dry,Normal,Darkness - lights lit,Vehicle with vehicle collision,2,1,Going straight,na,No Casualty,na,Changing lane to the right,Slight Injury,Owner,Unknown,Normal,Not a Pedestrian,No Casualty
12:40:00,Friday,31-50,Male,1-2yr,Automobile,Other,Asphalt roads,Dry,Normal,Daylight,Vehicle with vehicle collision,1,1,Moving Backward,Female,18-30,3,Moving Backward,Slight Injury,Owner,Unknown,Normal,Not a Pedestrian,Slight Injury
08:00:00,Friday,Over 51,Male,1-2yr,Automobile,Office areas,Asphalt roads,Dry,Normal,Daylight,Vehicle with vehicle collision,2,1,Going straight,Female,18-30,2,Changing lane to the right,Slight Injury,Owner,Unknown,Normal,Unknown or other,Serious Injury
08:00:00,Friday,18-30,Male,2-5yr,Automobile,Office areas,Asphalt roads,Dry,Normal,Daylight,Vehicle with vehicle collision,2,1,Going straight,Male,18-30,3,No distancing,Slight Injury,Owner,Unknown,Normal,Not a Pedestrian,Slight Injury
13:41:00,Thursday,31-50,Male,2-5yr,Long lorry,Other,Earth roads,Dry,Normal,Daylight,Collision with pedestrians,1,1,Going straight,na,No Casualty,na,Overtaking,Slight Injury,Owner,Unknown,No Casualty,Not a Pedestrian,No Casualty
15:45:00,Thursday,18-30,Male,1-2yr,Public (12 seats),Residential areas,Asphalt roads,Dry,Normal,Daylight,Vehicle with vehicle collision,2,2,Going straight,na,No Casualty,na,Other,Slight Injury,Owner,Above 10yr,No Casualty,Not a Pedestrian,No Casualty
15:45:00,Thursday,31-50,Male,5-10yr,Pick up upto 10Q,Office areas,Asphalt roads,Dry,Normal,Daylight,Vehicle with vehicle collision,2,2,Going straight,Female,18-30,3,Other,Slight Injury,Owner,Above 10yr,Normal,Not a Pedestrian,Slight Injury
10:55:00,Thursday,31-50,Male,5-10yr,Automobile,Residential areas,Asphalt roads,Dry,Normal,Daylight,Vehicle with vehicle collision,1,1,Going straight,Female,31-50,3,Changing lane to the right,Slight Injury,Owner,Above 10yr,Normal,Unknown or other,Slight Injury
10:35:00,Friday,31-50,Male,1-2yr,Other,School areas,Asphalt roads,Dry,Normal,Daylight,Vehicle with vehicle collision,2,1,Going straight,na,No Casualty,na,No priority to pedestrian,Slight Injury,Owner,Unknown,Normal,Not a Pedestrian,No Casualty
10:35:00,Friday,31-50,Male,5-10yr,Lorry (41-100Q),Office areas,Earth roads,Dry,Normal,Daylight,Vehicle with vehicle collision,2,1,Going straight,Female,18-30,3,No priority to vehicle,Slight Injury,Owner,Above 10yr,No Casualty,Not a Pedestrian,Slight Injury
10:18:00,Friday,18-30,Male,2-5yr,Automobile,Other,Asphalt roads,Dry,Normal,Daylight,Vehicle with vehicle collision,1,1,Going straight,Male,Over 51,3,Changing lane to the left,Slight Injury,Owner,5-10yrs,Normal,Not a Pedestrian,Slight Injury
11:30:00,Friday,31-50,Male,5-10yr,Pick up upto 10Q,Other,Asphalt roads,Dry,Normal,Daylight,Vehicle with vehicle collision,3,1,Going straight,na,No Casualty,na,Changing lane to the left,Slight Injury,Owner,Above 10yr,No Casualty,Not a Pedestrian,No Casualty
11:30:00,Friday,31-50,Male,Above 10yr,Lorry (41-100Q),Church areas,Earth roads,Dry,Normal,Daylight,Vehicle with vehicle collision,3,1,Going straight,Female,Over 51,3,Overtaking,Slight Injury,Owner,Above 10yr,Normal,Not a Pedestrian,Slight Injury
11:30:00,Friday,18-30,Female,Above 10yr,Lorry (41-100Q),Office areas,Asphalt roads,Dry,Normal,Daylight,Collision with pedestrians,3,1,Other,Male,18-30,3,No distancing,Slight Injury,Owner,Unknown,Normal,Not a Pedestrian,Slight Injury
15:45:00,Friday,18-30,Male,2-5yr,Long lorry,Other,Asphalt roads,Dry,Normal,Daylight,Vehicle with vehicle collision,1,1,Going straight,Male,18-30,3,No priority to vehicle,Slight Injury,Owner,Unknown,No Casualty,Not a Pedestrian,Slight Injury
14:10:00,Friday,18-30,Male,5-10yr,Public (> 45 seats),Office areas,Asphalt roads,Dry,Normal,Daylight,Vehicle with vehicle collision,1,1,Going straight,Male,31-50,2,Changing lane to the right,Slight Injury,Owner,Unknown,No Casualty,Not a Pedestrian,Serious Injury
17:15:00,Friday,18-30,Male,1-2yr,Public (> 45 seats),Office areas,Asphalt roads,Dry,Normal,Daylight,Vehicle with vehicle collision,1,1,Going straight,Female,18-30,3,Changing lane to the left,Slight Injury,Owner,Unknown,No Casualty,Not a Pedestrian,Slight Injury
06:55:00,Friday,31-50,Male,Above 10yr,Automobile,Office areas,Asphalt roads,Dry,Normal,Daylight,Vehicle with vehicle collision,2,1,Going straight,na,No Casualty,na,No distancing,Slight Injury,Owner,Above 10yr,No Casualty,Not a Pedestrian,No Casualty
06:55:00,Friday,31-50,Male,5-10yr,Automobile,Church areas,Asphalt roads,Dry,Normal,Daylight,Collision with roadside objects,2,1,Going straight,Male,31-50,3,Driving carelessly,Slight Injury,Owner,Above 10yr,Normal,Crossing from nearside - masked by parked or statioNot a Pedestrianry vehicle,Slight Injury
08:42:00,Friday,Over 51,Male,2-5yr,Automobile,Office areas,Asphalt roads,Dry,Normal,Daylight,Vehicle with vehicle collision,2,1,Going straight,na,No Casualty,na,No priority to pedestrian,Slight Injury,Owner,Above 10yr,Normal,Not a Pedestrian,No Casualty
08:42:00,Friday,31-50,Male,Above 10yr,Other,Other,Asphalt roads,Dry,Normal,Daylight,Vehicle with vehicle collision,2,1,Moving Backward,Male,Under 18,3,Driving carelessly,Slight Injury,Owner,5-10yrs,No Casualty,Not a Pedestrian,Slight Injury
14:52:00,Friday,Over 51,Male,2-5yr,Public (12 seats),Other,Asphalt roads,Dry,Normal,Daylight,Vehicle with vehicle collision,2,1,Going straight,Male,18-30,2,Moving Backward,Slight Injury,Owner,Unknown,Normal,Not a Pedestrian,Serious Injury
14:52:00,Friday,18-30,Male,Above 10yr,Automobile,Church areas,Asphalt roads,Dry,Normal,Daylight,Vehicle with vehicle collision,2,1,Going straight,Male,Under 18,3,No distancing,Slight Injury,Owner,5-10yrs,Normal,Not a Pedestrian,Slight Injury
01:50:00,Sunday,18-30,Male,Above 10yr,Stationwagen,School areas,Asphalt roads,Dry,Normal,Darkness - lights lit,Vehicle with vehicle collision,2,1,Going straight,Male,Over 51,3,No distancing,Slight Injury,Owner,1-2yr,Normal,Not a Pedestrian,Slight Injury
01:50:00,Sunday,18-30,Male,2-5yr,Automobile,Church areas,Asphalt roads,Dry,Normal,Darkness - lights lit,Vehicle with vehicle collision,2,1,Going straight,na,No Casualty,na,No distancing,Slight Injury,Owner,Unknown,Normal,Not a Pedestrian,No Casualty
23:45:00,Friday,18-30,Male,Above 10yr,Automobile,Office areas,Asphalt roads with some distress,Dry,Normal,Darkness - lights lit,Vehicle with vehicle collision,2,1,Going straight,Male,Under 18,3,Changing lane to the left,Slight Injury,Owner,Above 10yr,Normal,Not a Pedestrian,Slight Injury
23:45:00,Friday,18-30,Male,Above 10yr,Automobile,Other,Asphalt roads,Dry,Normal,Darkness - lights lit,Collision with roadside objects,2,1,Going straight,na,No Casualty,na,Changing lane to the left,Slight Injury,Owner,2-5yrs,Normal,Not a Pedestrian,No Casualty
12:15:00,Sunday,Over 51,Male,Below 1yr,Automobile,Church areas,Asphalt roads,Dry,Normal,Daylight,Vehicle with vehicle collision,2,2,Going straight,Male,18-30,3,Moving Backward,Slight Injury,Owner,Above 10yr,Normal,Not a Pedestrian,Slight Injury
12:15:00,Sunday,18-30,Male,Above 10yr,Automobile,Other,Asphalt roads,Dry,Normal,Daylight,Vehicle with vehicle collision,2,2,Going straight,Female,31-50,2,Changing lane to the right,Slight Injury,Governmental,1-2yr,Normal,Not a Pedestrian,Serious Injury
19:15:00,Sunday,18-30,Male,Above 10yr,Pick up upto 10Q,Other,Asphalt roads,Dry,Normal,Darkness - lights lit,Vehicle with vehicle collision,1,1,Going straight,na,No Casualty,na,No priority to vehicle,Slight Injury,Governmental,Above 10yr,Normal,Not a Pedestrian,No Casualty
21:33:00,Friday,18-30,Female,5-10yr,Turbo,Office areas,Asphalt roads,Dry,Normal,Darkness - lights lit,Vehicle with vehicle collision,2,1,Going straight,Male,Under 18,3,Moving Backward,Slight Injury,Organization,5-10yrs,Normal,Not a Pedestrian,Slight Injury
21:33:00,Friday,18-30,Male,5-10yr,Pick up upto 10Q,Other,Asphalt roads,Dry,Normal,Darkness - lights lit,Rollover,2,1,Going straight,na,No Casualty,na,Driving carelessly,Slight Injury,Organization,Above 10yr,No Casualty,Not a Pedestrian,No Casualty
17:25:00,Monday,31-50,Male,5-10yr,Other,Other,Asphalt roads,Dry,Normal,Daylight,Vehicle with vehicle collision,1,1,Going straight,Male,31-50,3,Driving carelessly,Slight Injury,Owner,2-5yrs,No Casualty,Not a Pedestrian,Slight Injury
22:40:00,Monday,31-50,Male,5-10yr,Stationwagen,Residential areas,Asphalt roads,Wet or damp,Other,Darkness - lights lit,Vehicle with vehicle collision,1,1,Other,na,No Casualty,na,Driving under the influence of drugs,Slight Injury,Governmental,Unknown,Normal,Not a Pedestrian,No Casualty
17:15:00,Friday,18-30,Male,Below 1yr,Pick up upto 10Q,Office areas,Asphalt roads,Dry,Normal,Daylight,Collision with roadside objects,2,1,Going straight,Male,Under 18,3,No priority to pedestrian,Slight Injury,Owner,2-5yrs,Normal,Not a Pedestrian,Slight Injury
17:15:00,Friday,18-30,Male,5-10yr,Lorry (41-100Q),Church areas,Asphalt roads,Dry,Normal,Daylight,Vehicle with vehicle collision,2,1,Going straight,na,No Casualty,na,No priority to vehicle,Slight Injury,Owner,2-5yrs,Normal,Not a Pedestrian,No Casualty
12:04:00,Tuesday,31-50,Male,2-5yr,Lorry (41-100Q),Other,Asphalt roads,Dry,Normal,Daylight,Vehicle with vehicle collision,1,1,Going straight,na,No Casualty,na,Driving carelessly,Slight Injury,Owner,1-2yr,Normal,Not a Pedestrian,No Casualty
17:13:00,Tuesday,18-30,Male,2-5yr,Automobile,Market areas,Asphalt roads,Wet or damp,Rain,Daylight,Vehicle with vehicle collision,1,2,Going straight,Male,18-30,3,Moving Backward,Slight Injury,Owner,Above 10yr,Normal,Not a Pedestrian,Slight Injury
17:13:00,Tuesday,18-30,Male,2-5yr,Automobile,Other,Asphalt roads,Wet or damp,Rain,Daylight,Collision with roadside objects,1,2,Going straight,Female,31-50,3,Driving carelessly,Slight Injury,Owner,Above 10yr,Normal,Not a Pedestrian,Slight Injury
18:44:00,Sunday,31-50,Male,2-5yr,Pick up upto 10Q,Other,Asphalt roads,Dry,Normal,Darkness - lights lit,Collision with roadside objects,2,1,Going straight,Female,18-30,3,No priority to vehicle,Slight Injury,Owner,Unknown,Normal,Unknown or other,Slight Injury
18:44:00,Sunday,18-30,Male,Above 10yr,Pick up upto 10Q,Church areas,Asphalt roads,Dry,Normal,Darkness - lights lit,Vehicle with vehicle collision,2,1,Going straight,na,No Casualty,na,Changing lane to the right,Slight Injury,Owner,Unknown,Normal,Not a Pedestrian,No Casualty
18:10:00,Wednesday,31-50,Male,2-5yr,Lorry (41-100Q),Residential areas,Asphalt roads,Dry,Normal,Daylight,Vehicle with vehicle collision,2,1,Other,Male,18-30,3,Changing lane to the left,Slight Injury,Governmental,1-2yr,Normal,Not a Pedestrian,Slight Injury
18:10:00,Wednesday,18-30,Male,1-2yr,Public (12 seats),Other,Asphalt roads,Dry,Normal,Daylight,Collision with roadside objects,2,1,Going straight,Female,31-50,3,No priority to vehicle,Slight Injury,Owner,Unknown,Normal,Not a Pedestrian,Slight Injury
15:27:00,Tuesday,18-30,Male,2-5yr,Other,Other,Asphalt roads,Dry,Normal,Daylight,Collision with roadside objects,1,1,Going straight,Female,18-30,3,Driving carelessly,Slight Injury,Owner,Unknown,Normal,Not a Pedestrian,Slight Injury