Time,Day_of_week,Age_band_of_driver,Sex_of_driver,Driving_experience,Type_of_vehicle,Area_accident_occured,Road_surface_type,Road_surface_conditions,Weather_conditions,Light_conditions,Type_of_collision,Number_of_vehicles_involved,Number_of_casualties,Vehicle_movement,Sex_of_casualty,Age_band_of_casualty,Casualty_severity,Cause_of_accident,Accident_severity,Owner_of_vehicle,Service_year_of_vehicle,Fitness_of_casuality,Pedestrian_movement,Casualty_severity_label
11:57:00,Friday,Over 51,Male,5-10yr,Automobile,Residential areas,Asphalt roads,Dry,Normal,Daylight,Vehicle with vehicle collision,2,1,Entering a junction,Male,18-30,3,Changing lane to the right,Slight Injury,Owner,Unknown,Normal,Not a Pedestrian,Slight Injury
11:57:00,Friday,18-30,Male,Below 1yr,Pick up upto 10Q,Other,Other,Dry,Normal,Daylight,Collision with roadside objects,2,1,Turnover,na,No Casualty,na,Changing lane to the left,Slight Injury,Owner,1-2yr,Normal,Not a Pedestrian,No Casualty
11:54:00,Friday,18-30,Male,Above 10yr,Automobile,Other,Asphalt roads,Dry,Normal,Daylight,Vehicle with vehicle collision,2,1,Going straight,Female,31-50,3,No distancing,Slight Injury,Owner,5-10yrs,No Casualty,Not a Pedestrian,Slight Injury
11:54:00,Friday,18-30,Male,5-10yr,Stationwagen,Other,Asphalt roads,Dry,Normal,Daylight,Vehicle with vehicle collision,2,1,Going straight,Male,Under 18,3,Overturning,Slight Injury,Owner,5-10yrs,Normal,Not a Pedestrian,Slight Injury
21:00:00,Monday,18-30,Male,Below 1yr,Automobile,Hospital areas,Asphalt roads,Dry,Normal,Darkness - lights lit,Vehicle with vehicle collision,2,1,Going straight,Male,18-30,2,No priority to vehicle,Slight Injury,Owner,1-2yr,No Casualty,Not a Pedestrian,Serious Injury
21:00:00,Monday,18-30,Male,Above 10yr,Automobile,Residential areas,Asphalt roads,Dry,Normal,Darkness - lights lit,Collision with pedestrians,2,1,Going straight,Male,31-50,3,Moving Backward,Slight Injury,Owner,2-5yrs,Normal,Not a Pedestrian,Slight Injury
14:23:00,Wednesday,31-50,Male,5-10yr,Automobile,Residential areas,Asphalt roads,Dry,Normal,Daylight,Vehicle with vehicle collision,1,2,Going straight,na,No Casualty,na,Driving under the influence of drugs,Slight Injury,Owner,5-10yrs,Normal,Not a Pedestrian,No Casualty
14:23:00,Wednesday,31-50,Male,Above 10yr,Long lorry,Residential areas,Asphalt roads,Dry,Normal,Daylight,Vehicle with vehicle collision,1,2,Going straight,na,No Casualty,na,Moving Backward,Slight Injury,Owner,5-10yrs,Normal,Not a Pedestrian,No Casualty
08:30:00,Wednesday,31-50,Male,5-10yr,Public (13-45 seats),Other,Asphalt roads,Wet or damp,Rain,Daylight,Vehicle with vehicle collision,2,1,Going straight,Male,18-30,3,Changing lane to the right,Slight Injury,Owner,1-2yr,Normal,Not a Pedestrian,Slight Injury
08:30:00,Wednesday,18-30,Male,1-2yr,Public (13-45 seats),Office areas,Asphalt roads,Wet or damp,Rain,Daylight,Rollover,2,1,Going straight,Male,18-30,3,Overspeed,Slight Injury,Owner,1-2yr,Normal,Not a Pedestrian,Slight Injury
14:37:00,Friday,18-30,Male,1-2yr,Lorry (11-40Q),Other,Asphalt roads,Dry,Normal,Daylight,Collision with roadside objects,2,1,Getting off,na,No Casualty,na,Driving under the influence of drugs,Serious Injury,Owner,2-5yrs,Normal,Not a Pedestrian,No Casualty
14:37:00,Friday,18-30,Male,1-2yr,Lorry (11-40Q),Office areas,Asphalt roads,Dry,Normal,Daylight,Vehicle with vehicle collision,2,1,Getting off,Male,31-50,3,Driving carelessly,Serious Injury,Owner,Unknown,Normal,Not a Pedestrian,Slight Injury
15:51:00,Monday,18-30,Male,2-5yr,Pick up upto 10Q,Residential areas,Asphalt roads,Dry,Normal,Daylight,Vehicle with vehicle collision,1,2,Getting off,na,No Casualty,na,No distancing,Slight Injury,Owner,Unknown,Normal,Not a Pedestrian,No Casualty
15:51:00,Monday,18-30,Male,Above 10yr,Automobile,Office areas,Asphalt roads,Dry,Normal,Daylight,Collision with roadside objects,1,2,Moving Backward,Male,18-30,3,No priority to vehicle,Slight Injury,Owner,Unknown,Normal,Crossing from nearside - masked by parked or statioNot a Pedestrianry vehicle,Slight Injury
12:40:00,Friday,Over 51,Male,2-5yr,Automobile,Office areas,Asphalt roads,Dry,Normal,Daylight,Vehicle with vehicle collision,1,1,Going straight,Male,Under 18,3,Overspeed,Serious Injury,Owner,Unknown,Normal,Not a Pedestrian,Slight Injury
11:01:00,Wednesday,Over 51,Male,Above 10yr,Automobile,Other,Other,Wet or damp,Rain,Daylight,Vehicle with vehicle collision,2,1,Going straight,na,No Casualty,na,Driving under the influence of drugs,Slight Injury,Organization,Unknown,Normal,Not a Pedestrian,No Casualty
11:01:00,Wednesday,Over 51,Male,2-5yr,Long lorry,Office areas,Asphalt roads,Wet or damp,Rain,Daylight,Vehicle with vehicle collision,2,1,Waiting to go,Male,18-30,3,Changing lane to the right,Slight Injury,Owner,Unknown,Normal,Not a Pedestrian,Slight Injury
17:41:00,Wednesday,18-30,Male,5-10yr,Long lorry,Office areas,Asphalt roads,Wet or damp,Normal,Darkness - lights unlit,Rollover,2,1,Going straight,na,No Casualty,na,Changing lane to the right,Slight Injury,Owner,Unknown,Normal,Not a Pedestrian,No Casualty
17:41:00,Wednesday,Over 51,Male,1-2yr,Automobile,Office areas,Asphalt roads,Wet or damp,Normal,Darkness - lights unlit,Rollover,2,1,Other,Male,Under 18,3,Changing lane to the right,Slight Injury,Governmental,Unknown,Normal,Not a Pedestrian,Slight Injury
16:55:00,Thursday,18-30,Male,5-10yr,Stationwagen,Other,Asphalt roads,Dry,Normal,Daylight,Collision with pedestrians,1,1,Going straight,na,No Casualty,na,Changing lane to the right,Slight Injury,Owner,Unknown,Normal,Not a Pedestrian,No Casualty
10:30:00,Friday,18-30,Male,1-2yr,Automobile,Residential areas,Asphalt roads,Wet or damp,Rain,Daylight,Vehicle with vehicle collision,1,1,Going straight,Male,Over 51,3,Moving Backward,Slight Injury,Owner,Unknown,Normal,Not a Pedestrian,Slight Injury
18:20:00,Wednesday,Under 18,Male,Above 10yr,Other,Residential areas,Asphalt roads,Dry,Normal,Daylight,Vehicle with vehicle collision,2,2,Going straight,Male,Under 18,3,No distancing,Serious Injury,Owner,2-5yrs,Normal,Not a Pedestrian,Slight Injury
18:20:00,Wednesday,Under 18,Male,1-2yr,Special vehicle,Church areas,Asphalt roads,Dry,Normal,Daylight,Vehicle with vehicle collision,2,2,Going straight,Male,18-30,3,Overspeed,Serious Injury,Owner,5-10yrs,Normal,Not a Pedestrian,Slight Injury
17:22:00,Monday,31-50,Male,1-2yr,Lorry (41-100Q),Other,Asphalt roads,Dry,Normal,Darkness - lights lit,Collision with pedestrians,1,1,Overtaking,na,No Casualty,na,No distancing,Slight Injury,Owner,5-10yrs,Normal,Not a Pedestrian,No Casualty
16:19:00,Friday,31-50,Male,2-5yr,Pick up upto 10Q,Residential areas,Asphalt roads,Dry,Normal,Daylight,Collision with pedestrians,1,1,Going straight,Female,Over 51,3,Driving carelessly,Slight Injury,Owner,Unknown,Normal,Unknown or other,Slight Injury
20:43:00,Sunday,Under 18,Male,1-2yr,Lorry (11-40Q),Other,Other,Wet or damp,Rain,Darkness - lights lit,Vehicle with vehicle collision,2,1,Going straight,na,No Casualty,na,No distancing,Slight Injury,Owner,2-5yrs,Normal,Not a Pedestrian,No Casualty
20:43:00,Sunday,18-30,Male,1-2yr,Lorry (41-100Q),Residential areas,Asphalt roads,Wet or damp,Rain,Darkness - lights lit,Vehicle with vehicle collision,2,1,Going straight,Female,31-50,2,No distancing,Slight Injury,Owner,2-5yrs,Normal,Not a Pedestrian,Serious Injury
22:35:00,Wednesday,18-30,Male,Above 10yr,Motorcycle,Residential areas,Asphalt roads,Dry,Normal,Darkness - lights lit,Vehicle with vehicle collision,1,3,Turnover,Male,18-30,3,No distancing,Slight Injury,Owner,2-5yrs,Normal,Not a Pedestrian,Slight Injury
22:35:00,Wednesday,18-30,Male,Above 10yr,Automobile,Other,Asphalt roads,Dry,Normal,Darkness - lights lit,Collision with roadside objects,1,3,Going straight,na,No Casualty,na,Changing lane to the right,Slight Injury,Owner,5-10yrs,Normal,Not a Pedestrian,No Casualty
22:35:00,Wednesday,18-30,Male,Above 10yr,Automobile,Other,Asphalt roads,Dry,Normal,Darkness - lights lit,Vehicle with vehicle collision,1,3,Going straight,Male,31-50,3,No distancing,Slight Injury,Owner,Unknown,Normal,Not a Pedestrian,Slight Injury
05:50:00,Wednesday,31-50,Male,Above 10yr,Automobile,Other,Asphalt roads,Wet or damp,Rain,Darkness - lights lit,Collision with roadside objects,2,1,Getting off,Male,31-50,3,No priority to vehicle,Slight Injury,Owner,Unknown,No Casualty,Not a Pedestrian,Slight Injury
05:50:00,Wednesday,18-30,Female,1-2yr,Stationwagen,Other,Asphalt roads,Wet or damp,Rain,Darkness - lights lit,Vehicle with vehicle collision,2,1,Moving Backward,Male,18-30,3,Changing lane to the left,Slight Injury,Owner,Unknown,Normal,Not a Pedestrian,Slight Injury
09:22:00,Monday,Over 51,Male,5-10yr,Automobile,Residential areas,Earth roads,Dry,Normal,Daylight,Vehicle with vehicle collision,2,1,Getting off,na,No Casualty,na,Moving Backward,Slight Injury,Owner,Unknown,Normal,Not a Pedestrian,No Casualty
09:22:00,Monday,18-30,Male,2-5yr,Public (> 45 seats),Recreational areas,Asphalt roads,Dry,Normal,Daylight,Collision with roadside objects,2,1,Overtaking,Male,18-30,3,Driving carelessly,Slight Injury,Owner,2-5yrs,Normal,Not a Pedestrian,Slight Injury
09:26:00,Wednesday,18-30,Male,2-5yr,Public (> 45 seats),Other,Asphalt roads,Wet or damp,Rain,Daylight,Vehicle with vehicle collision,2,1,Going straight,na,No Casualty,na,Changing lane to the left,Slight Injury,Owner,Unknown,Normal,Not a Pedestrian,No Casualty
09:26:00,Wednesday,31-50,Unknown,5-10yr,Stationwagen,Office areas,Asphalt roads,Wet or damp,Rain,Daylight,Vehicle with vehicle collision,2,1,Going straight,Female,18-30,3,No priority to pedestrian,Slight Injury,Owner,Unknown,No Casualty,Not a Pedestrian,Slight Injury
13:40:00,Sunday,31-50,Male,5-10yr,Automobile,Other,Asphalt roads,Dry,Normal,Daylight,Collision with roadside objects,3,2,Going straight,na,No Casualty,na,No distancing,Slight Injury,Owner,Unknown,Normal,Not a Pedestrian,No Casualty
13:40:00,Sunday,Over 51,Male,2-5yr,Bicycle,Office areas,Asphalt roads,Dry,Normal,Daylight,Collision with roadside objects,3,2,Reversing,Male,Under 18,3,No distancing,Slight Injury,Owner,Unknown,Normal,Not a Pedestrian,Slight Injury
13:40:00,Sunday,31-50,Male,Above 10yr,Automobile,Office areas,Asphalt roads,Dry,Normal,Daylight,Vehicle with vehicle collision,3,2,Getting off,na,No Casualty,na,Overturning,Slight Injury,Owner,Unknown,No Casualty,Not a Pedestrian,No Casualty
04:38:00,Friday,18-30,Male,5-10yr,Lorry (41-100Q),Office areas,Asphalt roads,Dry,Normal,Darkness - lights lit,Vehicle with vehicle collision,2,2,Going straight,Male,18-30,3,No distancing,Slight Injury,Owner,Unknown,Normal,Not a Pedestrian,Slight Injury
04:38:00,Friday,Over 51,Male,Above 10yr,Automobile,Other,Asphalt roads,Dry,Normal,Darkness - lights lit,Vehicle with vehicle collision,2,2,Going straight,na,No Casualty,na,Drunk driving,Slight Injury,Owner,Unknown,Normal,Not a Pedestrian,No Casualty
02:32:00,Thursday,18-30,Male,2-5yr,Public (13-45 seats),Other,Asphalt roads,Dry,Normal,Darkness - lights lit,Vehicle with vehicle collision,1,2,Going straight,na,No Casualty,na,Moving Backward,Serious Injury,Governmental,Unknown,Normal,Not a Pedestrian,No Casualty
02:32:00,Thursday,18-30,Male,2-5yr,Special vehicle,Office areas,Asphalt roads,Dry,Normal,Darkness - lights lit,Vehicle with vehicle collision,1,2,Reversing,Male,18-30,3,No priority to pedestrian,Serious Injury,Owner,Unknown,Normal,Not a Pedestrian,Slight Injury
19:00:00,Tuesday,18-30,Female,2-5yr,Automobile,Residential areas,Asphalt roads,Wet or damp,Other,Darkness - lights lit,Vehicle with vehicle collision,2,1,Going straight,Male,Under 18,3,Changing lane to the left,Slight Injury,Owner,Unknown,Normal,Not a Pedestrian,Slight Injury
19:00:00,Tuesday,Under 18,Male,1-2yr,Public (13-45 seats),Recreational areas,Asphalt roads,Wet or damp,Other,Darkness - lights lit,Vehicle with vehicle collision,2,1,Stopping,Male,31-50,3,Changing lane to the left,Slight Injury,Governmental,2-5yrs,Normal,Not a Pedestrian,Slight Injury
13:38:00,Friday,Over 51,Male,5-10yr,Automobile,Other,Asphalt roads,Dry,Normal,Daylight,Vehicle with vehicle collision,1,1,Overtaking,na,No Casualty,na,Getting off the vehicle improperly,Slight Injury,Owner,1-2yr,Normal,Not a Pedestrian,No Casualty
07:53:00,Thursday,18-30,Male,2-5yr,Lorry (41-100Q),Residential areas,Asphalt roads,Wet or damp,Rain,Daylight,Vehicle with vehicle collision,2,3,Going straight,Female,18-30,3,No distancing,Slight Injury,Owner,Above 10yr,No Casualty,Not a Pedestrian,Slight Injury
07:53:00,Thursday,18-30,Male,1-2yr,Lorry (41-100Q),Other,Asphalt roads,Wet or damp,Rain,Daylight,Vehicle with vehicle collision,2,3,Reversing,na,No Casualty,na,Changing lane to the right,Slight Injury,Owner,Unknown,No Casualty,Not a Pedestrian,No Casualty
07:53:00,Thursday,Over 51,Male,1-2yr,Public (12 seats),Other,Asphalt roads,Wet or damp,Rain,Daylight,Vehicle with vehicle collision,2,3,Going straight,Male,Under 18,3,Changing lane to the right,Slight Injury,Owner,Unknown,Normal,Not a Pedestrian,Slight Injury
20:13:00,Tuesday,31-50,Male,5-10yr,Lorry (41-100Q),Other,Asphalt roads,Wet or damp,Rain,Darkness - lights lit,Vehicle with vehicle collision,1,1,Going straight,na,No Casualty,na,Moving Backward,Serious Injury,Owner,5-10yrs,Normal,Not a Pedestrian,No Casualty
16:28:00,Tuesday,Over 51,Male,5-10yr,Lorry (41-100Q),Other,Earth roads,Wet or damp,Rain,Daylight,Vehicle with vehicle collision,3,1,Reversing,Male,18-30,3,Overspeed,Slight Injury,Owner,Unknown,Normal,Not a Pedestrian,Slight Injury
16:28:00,Tuesday,Under 18,Male,1-2yr,Public (12 seats),Other,Asphalt roads,Wet or damp,Rain,Daylight,Vehicle with vehicle collision,3,1,Going straight,na,No Casualty,na,Changing lane to the left,Slight Injury,Owner,2-5yrs,No Casualty,Not a Pedestrian,No Casualty
16:28:00,Tuesday,18-30,Male,2-5yr,Public (> 45 seats),School areas,Asphalt roads,Wet or damp,Rain,Daylight,Vehicle with vehicle collision,3,1,Waiting to go,Male,31-50,3,Changing lane to the right,Slight Injury,Owner,Unknown,Normal,Not a Pedestrian,Slight Injury
00:55:00,Friday,18-30,Male,5-10yr,Automobile,Office areas,Asphalt roads,Dry,Normal,Darkness - lights lit,Vehicle with vehicle collision,1,3,Going straight,na,No Casualty,na,No distancing,Serious Injury,Owner,Unknown,Normal,Not a Pedestrian,No Casualty
00:55:00,Friday,18-30,Male,5-10yr,Pick up upto 10Q,Office areas,Asphalt roads,Dry,Normal,Darkness - lights lit,Vehicle with vehicle collision,1,3,Going straight,Male,18-30,3,Changing lane to the right,Serious Injury,Owner,Unknown,Normal,Not a Pedestrian,Slight Injury
00:55:00,Friday,18-30,Male,5-10yr,Stationwagen,Office areas,Asphalt roads,Dry,Normal,Darkness - lights lit,Vehicle with vehicle collision,1,3,Going straight,Female,31-50,3,Changing lane to the right,Serious Injury,Owner,5-10yrs,No Casualty,Not a Pedestrian,Slight Injury
18:30:00,Monday,18-30,Male,2-5yr,Other,School areas,Asphalt roads,Dry,Normal,Darkness - lights lit,Collision with roadside objects,2,2,Going straight,na,No Casualty,na,No distancing,Serious Injury,Owner,Unknown,Normal,Not a Pedestrian,No Casualty
18:30:00,Monday,18-30,Male,Above 10yr,Automobile,School areas,Asphalt roads,Dry,Normal,Darkness - lights lit,Vehicle with vehicle collision,2,2,Getting off,Male,18-30,3,Changing lane to the right,Serious Injury,Governmental,Unknown,Normal,Not a Pedestrian,Slight Injury
18:30:00,Monday,31-50,Male,Above 10yr,Automobile,Office areas,Asphalt roads,Dry,Normal,Darkness - lights lit,Collision with pedestrians,2,2,Going straight,Male,31-50,3,Driving carelessly,Serious Injury,Owner,Unknown,Normal,Unknown or other,Slight Injury
08:15:00,Tuesday,31-50,Male,5-10yr,Stationwagen,Office areas,Asphalt roads,Dry,Normal,Daylight,Vehicle with vehicle collision,2,1,Going straight,Male,18-30,3,Driving carelessly,Serious Injury,Owner,Unknown,Normal,Not a Pedestrian,Slight Injury
08:15:00,Tuesday,31-50,Male,Above 10yr,Pick up upto 10Q,School areas,Asphalt roads,Dry,Normal,Daylight,Collision with roadside objects,2,1,Going straight,Male,Under 18,3,Changing lane to the right,Serious Injury,Governmental,Above 10yr,Normal,Not a Pedestrian,Slight Injury
18:26:00,Monday,18-30,Unknown,5-10yr,Lorry (41-100Q),Other,Earth roads,Dry,Normal,Darkness - lights lit,Vehicle with vehicle collision,2,3,Reversing,na,No Casualty,na,Overturning,Slight Injury,Owner,1-2yr,No Casualty,Not a Pedestrian,No Casualty
18:26:00,Monday,18-30,Male,5-10yr,Automobile,Other,Asphalt roads,Dry,Normal,Darkness - lights lit,Vehicle with vehicle collision,2,3,Turnover,na,No Casualty,na,Changing lane to the right,Slight Injury,Owner,Above 10yr,Normal,Not a Pedestrian,No Casualty
18:26:00,Monday,31-50,Male,Above 10yr,Automobile,Other,Asphalt roads,Dry,Normal,Darkness - lights lit,Vehicle with vehicle collision,2,3,Going straight,Female,18-30,2,Moving Backward,Slight Injury,Owner,Below 1yr,Normal,Not a Pedestrian,Serious Injury
00:10:00,Friday,18-30,Male,Above 10yr,Lorry (41-100Q),Other,Asphalt roads,Dry,Normal,Darkness - lights lit,Vehicle with vehicle collision,3,3,Going straight,na,No Casualty,na,No distancing,Serious Injury,Owner,Above 10yr,Normal,Not a Pedestrian,No Casualty
00:10:00,Friday,18-30,Male,5-10yr,Lorry (41-100Q),Residential areas,Asphalt roads,Dry,Normal,Darkness - lights lit,Vehicle with vehicle collision,3,3,Going straight,Male,18-30,3,Overturning,Serious Injury,Owner,Unknown,Normal,Not a Pedestrian,Slight Injury
00:10:00,Friday,31-50,Male,5-10yr,Lorry (41-100Q),Other,Asphalt roads,Dry,Normal,Darkness - lights lit,Rollover,3,3,Going straight,na,No Casualty,na,Driving carelessly,Serious Injury,Governmental,1-2yr,Normal,Not a Pedestrian,No Casualty
00:10:00,Friday,Over 51,Male,Above 10yr,Pick up upto 10Q,Other,Asphalt roads,Dry,Normal,Darkness - lights lit,Collision with roadside objects,3,3,Getting off,Male,31-50,3,Changing lane to the right,Serious Injury,Owner,1-2yr,Normal,Not a Pedestrian,Slight Injury
00:10:00,Friday,Over 51,Male,Below 1yr,Pick up upto 10Q,Industrial areas,Asphalt roads,Dry,Normal,Darkness - lights lit,Vehicle with vehicle collision,3,3,Going straight,Male,Under 18,3,Overspeed,Serious Injury,Owner,Unknown,No Casualty,Not a Pedestrian,Slight Injury
00:10:00,Friday,18-30,Male,2-5yr,Automobile,Recreational areas,Asphalt roads,Dry,Normal,Darkness - lights lit,Collision with roadside objects,3,3,Going straight,Male,18-30,3,Changing lane to the left,Serious Injury,Owner,Unknown,Normal,Not a Pedestrian,Slight Injury
08:13:00,Wednesday,31-50,Male,2-5yr,Other,Church areas,Gravel roads,Wet or damp,Rain & Wind,Daylight,Vehicle with vehicle collision,2,2,Going straight,na,No Casualty,na,Driving carelessly,Slight Injury,Owner,Above 10yr,No Casualty,Not a Pedestrian,No Casualty
08:13:00,Wednesday,31-50,Male,5-10yr,Automobile,Office areas,Asphalt roads,Wet or damp,Rain & Wind,Daylight,Vehicle with vehicle collision,2,2,Going straight,Male,Under 18,3,No distancing,Slight Injury,Owner,Unknown,Normal,Not a Pedestrian,Slight Injury
08:13:00,Wednesday,31-50,Male,5-10yr,Automobile,Other,Asphalt roads,Wet or damp,Rain & Wind,Daylight,Vehicle with vehicle collision,2,2,Going straight,Female,18-30,3,Moving Backward,Slight Injury,Owner,Unknown,Normal,Not a Pedestrian,Slight Injury
17:46:00,Monday,18-30,Male,Below 1yr,Motorcycle,Office areas,Asphalt roads,Wet or damp,Rain & Wind,Darkness - lights lit,Vehicle with vehicle collision,2,1,Going straight,na,No Casualty,na,No priority to pedestrian,Slight Injury,Owner,Unknown,Normal,Not a Pedestrian,No Casualty
17:46:00,Monday,31-50,Male,Above 10yr,Automobile,Office areas,Asphalt roads,Wet or damp,Rain & Wind,Darkness - lights lit,Vehicle with vehicle collision,2,1,Going straight,Male,18-30,2,Moving Backward,Slight Injury,Owner,Unknown,Normal,Not a Pedestrian,Serious Injury
02:40:00,Friday,18-30,Female,Below 1yr,Automobile,Other,Asphalt roads,Dry,Normal,Darkness - lights lit,Collision with roadside objects,1,2,Going straight,Male,Over 51,3,Changing lane to the right,Slight Injury,Owner,Unknown,No Casualty,Not a Pedestrian,Slight Injury
02:40:00,Friday,18-30,Female,5-10yr,Public (12 seats),Residential areas,Asphalt roads,Dry,Normal,Darkness - lights lit,Vehicle with vehicle collision,1,2,Going straight,Male,18-30,3,No distancing,Slight Injury,Owner,Above 10yr,No Casualty,Not a Pedestrian,Slight Injury
13:00:00,Friday,31-50,Male,5-10yr,Long lorry,Office areas,Asphalt roads,Wet or damp,Normal,Daylight,Collision with roadside objects,3,5,Going straight,na,No Casualty,na,Drunk driving,Slight Injury,Owner,Above 10yr,Normal,Not a Pedestrian,No Casualty
13:00:00,Friday,31-50,Male,5-10yr,Automobile,Residential areas,Asphalt roads,Wet or damp,Normal,Daylight,Vehicle with vehicle collision,3,5,Reversing,na,No Casualty,na,Changing lane to the right,Slight Injury,Owner,Above 10yr,Normal,Not a Pedestrian,No Casualty
13:00:00,Friday,31-50,Male,1-2yr,Automobile,School areas,Asphalt roads,Wet or damp,Normal,Daylight,Vehicle with vehicle collision,3,5,Going straight,Female,31-50,3,Driving carelessly,Slight Injury,Owner,Unknown,Normal,Not a Pedestrian,Slight Injury
13:00:00,Friday,31-50,Male,5-10yr,Public (> 45 seats),Office areas,Asphalt roads,Wet or damp,Normal,Daylight,Vehicle with vehicle collision,3,5,Turnover,na,No Casualty,na,Driving to the left,Slight Injury,Owner,Above 10yr,No Casualty,Not a Pedestrian,No Casualty
13:00:00,Friday,31-50,Male,5-10yr,Pick up upto 10Q,Other,Asphalt roads,Wet or damp,Normal,Daylight,Vehicle with vehicle collision,3,5,Going straight,Male,18-30,2,Changing lane to the right,Slight Injury,Owner,5-10yrs,Normal,Not a Pedestrian,Serious Injury
13:00:00,Friday,31-50,Male,5-10yr,Lorry (41-100Q),Other,Asphalt roads,Wet or damp,Normal,Daylight,Vehicle with vehicle collision,3,5,Going straight,Male,18-30,3,Changing lane to the right,Slight Injury,Owner,Above 10yr,No Casualty,Not a Pedestrian,Slight Injury
13:00:00,Friday,Over 51,Male,5-10yr,Automobile,Church areas,Asphalt roads,Wet or damp,Normal,Daylight,Vehicle with vehicle collision,3,5,Going straight,Female,Over 51,3,Driving carelessly,Slight Injury,Owner,Above 10yr,Normal,Not a Pedestrian,Slight Injury
22:30:00,Friday,18-30,Male,Above 10yr,Public (13-45 seats),Office areas,Asphalt roads,Dry,Normal,Darkness - lights lit,Vehicle with vehicle collision,2,1,Going straight,Male,31-50,3,Changing lane to the left,Slight Injury,Owner,Unknown,Normal,Not a Pedestrian,Slight Injury
22:30:00,Friday,18-30,Male,5-10yr,Automobile,Other,Asphalt roads,Dry,Normal,Darkness - lights lit,Vehicle with vehicle collision,2,1,Reversing,na,No Casualty,na,No priority to vehicle,Slight Injury,Owner,Unknown,No Casualty,Not a Pedestrian,No Casualty
17:35:00,Friday,31-50,Male,5-10yr,Public (> 45 seats),Office areas,Asphalt roads,Dry,Normal,Darkness - lights lit,Vehicle with vehicle collision,3,2,Going straight,Female,31-50,3,Driving carelessly,Serious Injury,Owner,Unknown,No Casualty,Not a Pedestrian,Slight Injury
17:35:00,Friday,31-50,Male,Below 1yr,Public (12 seats),Office areas,Asphalt roads,Dry,Normal,Darkness - lights lit,Vehicle with vehicle collision,3,2,Turnover,Female,31-50,3,Changing lane to the right,Serious Injury,Owner,Unknown,No Casualty,Not a Pedestrian,Slight Injury
17:35:00,Friday,18-30,Female,5-10yr,Automobile,Office areas,Asphalt roads,Dry,Normal,Darkness - lights lit,Vehicle with vehicle collision,3,2,Going straight,na,No Casualty,na,Driving carelessly,Serious Injury,Owner,Above 10yr,No Casualty,Not a Pedestrian,No Casualty
12:00:00,Thursday,18-30,Male,5-10yr,Lorry (41-100Q),Church areas,Asphalt roads,Dry,Normal,Daylight,Rollover,2,1,Going straight,Male,Under 18,3,Driving under the influence of drugs,Slight Injury,Owner,Above 10yr,Normal,Not a Pedestrian,Slight Injury
12:00:00,Thursday,18-30,Female,5-10yr,Automobile,Office areas,Asphalt roads,Dry,Normal,Daylight,Collision with roadside objects,2,1,Going straight,na,No Casualty,na,No distancing,Slight Injury,Owner,Above 10yr,Normal,Not a Pedestrian,No Casualty
09:10:00,Wednesday,18-30,Male,5-10yr,Pick up upto 10Q,Other,Earth roads,Dry,Normal,Daylight,Vehicle with vehicle collision,1,1,Going straight,Male,18-30,3,Changing lane to the left,Slight Injury,Owner,5-10yrs,No Casualty,Not a Pedestrian,Slight Injury
16:35:00,Friday,18-30,Male,5-10yr,Public (12 seats),Other,Asphalt roads,Dry,Normal,Daylight,Vehicle with vehicle collision,1,1,Going straight,na,No Casualty,na,No priority to vehicle,Serious Injury,Owner,Unknown,Normal,Not a Pedestrian,No Casualty
22:08:00,Tuesday,31-50,Male,2-5yr,Automobile,Church areas,Asphalt roads,Wet or damp,Normal,Darkness - lights lit,Collision with roadside objects,2,1,Getting off,Male,18-30,3,Moving Backward,Slight Injury,Owner,5-10yrs,Normal,Not a Pedestrian,Slight Injury
22:08:00,Tuesday,18-30,Male,5-10yr,Automobile,School areas,Asphalt roads,Wet or damp,Normal,Darkness - lights lit,Vehicle with vehicle collision,2,1,Moving Backward,na,No Casualty,na,Moving Backward,Slight Injury,Owner,1-2yr,Normal,Not a Pedestrian,No Casualty
07:01:00,Thursday,31-50,Male,Above 10yr,Automobile,Church areas,Asphalt roads,Wet or damp,Rain,Darkness - lights lit,Vehicle with vehicle collision,1,1,Going straight,Male,31-50,3,No distancing,Serious Injury,Owner,Unknown,Normal,Not a Pedestrian,Slight Injury
22:26:00,Friday,31-50,Male,1-2yr,Stationwagen,Office areas,Asphalt roads,Wet or damp,Normal,Darkness - lights lit,Vehicle with vehicle collision,2,1,Turnover,Male,18-30,3,Changing lane to the right,Slight Injury,Owner,Above 10yr,Normal,Not a Pedestrian,Slight Injury
22:26:00,Friday,Under 18,Male,Below 1yr,Other,Other,Asphalt roads,Wet or damp,Normal,Darkness - lights lit,Rollover,2,1,Going straight,na,No Casualty,na,Changing lane to the right,Slight Injury,Owner,2-5yrs,Normal,Not a Pedestrian,No Casualty
08:25:00,Thursday,Under 18,Unknown,1-2yr,Other,Church areas,Asphalt roads,Wet or damp,Windy,Daylight,Rollover,2,1,Going straight,Female,18-30,3,Moving Backward,Slight Injury,Owner,Above 10yr,Normal,Not a Pedestrian,Slight Injury
08:25:00,Thursday,Under 18,Male,5-10yr,Other,Other,Gravel roads,Wet or damp,Windy,Daylight,Collision with pedestrians,2,1,Going straight,Male,31-50,3,Driving carelessly,Slight Injury,Governmental,1-2yr,Normal,Not a Pedestrian,Slight Injury