Time,Day_of_week,Age_band_of_driver,Sex_of_driver,Driving_experience,Type_of_vehicle,Area_accident_occured,Road_surface_type,Road_surface_conditions,Weather_conditions,Light_conditions,Type_of_collision,Number_of_vehicles_involved,Number_of_casualties,Vehicle_movement,Sex_of_casualty,Age_band_of_casualty,Casualty_severity,Cause_of_accident,Accident_severity,Owner_of_vehicle,Service_year_of_vehicle,Fitness_of_casuality,Pedestrian_movement,Casualty_severity_label
21:45:00,Monday,18-30,Male,1-2yr,Automobile,Other,Asphalt roads,Wet or damp,Other,Darkness - lights lit,Collision with animals,4,1,Going straight,na,No Casualty,na,Changing lane to the right,Slight Injury,Owner,Unknown,Normal,Not a Pedestrian,No Casualty
21:45:00,Monday,18-30,Male,Above 10yr,Long lorry,Hospital areas,Asphalt roads,Wet or damp,Other,Darkness - lights lit,Collision with animals,4,1,Going straight,Male,31-50,3,Moving Backward,Slight Injury,Owner,Unknown,Normal,Not a Pedestrian,Slight Injury
14:41:00,Sunday,18-30,Male,1-2yr,Lorry (11-40Q),Other,Asphalt roads,Dry,Normal,Daylight,Collision with animals,1,1,Going straight,na,No Casualty,na,Driving under the influence of drugs,Serious Injury,Governmental,Unknown,Normal,Not a Pedestrian,No Casualty
16:11:00,Sunday,31-50,Male,5-10yr,Long lorry,Other,Asphalt roads,Dry,Normal,Daylight,Collision with animals,1,1,Going straight,Male,Under 18,3,Changing lane to the right,Serious Injury,Owner,Unknown,Normal,Not a Pedestrian,Slight Injury
22:14:00,Thursday,18-30,Male,2-5yr,Automobile,Recreational areas,Asphalt roads,Wet or damp,Rain,Darkness - lights lit,Collision with animals,3,3,Going straight,Male,18-30,3,No priority to vehicle,Serious Injury,Owner,Unknown,Normal,Not a Pedestrian,Slight Injury
22:14:00,Thursday,18-30,Male,5-10yr,Taxi,Other,Asphalt roads,Wet or damp,Rain,Darkness - lights lit,Other,3,3,Going straight,Female,31-50,3,Changing lane to the left,Serious Injury,Owner,Unknown,Normal,Not a Pedestrian,Slight Injury
22:14:00,Thursday,Under 18,Male,2-5yr,Taxi,Other,Asphalt roads,Wet or damp,Rain,Darkness - lights lit,Rollover,3,3,Going straight,Male,18-30,3,Driving carelessly,Serious Injury,Owner,Unknown,No Casualty,Not a Pedestrian,Slight Injury
22:14:00,Thursday,Over 51,Male,2-5yr,Long lorry,Other,Asphalt roads,Wet or damp,Rain,Darkness - lights lit,Collision with animals,3,3,Going straight,na,No Casualty,na,No priority to pedestrian,Serious Injury,Owner,Unknown,No Casualty,Not a Pedestrian,No Casualty
15:00:00,Tuesday,31-50,Male,Above 10yr,Lorry (11-40Q),Office areas,Asphalt roads,Dry,Other,Daylight,Rollover,2,1,Reversing,na,No Casualty,na,No priority to pedestrian,Slight Injury,Owner,Below 1yr,No Casualty,Not a Pedestrian,No Casualty
15:00:00,Tuesday,18-30,Male,1-2yr,Lorry (11-40Q),Other,Asphalt roads,Dry,Other,Daylight,Collision with animals,2,1,Going straight,Male,31-50,3,Changing lane to the right,Slight Injury,Owner,2-5yrs,No Casualty,Not a Pedestrian,Slight Injury
15:40:00,Thursday,18-30,Male,1-2yr,Long lorry,Residential areas,Asphalt roads,Dry,Unknown,Daylight,Collision with animals,2,2,Going straight,na,No Casualty,na,Drunk driving,Slight Injury,Owner,Unknown,No Casualty,Not a Pedestrian,No Casualty
15:40:00,Thursday,31-50,Male,5-10yr,Turbo,Other,Asphalt roads,Dry,Unknown,Daylight,Vehicle with vehicle collision,2,2,Going straight,Male,31-50,3,Changing lane to the left,Slight Injury,Owner,5-10yrs,No Casualty,Not a Pedestrian,Slight Injury
15:40:00,Thursday,31-50,Male,1-2yr,Long lorry,Other,Asphalt roads,Dry,Unknown,Daylight,Fall from vehicles,2,2,Going straight,Female,31-50,3,Changing lane to the left,Slight Injury,Owner,Unknown,Normal,Not a Pedestrian,Slight Injury
11:22:00,Friday,Under 18,Male,5-10yr,Long lorry,Church areas,Asphalt roads,Dry,Normal,Daylight,Collision with roadside-parked vehicles,2,1,Going straight,na,No Casualty,na,Driving to the left,Slight Injury,Owner,Unknown,Normal,Not a Pedestrian,No Casualty
11:22:00,Friday,31-50,Male,Above 10yr,Public (13-45 seats),Office areas,Asphalt roads,Dry,Normal,Daylight,Collision with roadside-parked vehicles,2,1,Going straight,Male,Under 18,3,Changing lane to the left,Slight Injury,Owner,1-2yr,Normal,Unknown or other,Slight Injury
12:00:00,Friday,18-30,Male,Above 10yr,Automobile,School areas,Asphalt roads,Dry,Unknown,Daylight,Rollover,2,1,Other,Female,18-30,3,Driving under the influence of drugs,Slight Injury,Owner,Above 10yr,No Casualty,Not a Pedestrian,Slight Injury
12:00:00,Friday,Over 51,Male,5-10yr,Automobile,Other,Asphalt roads,Dry,Unknown,Daylight,Collision with animals,2,1,Moving Backward,na,No Casualty,na,No priority to pedestrian,Slight Injury,Owner,2-5yrs,Normal,Not a Pedestrian,No Casualty
13:35:00,Monday,18-30,Male,2-5yr,Pick up upto 10Q,Office areas,Asphalt roads,Dry,Normal,Daylight,Collision with animals,2,1,Other,Female,31-50,3,Changing lane to the left,Serious Injury,Owner,1-2yr,Normal,Not a Pedestrian,Slight Injury
13:35:00,Monday,18-30,Male,2-5yr,Automobile,Residential areas,Asphalt roads,Dry,Normal,Daylight,Fall from vehicles,2,1,Going straight,Male,18-30,3,Moving Backward,Serious Injury,Owner,1-2yr,Normal,Not a Pedestrian,Slight Injury
15:32:00,Wednesday,18-30,Male,Below 1yr,Stationwagen,Industrial areas,Asphalt roads,Dry,Normal,Daylight,Collision with roadside-parked vehicles,1,1,Going straight,na,No Casualty,na,No distancing,Slight Injury,Owner,1-2yr,Normal,Not a Pedestrian,No Casualty
15:55:00,Tuesday,31-50,Unknown,2-5yr,Automobile,Other,Asphalt roads,Wet or damp,Rain,Daylight,Collision with animals,2,2,Going straight,na,No Casualty,na,Changing lane to the right,Slight Injury,Owner,2-5yrs,Other,Not a Pedestrian,No Casualty
15:55:00,Tuesday,18-30,Male,2-5yr,Automobile,Residential areas,Asphalt roads,Wet or damp,Rain,Daylight,Collision with animals,2,2,Other,Male,Under 18,3,No priority to vehicle,Slight Injury,Owner,1-2yr,Blind,Not a Pedestrian,Slight Injury
15:55:00,Tuesday,18-30,Male,5-10yr,Automobile,Recreational areas,Asphalt roads,Wet or damp,Rain,Daylight,Collision with pedestrians,2,2,Going straight,Male,Over 51,3,Moving Backward,Slight Injury,Owner,1-2yr,Normal,Not a Pedestrian,Slight Injury
08:35:00,Monday,18-30,Male,Above 10yr,Long lorry,Office areas,Asphalt roads,Dry,Unknown,Daylight,Vehicle with vehicle collision,2,1,Going straight,Male,31-50,3,Overtaking,Slight Injury,Owner,Unknown,Normal,Not a Pedestrian,Slight Injury
08:35:00,Monday,18-30,Male,5-10yr,Public (13-45 seats),Outside rural areas,Asphalt roads,Dry,Unknown,Daylight,Vehicle with vehicle collision,2,1,Going straight,Male,Under 18,3,Changing lane to the left,Slight Injury,Owner,Unknown,Normal,Not a Pedestrian,Slight Injury
19:50:00,Friday,18-30,Male,2-5yr,Public (13-45 seats),Outside rural areas,Asphalt roads,Dry,Normal,Daylight,Collision with pedestrians,2,1,Going straight,na,No Casualty,na,Changing lane to the right,Slight Injury,Owner,1-2yr,Normal,Not a Pedestrian,No Casualty
19:50:00,Friday,Under 18,Male,5-10yr,Lorry (11-40Q),Outside rural areas,Asphalt roads,Dry,Normal,Daylight,Vehicle with vehicle collision,2,1,Going straight,Male,31-50,3,Overtaking,Slight Injury,Owner,1-2yr,Normal,Not a Pedestrian,Slight Injury
07:15:00,Thursday,Over 51,Male,2-5yr,Lorry (11-40Q),Outside rural areas,Asphalt roads,Wet or damp,Rain,Daylight,Collision with roadside objects,1,1,Going straight,Female,31-50,3,Overloading,Slight Injury,Governmental,Below 1yr,Normal,Not a Pedestrian,Slight Injury
15:11:00,Friday,18-30,Male,5-10yr,Pick up upto 10Q,Outside rural areas,Asphalt roads,Dry,Normal,Daylight,Vehicle with vehicle collision,1,1,Moving Backward,Male,31-50,3,Other,Serious Injury,Owner,Unknown,Normal,Not a Pedestrian,Slight Injury
17:45:00,Wednesday,Over 51,Male,1-2yr,Automobile,School areas,Asphalt roads,Dry,Unknown,Daylight,Vehicle with vehicle collision,2,1,Moving Backward,na,No Casualty,na,No priority to vehicle,Slight Injury,Owner,Unknown,Normal,Not a Pedestrian,No Casualty
17:45:00,Wednesday,18-30,Male,2-5yr,Automobile,Outside rural areas,Asphalt roads,Dry,Unknown,Daylight,Vehicle with vehicle collision,2,1,Going straight,na,No Casualty,na,Changing lane to the right,Slight Injury,Owner,Above 10yr,Normal,Not a Pedestrian,No Casualty
14:30:00,Friday,31-50,Male,Above 10yr,Automobile,Outside rural areas,Asphalt roads,Wet or damp,Other,Daylight,Rollover,2,1,Going straight,Male,18-30,3,Moving Backward,Serious Injury,Owner,Unknown,Normal,Not a Pedestrian,Slight Injury
14:30:00,Friday,18-30,Male,Below 1yr,Long lorry,Outside rural areas,Asphalt roads,Wet or damp,Other,Daylight,Vehicle with vehicle collision,2,1,Turnover,Female,18-30,3,Changing lane to the left,Serious Injury,Owner,Unknown,No Casualty,Not a Pedestrian,Slight Injury
20:40:00,Sunday,18-30,Male,2-5yr,Long lorry,Outside rural areas,Asphalt roads,Dry,Normal,Daylight,Vehicle with vehicle collision,1,1,Going straight,Female,Over 51,3,No priority to pedestrian,Slight Injury,Owner,2-5yrs,Normal,Not a Pedestrian,Slight Injury
07:18:00,Thursday,Over 51,Male,Below 1yr,Automobile,Office areas,Asphalt roads,Wet or damp,Normal,Daylight,Vehicle with vehicle collision,2,1,Going straight,na,No Casualty,na,No distancing,Slight Injury,Owner,2-5yrs,Normal,Not a Pedestrian,No Casualty
07:18:00,Thursday,Over 51,Male,5-10yr,Stationwagen,Outside rural areas,Asphalt roads,Wet or damp,Normal,Daylight,Collision with pedestrians,2,1,Going straight,Male,18-30,3,No priority to vehicle,Slight Injury,Owner,2-5yrs,Normal,Not a Pedestrian,Slight Injury
17:07:00,Wednesday,Over 51,Male,1-2yr,Automobile,Outside rural areas,Asphalt roads,Dry,Normal,Daylight,Vehicle with vehicle collision,1,1,Going straight,Female,18-30,3,No distancing,Slight Injury,Owner,Unknown,No Casualty,Not a Pedestrian,Slight Injury
13:45:00,Thursday,18-30,Male,Below 1yr,Other,Outside rural areas,Asphalt roads,Dry,Normal,Daylight,Collision with roadside objects,2,1,Going straight,Male,31-50,3,No distancing,Slight Injury,Owner,2-5yrs,Normal,Not a Pedestrian,Slight Injury
13:45:00,Thursday,Over 51,Male,5-10yr,Special vehicle,Office areas,Asphalt roads,Dry,Normal,Daylight,Vehicle with vehicle collision,2,1,Going straight,Male,31-50,3,Moving Backward,Slight Injury,Owner,Unknown,No Casualty,Not a Pedestrian,Slight Injury
18:40:00,Friday,31-50,Male,Below 1yr,Lorry (41-100Q),Recreational areas,Asphalt roads,Dry,Normal,Darkness - lights lit,Rollover,2,4,Going straight,na,No Casualty,na,Changing lane to the right,Slight Injury,Owner,Unknown,Normal,Not a Pedestrian,No Casualty
18:40:00,Friday,18-30,Male,Below 1yr,Pick up upto 10Q,Office areas,Asphalt roads,Dry,Normal,Darkness - lights lit,Vehicle with vehicle collision,2,4,Going straight,Male,18-30,3,No priority to pedestrian,Slight Injury,Owner,Above 10yr,Normal,Not a Pedestrian,Slight Injury
18:40:00,Friday,18-30,Male,5-10yr,Lorry (11-40Q),Other,Asphalt roads,Dry,Normal,Darkness - lights lit,Vehicle with vehicle collision,2,4,Going straight,na,No Casualty,na,Moving Backward,Slight Injury,Owner,2-5yrs,Normal,Not a Pedestrian,No Casualty
18:40:00,Friday,18-30,Male,2-5yr,Lorry (41-100Q),Residential areas,Asphalt roads,Dry,Normal,Darkness - lights lit,Vehicle with vehicle collision,2,4,Other,Male,31-50,3,Getting off the vehicle improperly,Slight Injury,Owner,Above 10yr,Normal,Not a Pedestrian,Slight Injury
06:53:00,Wednesday,18-30,Male,Above 10yr,Motorcycle,Residential areas,Asphalt roads,Wet or damp,Rain & Wind,Daylight,Vehicle with vehicle collision,1,1,Getting off,Male,18-30,3,Overtaking,Slight Injury,Owner,Above 10yr,Normal,Not a Pedestrian,Slight Injury
16:10:00,Monday,18-30,Male,Above 10yr,Automobile,Residential areas,Asphalt roads,Dry,Normal,Daylight,Vehicle with vehicle collision,2,2,Going straight,Female,Over 51,3,Overloading,Slight Injury,Owner,Unknown,Normal,Not a Pedestrian,Slight Injury
16:10:00,Monday,18-30,Male,5-10yr,Automobile,Other,Asphalt roads,Dry,Normal,Daylight,Collision with roadside objects,2,2,Going straight,Female,Under 18,3,Changing lane to the right,Slight Injury,Owner,Above 10yr,Normal,Not a Pedestrian,Slight Injury
16:10:00,Monday,Over 51,Male,1-2yr,Automobile,Office areas,Asphalt roads,Dry,Normal,Daylight,Vehicle with vehicle collision,2,2,Going straight,Female,18-30,3,Improper parking,Slight Injury,Owner,Unknown,Normal,Not a Pedestrian,Slight Injury
08:39:00,Monday,18-30,Male,Below 1yr,Stationwagen,Other,Asphalt roads,Dry,Normal,Daylight,Vehicle with vehicle collision,1,1,Other,Male,Under 18,3,Other,Slight Injury,Owner,Unknown,No Casualty,Not a Pedestrian,Slight Injury
13:30:00,Tuesday,18-30,Male,Below 1yr,Automobile,Other,Asphalt roads,Dry,Normal,Daylight,Collision with roadside objects,2,1,Going straight,Female,Under 18,3,Changing lane to the left,Slight Injury,Owner,Above 10yr,No Casualty,Not a Pedestrian,Slight Injury
13:30:00,Tuesday,31-50,Male,2-5yr,Public (> 45 seats),Office areas,Asphalt roads,Dry,Normal,Daylight,Collision with roadside objects,2,1,Moving Backward,na,No Casualty,na,Changing lane to the right,Slight Injury,Owner,5-10yrs,No Casualty,Not a Pedestrian,No Casualty
19:10:00,Monday,31-50,Male,1-2yr,Public (> 45 seats),Church areas,Asphalt roads,Dry,Normal,Daylight,Vehicle with vehicle collision,2,2,Other,na,No Casualty,na,No priority to pedestrian,Serious Injury,Owner,Below 1yr,Normal,Not a Pedestrian,No Casualty
19:10:00,Monday,18-30,Male,5-10yr,Stationwagen,Other,Asphalt roads,Dry,Normal,Daylight,Vehicle with vehicle collision,2,2,Going straight,Male,31-50,3,Overspeed,Serious Injury,Owner,Unknown,Normal,Not a Pedestrian,Slight Injury
17:15:00,Thursday,18-30,Male,2-5yr,Automobile,Other,Asphalt roads,Dry,Normal,Daylight,Vehicle with vehicle collision,2,1,Going straight,Male,31-50,3,Changing lane to the left,Slight Injury,Owner,Unknown,No Casualty,Not a Pedestrian,Slight Injury
17:15:00,Thursday,18-30,Male,5-10yr,Bicycle,Office areas,Asphalt roads,Dry,Normal,Daylight,Vehicle with vehicle collision,2,1,Going straight,na,No Casualty,na,No priority to vehicle,Slight Injury,Owner,Unknown,No Casualty,Not a Pedestrian,No Casualty
10:25:00,Sunday,18-30,Male,Above 10yr,Automobile,Office areas,Asphalt roads,Dry,Normal,Daylight,Collision with roadside objects,2,4,Going straight,Male,18-30,3,Changing lane to the right,Slight Injury,Owner,Unknown,Normal,Not a Pedestrian,Slight Injury
10:25:00,Sunday,18-30,Male,5-10yr,Lorry (41-100Q),Office areas,Asphalt roads,Dry,Normal,Daylight,Vehicle with vehicle collision,2,4,Going straight,Male,18-30,3,No distancing,Slight Injury,Owner,Unknown,Normal,Not a Pedestrian,Slight Injury
10:25:00,Sunday,18-30,Male,5-10yr,Automobile,Office areas,Asphalt roads,Dry,Normal,Daylight,Vehicle with vehicle collision,2,4,Going straight,Male,31-50,3,No priority to pedestrian,Slight Injury,Owner,Unknown,Normal,Not a Pedestrian,Slight Injury
10:25:00,Sunday,31-50,Male,5-10yr,Public (13-45 seats),Other,Asphalt roads,Dry,Normal,Daylight,Vehicle with vehicle collision,2,4,Going straight,Male,18-30,3,No distancing,Slight Injury,Owner,Unknown,Normal,Not a Pedestrian,Slight Injury
20:40:00,Thursday,Under 18,Male,Above 10yr,Special vehicle,Office areas,Asphalt roads,Wet or damp,Rain,Darkness - lights lit,Vehicle with vehicle collision,2,5,Going straight,na,No Casualty,na,No priority to vehicle,Slight Injury,Owner,Below 1yr,Normal,Not a Pedestrian,No Casualty
20:40:00,Thursday,Under 18,Male,1-2yr,Automobile,Other,Asphalt roads,Wet or damp,Rain,Darkness - lights lit,Vehicle with vehicle collision,2,5,Going straight,Male,18-30,3,Other,Slight Injury,Owner,Unknown,Normal,Not a Pedestrian,Slight Injury
20:40:00,Thursday,Under 18,Male,2-5yr,Public (13-45 seats),Other,Gravel roads,Wet or damp,Rain,Darkness - lights lit,Vehicle with vehicle collision,2,5,Going straight,na,No Casualty,na,Driving carelessly,Slight Injury,Owner,Unknown,Normal,Not a Pedestrian,No Casualty
20:40:00,Thursday,18-30,Male,1-2yr,Automobile,Other,Asphalt roads,Wet or damp,Rain,Darkness - lights lit,Collision with roadside objects,2,5,Going straight,Female,Under 18,3,Changing lane to the left,Slight Injury,Governmental,Unknown,Normal,Not a Pedestrian,Slight Injury
20:40:00,Thursday,18-30,Male,5-10yr,Lorry (41-100Q),Office areas,Asphalt roads,Wet or damp,Rain,Darkness - lights lit,Vehicle with vehicle collision,2,5,Going straight,Female,Under 18,3,Driving carelessly,Slight Injury,Owner,Unknown,Normal,Not a Pedestrian,Slight Injury
15:20:00,Friday,18-30,Male,5-10yr,Lorry (41-100Q),Office areas,Asphalt roads,Dry,Unknown,Daylight,Collision with pedestrians,2,1,Going straight,na,No Casualty,na,Changing lane to the left,Slight Injury,Owner,Unknown,No Casualty,Not a Pedestrian,No Casualty
15:20:00,Friday,31-50,Male,5-10yr,Public (12 seats),Office areas,Asphalt roads,Dry,Unknown,Daylight,Collision with roadside objects,2,1,Going straight,Male,31-50,3,No priority to vehicle,Slight Injury,Owner,Unknown,No Casualty,Not a Pedestrian,Slight Injury
14:38:00,Tuesday,18-30,Female,Above 10yr,Lorry (41-100Q),Office areas,Asphalt roads,Dry,Normal,Daylight,Collision with roadside objects,4,1,Going straight,Male,Under 18,3,No distancing,Slight Injury,Governmental,Unknown,No Casualty,Not a Pedestrian,Slight Injury
14:38:00,Tuesday,18-30,Female,2-5yr,Lorry (41-100Q),Church areas,Asphalt roads,Dry,Normal,Daylight,Vehicle with vehicle collision,4,1,Going straight,na,No Casualty,na,Changing lane to the right,Slight Injury,Owner,2-5yrs,Normal,Not a Pedestrian,No Casualty
14:38:00,Tuesday,18-30,Male,Above 10yr,Public (12 seats),Office areas,Asphalt roads,Dry,Normal,Daylight,Rollover,4,1,Going straight,Male,18-30,3,Changing lane to the right,Slight Injury,Governmental,Unknown,Normal,Not a Pedestrian,Slight Injury
14:38:00,Tuesday,31-50,Male,2-5yr,Public (> 45 seats),Residential areas,Asphalt roads,Dry,Normal,Daylight,Vehicle with vehicle collision,4,1,Going straight,Male,Under 18,3,Overspeed,Slight Injury,Governmental,Unknown,Normal,Not a Pedestrian,Slight Injury
12:00:00,Wednesday,Over 51,Male,5-10yr,Automobile,School areas,Asphalt roads,Dry,Unknown,Daylight,Vehicle with vehicle collision,2,1,Going straight,Female,31-50,3,No distancing,Slight Injury,Owner,Unknown,Normal,Not a Pedestrian,Slight Injury
12:00:00,Wednesday,18-30,Male,5-10yr,Pick up upto 10Q,Office areas,Asphalt roads with some distress,Dry,Unknown,Daylight,Vehicle with vehicle collision,2,1,Going straight,na,No Casualty,na,Changing lane to the right,Slight Injury,Owner,Unknown,Normal,Not a Pedestrian,No Casualty
16:15:00,Friday,31-50,Male,5-10yr,Stationwagen,Other,Asphalt roads,Dry,Normal,Daylight,Vehicle with vehicle collision,2,1,Turnover,Female,18-30,3,Changing lane to the left,Slight Injury,Owner,5-10yrs,Normal,Not a Pedestrian,Slight Injury
16:15:00,Friday,18-30,Male,5-10yr,Other,Other,Asphalt roads,Dry,Normal,Daylight,Vehicle with vehicle collision,2,1,Moving Backward,Male,31-50,3,Getting off the vehicle improperly,Slight Injury,Owner,Unknown,Normal,Not a Pedestrian,Slight Injury
10:30:00,Wednesday,31-50,Male,Above 10yr,Automobile,Other,Asphalt roads,Dry,Normal,Daylight,Vehicle with vehicle collision,1,1,Going straight,na,No Casualty,na,Other,Slight Injury,Governmental,Unknown,Normal,Not a Pedestrian,No Casualty
00:30:00,Friday,18-30,Male,Below 1yr,Automobile,Other,Asphalt roads,Dry,Normal,Darkness - lights lit,Vehicle with vehicle collision,2,2,Going straight,na,No Casualty,na,Other,Slight Injury,Owner,5-10yrs,Normal,Not a Pedestrian,No Casualty
00:30:00,Friday,31-50,Male,5-10yr,Stationwagen,Office areas,Asphalt roads,Dry,Normal,Darkness - lights lit,Vehicle with vehicle collision,2,2,Moving Backward,Male,18-30,3,No distancing,Slight Injury,Owner,Unknown,Normal,Not a Pedestrian,Slight Injury
00:30:00,Friday,31-50,Male,1-2yr,Pick up upto 10Q,Office areas,Asphalt roads,Dry,Normal,Darkness - lights lit,Collision with roadside objects,2,2,Going straight,na,No Casualty,na,No priority to vehicle,Slight Injury,Owner,Unknown,Normal,Not a Pedestrian,No Casualty
18:47:00,Friday,18-30,Male,5-10yr,Lorry (41-100Q),Office areas,Asphalt roads,Wet or damp,Rain,Daylight,Vehicle with vehicle collision,3,1,Moving Backward,Male,18-30,3,Overtaking,Slight Injury,Owner,Unknown,Normal,Not a Pedestrian,Slight Injury
18:47:00,Friday,31-50,Male,Above 10yr,Automobile,Office areas,Asphalt roads,Wet or damp,Rain,Daylight,Vehicle with vehicle collision,3,1,Going straight,na,No Casualty,na,No priority to pedestrian,Slight Injury,Owner,Unknown,Normal,Not a Pedestrian,No Casualty
18:47:00,Friday,31-50,Male,2-5yr,Automobile,Office areas,Asphalt roads,Wet or damp,Rain,Daylight,Vehicle with vehicle collision,3,1,Going straight,Male,18-30,3,No distancing,Slight Injury,Owner,Unknown,Normal,Not a Pedestrian,Slight Injury
17:40:00,Thursday,31-50,Male,1-2yr,Lorry (41-100Q),Office areas,Asphalt roads,Dry,Normal,Daylight,Vehicle with vehicle collision,2,2,Going straight,Male,31-50,3,Changing lane to the right,Slight Injury,Owner,Unknown,Normal,Not a Pedestrian,Slight Injury
17:40:00,Thursday,Under 18,Male,1-2yr,Lorry (41-100Q),Office areas,Asphalt roads,Dry,Normal,Daylight,Collision with pedestrians,2,2,Other,na,No Casualty,na,Driving carelessly,Slight Injury,Owner,Unknown,Normal,Not a Pedestrian,No Casualty
13:00:00,Friday,18-30,Male,2-5yr,Lorry (41-100Q),Other,Asphalt roads,Dry,Normal,Daylight,Vehicle with vehicle collision,3,1,Other,Male,Under 18,3,Changing lane to the right,Slight Injury,Owner,5-10yrs,Normal,Not a Pedestrian,Slight Injury
13:00:00,Friday,18-30,Male,5-10yr,Pick up upto 10Q,Other,Asphalt roads,Dry,Normal,Daylight,Vehicle with vehicle collision,3,1,Going straight,na,No Casualty,na,Overtaking,Slight Injury,Owner,Unknown,Normal,Not a Pedestrian,No Casualty
13:00:00,Friday,18-30,Male,2-5yr,Pick up upto 10Q,Residential areas,Asphalt roads,Dry,Normal,Daylight,Vehicle with vehicle collision,3,1,Reversing,Male,31-50,3,Other,Slight Injury,Owner,2-5yrs,Normal,Not a Pedestrian,Slight Injury
16:15:00,Friday,18-30,Male,1-2yr,Automobile,Other,Asphalt roads,Dry,Normal,Daylight,Vehicle with vehicle collision,1,1,Going straight,na,No Casualty,na,Driving to the left,Slight Injury,Owner,Unknown,Normal,Not a Pedestrian,No Casualty
11:55:00,Wednesday,18-30,Male,5-10yr,Other,Other,Asphalt roads,Dry,Unknown,Daylight,Vehicle with vehicle collision,2,1,Going straight,Male,Over 51,3,Overspeed,Slight Injury,Owner,5-10yrs,Normal,Not a Pedestrian,Slight Injury
11:55:00,Wednesday,Under 18,Male,Below 1yr,Automobile,Other,Asphalt roads,Dry,Unknown,Daylight,Vehicle with vehicle collision,2,1,Going straight,na,No Casualty,na,Unknown,Slight Injury,Governmental,Unknown,Normal,Not a Pedestrian,No Casualty
10:40:00,Wednesday,18-30,Female,2-5yr,Automobile,Other,Asphalt roads,Dry,Normal,Daylight,Collision with roadside objects,2,1,Going straight,na,No Casualty,na,Changing lane to the right,Slight Injury,Owner,5-10yrs,Normal,Not a Pedestrian,No Casualty
10:40:00,Wednesday,31-50,Male,5-10yr,Motorcycle,Industrial areas,Asphalt roads,Dry,Normal,Daylight,Vehicle with vehicle collision,2,1,Moving Backward,Male,31-50,2,No distancing,Slight Injury,Owner,Unknown,Normal,Not a Pedestrian,Serious Injury
00:15:00,Sunday,18-30,Female,Above 10yr,Automobile,Industrial areas,Asphalt roads,Dry,Normal,Darkness - lights lit,Vehicle with vehicle collision,3,1,Going straight,Male,18-30,3,Other,Slight Injury,Owner,5-10yrs,Normal,Crossing from nearside - masked by parked or statioNot a Pedestrianry vehicle,Slight Injury
00:15:00,Sunday,18-30,Female,2-5yr,Automobile,Church areas,Asphalt roads,Dry,Normal,Darkness - lights lit,Vehicle with vehicle collision,3,1,Going straight,Female,18-30,3,No priority to vehicle,Slight Injury,Owner,Unknown,No Casualty,Crossing from driver's nearside,Slight Injury
00:15:00,Sunday,Over 51,Male,Above 10yr,Public (12 seats),Other,Asphalt roads,Dry,Normal,Darkness - lights lit,Vehicle with vehicle collision,3,1,Going straight,Male,18-30,3,Changing lane to the left,Slight Injury,Owner,Unknown,Normal,Not a Pedestrian,Slight Injury
15:20:00,Friday,18-30,Male,1-2yr,Automobile,Other,Asphalt roads,Dry,Normal,Daylight,Vehicle with vehicle collision,3,4,Going straight,na,No Casualty,na,No priority to pedestrian,Slight Injury,Owner,Above 10yr,Normal,Not a Pedestrian,No Casualty
15:20:00,Friday,18-30,Male,5-10yr,Public (> 45 seats),Office areas,Asphalt roads,Dry,Normal,Daylight,Vehicle with vehicle collision,3,4,Going straight,Male,18-30,3,Overtaking,Slight Injury,Owner,Unknown,No Casualty,Not a Pedestrian,Slight Injury
15:20:00,Friday,18-30,Male,2-5yr,Lorry (41-100Q),Office areas,Asphalt roads,Dry,Normal,Daylight,Vehicle with vehicle collision,3,4,Moving Backward,na,No Casualty,na,Driving carelessly,Slight Injury,Owner,Unknown,No Casualty,Not a Pedestrian,No Casualty
15:20:00,Friday,18-30,Male,2-5yr,Public (> 45 seats),Residential areas,Asphalt roads,Dry,Normal,Daylight,Vehicle with vehicle collision,3,4,Going straight,Male,31-50,3,No priority to vehicle,Slight Injury,Governmental,Below 1yr,No Casualty,Not a Pedestrian,Slight Injury
15:20:00,Friday,18-30,Male,2-5yr,Automobile,Industrial areas,Asphalt roads,Dry,Normal,Daylight,Rollover,3,4,Going straight,Male,Over 51,3,No priority to pedestrian,Slight Injury,Owner,Unknown,Normal,Crossing from driver's nearside,Slight Injury
18:26:00,Thursday,18-30,Male,2-5yr,Automobile,Office areas,Asphalt roads,Dry,Normal,Daylight,Vehicle with vehicle collision,2,1,Moving Backward,Male,31-50,3,Changing lane to the right,Slight Injury,Owner,Unknown,No Casualty,Not a Pedestrian,Slight Injury
18:26:00,Thursday,Under 18,Male,Above 10yr,Automobile,Other,Asphalt roads,Dry,Normal,Daylight,Vehicle with vehicle collision,2,1,Moving Backward,Male,18-30,3,Driving carelessly,Slight Injury,Owner,Unknown,No Casualty,Not a Pedestrian,Slight Injury
11:20:00,Thursday,Over 51,Male,Above 10yr,Automobile,Other,Asphalt roads,Dry,Normal,Daylight,Vehicle with vehicle collision,1,1,Going straight,Male,Under 18,3,Changing lane to the right,Slight Injury,Owner,Unknown,Normal,Not a Pedestrian,Slight Injury
18:39:00,Monday,Under 18,Male,5-10yr,Lorry (41-100Q),Residential areas,Asphalt roads,Dry,Normal,Daylight,Collision with roadside objects,2,1,Turnover,na,No Casualty,na,Changing lane to the right,Slight Injury,Owner,Unknown,Normal,Not a Pedestrian,No Casualty