Time,Day_of_week,Age_band_of_driver,Sex_of_driver,Driving_experience,Type_of_vehicle,Area_accident_occured,Road_surface_type,Road_surface_conditions,Weather_conditions,Light_conditions,Type_of_collision,Number_of_vehicles_involved,Number_of_casualties,Vehicle_movement,Sex_of_casualty,Age_band_of_casualty,Casualty_severity,Cause_of_accident,Accident_severity,Owner_of_vehicle,Service_year_of_vehicle,Fitness_of_casuality,Pedestrian_movement,Casualty_severity_label
18:39:00,Monday,18-30,Male,5-10yr,Automobile,Office areas,Asphalt roads,Dry,Normal,Daylight,Vehicle with vehicle collision,2,1,Turnover,Female,18-30,3,Changing lane to the left,Slight Injury,Owner,Unknown,Normal,Not a Pedestrian,Slight Injury
19:30:00,Thursday,18-30,Male,2-5yr,Public (13-45 seats),Residential areas,Asphalt roads,Dry,Normal,Daylight,Vehicle with vehicle collision,2,1,Going straight,na,No Casualty,na,Overturning,Slight Injury,Organization,Unknown,Normal,Not a Pedestrian,No Casualty
19:30:00,Thursday,Over 51,Unknown,5-10yr,Automobile,Office areas,Asphalt roads,Dry,Normal,Daylight,Vehicle with vehicle collision,2,1,Going straight,Female,18-30,3,Driving carelessly,Slight Injury,Owner,Unknown,No Casualty,Not a Pedestrian,Slight Injury
14:55:00,Friday,18-30,Male,5-10yr,Public (> 45 seats),Residential areas,Asphalt roads,Dry,Normal,Daylight,Collision with roadside objects,2,2,Going straight,Female,18-30,3,No distancing,Slight Injury,Owner,Above 10yr,Normal,Not a Pedestrian,Slight Injury
14:55:00,Friday,18-30,Male,Above 10yr,Lorry (41-100Q),Office areas,Asphalt roads,Dry,Normal,Daylight,Vehicle with vehicle collision,2,2,Going straight,Male,Over 51,3,Driving carelessly,Slight Injury,Owner,5-10yrs,No Casualty,Not a Pedestrian,Slight Injury
14:45:00,Sunday,Over 51,Male,5-10yr,Automobile,Recreational areas,Asphalt roads,Dry,Normal,Daylight,Vehicle with vehicle collision,2,1,Going straight,Male,18-30,3,Changing lane to the left,Serious Injury,Owner,Unknown,No Casualty,Not a Pedestrian,Slight Injury
14:45:00,Sunday,18-30,Male,Above 10yr,Lorry (11-40Q),Office areas,Asphalt roads,Dry,Normal,Daylight,Vehicle with vehicle collision,2,1,Going straight,Female,18-30,3,No priority to vehicle,Serious Injury,Governmental,Unknown,No Casualty,Not a Pedestrian,Slight Injury
08:40:00,Tuesday,18-30,Male,Below 1yr,Public (13-45 seats),Industrial areas,Asphalt roads,Wet or damp,Rain,Daylight,Vehicle with vehicle collision,1,1,Getting off,Male,18-30,3,Changing lane to the right,Slight Injury,Owner,5-10yrs,No Casualty,Not a Pedestrian,Slight Injury
15:05:00,Wednesday,18-30,Male,5-10yr,Public (13-45 seats),Other,Asphalt roads,Wet or damp,Rain,Daylight,Collision with roadside objects,2,1,Moving Backward,na,No Casualty,na,No distancing,Slight Injury,Owner,Unknown,No Casualty,Not a Pedestrian,No Casualty
15:05:00,Wednesday,31-50,Male,1-2yr,Automobile,Residential areas,Asphalt roads,Wet or damp,Rain,Daylight,Vehicle with vehicle collision,2,1,Other,na,No Casualty,na,Moving Backward,Slight Injury,Owner,Unknown,Normal,Not a Pedestrian,No Casualty
12:08:00,Friday,18-30,Male,5-10yr,Long lorry,Residential areas,Asphalt roads,Dry,Normal,Daylight,Vehicle with vehicle collision,2,2,Going straight,Male,18-30,3,Moving Backward,Slight Injury,Governmental,Above 10yr,Normal,Not a Pedestrian,Slight Injury
12:08:00,Friday,18-30,Male,5-10yr,Lorry (41-100Q),Industrial areas,Asphalt roads,Dry,Normal,Daylight,Vehicle with vehicle collision,2,2,Going straight,Male,18-30,3,No distancing,Slight Injury,Owner,1-2yr,Normal,Not a Pedestrian,Slight Injury
12:08:00,Friday,31-50,Male,2-5yr,Lorry (11-40Q),Residential areas,Asphalt roads,Dry,Normal,Daylight,Vehicle with vehicle collision,2,2,Going straight,na,No Casualty,na,No distancing,Slight Injury,Owner,2-5yrs,Normal,Not a Pedestrian,No Casualty
23:21:00,Thursday,Under 18,Male,5-10yr,Lorry (41-100Q),Residential areas,Asphalt roads,Dry,Normal,Darkness - lights lit,Vehicle with vehicle collision,1,2,Going straight,Male,18-30,3,No distancing,Slight Injury,Owner,Unknown,Normal,Not a Pedestrian,Slight Injury
23:21:00,Thursday,Under 18,Male,5-10yr,Public (12 seats),Office areas,Asphalt roads,Dry,Normal,Darkness - lights lit,Collision with pedestrians,1,2,Going straight,na,No Casualty,na,No priority to pedestrian,Slight Injury,Owner,Unknown,Normal,Not a Pedestrian,No Casualty
08:40:00,Thursday,18-30,Female,Above 10yr,Automobile,Office areas,Asphalt roads,Dry,Normal,Daylight,Vehicle with vehicle collision,3,2,Going straight,na,No Casualty,na,Driving carelessly,Slight Injury,Owner,2-5yrs,No Casualty,Not a Pedestrian,No Casualty
08:40:00,Thursday,18-30,Male,Above 10yr,Taxi,Office areas,Asphalt roads,Dry,Normal,Daylight,Vehicle with vehicle collision,3,2,Going straight,Male,Under 18,3,Changing lane to the right,Slight Injury,Owner,Above 10yr,Normal,Not a Pedestrian,Slight Injury
08:40:00,Thursday,18-30,Male,Below 1yr,Automobile,Office areas,Asphalt roads,Dry,Normal,Daylight,Collision with roadside objects,3,2,Going straight,Male,18-30,3,Changing lane to the left,Slight Injury,Owner,1-2yr,No Casualty,Not a Pedestrian,Slight Injury
08:40:00,Thursday,31-50,Male,5-10yr,Automobile,Office areas,Asphalt roads,Dry,Normal,Daylight,Vehicle with vehicle collision,3,2,Going straight,na,No Casualty,na,Driving carelessly,Slight Injury,Owner,Unknown,Normal,Not a Pedestrian,No Casualty
17:40:00,Monday,31-50,Male,5-10yr,Automobile,Office areas,Asphalt roads,Dry,Unknown,Daylight,Vehicle with vehicle collision,2,1,Going straight,Male,18-30,3,Driving carelessly,Slight Injury,Owner,Unknown,Normal,Unknown or other,Slight Injury
17:40:00,Monday,Under 18,Male,2-5yr,Lorry (41-100Q),Office areas,Asphalt roads,Dry,Unknown,Daylight,Collision with pedestrians,2,1,Going straight,na,No Casualty,na,No distancing,Slight Injury,Owner,Unknown,Normal,Not a Pedestrian,No Casualty
10:56:00,Friday,18-30,Male,Above 10yr,Automobile,Residential areas,Asphalt roads,Wet or damp,Normal,Daylight,Vehicle with vehicle collision,1,2,Going straight,Male,Over 51,3,Other,Slight Injury,Owner,Above 10yr,No Casualty,Not a Pedestrian,Slight Injury
10:56:00,Friday,18-30,Male,2-5yr,Automobile,Residential areas,Asphalt roads,Wet or damp,Normal,Daylight,Vehicle with vehicle collision,1,2,Moving Backward,Male,31-50,3,Changing lane to the right,Slight Injury,Owner,5-10yrs,No Casualty,Not a Pedestrian,Slight Injury
13:00:00,Tuesday,18-30,Male,Above 10yr,Lorry (41-100Q),Other,Asphalt roads,Dry,Normal,Daylight,Collision with pedestrians,2,1,Going straight,na,No Casualty,na,Changing lane to the right,Slight Injury,Owner,Unknown,Normal,Not a Pedestrian,No Casualty
13:00:00,Tuesday,18-30,Male,Below 1yr,Automobile,Church areas,Asphalt roads,Dry,Normal,Daylight,Collision with pedestrians,2,1,Moving Backward,Female,Under 18,3,No distancing,Slight Injury,Owner,5-10yrs,Normal,Not a Pedestrian,Slight Injury
09:30:00,Friday,18-30,Male,2-5yr,Automobile,Recreational areas,Asphalt roads,Dry,Normal,Daylight,Collision with pedestrians,1,1,Moving Backward,Male,Over 51,3,No distancing,Slight Injury,Owner,Unknown,Normal,Not a Pedestrian,Slight Injury
15:00:00,Wednesday,18-30,Male,5-10yr,Automobile,Industrial areas,Asphalt roads,Dry,Normal,Daylight,Collision with roadside objects,2,1,Going straight,Male,Under 18,3,Overturning,Slight Injury,Owner,Unknown,Normal,Not a Pedestrian,Slight Injury
15:00:00,Wednesday,18-30,Male,5-10yr,Taxi,Residential areas,Asphalt roads,Dry,Normal,Daylight,Vehicle with vehicle collision,2,1,Going straight,na,No Casualty,na,Overspeed,Slight Injury,Owner,Unknown,Normal,Not a Pedestrian,No Casualty
17:10:00,Thursday,31-50,Male,1-2yr,Automobile,Residential areas,Asphalt roads,Dry,Normal,Daylight,Vehicle with vehicle collision,2,1,Going straight,Male,Under 18,3,No priority to vehicle,Serious Injury,Owner,Above 10yr,Normal,Not a Pedestrian,Slight Injury
17:10:00,Thursday,18-30,Male,5-10yr,Automobile,Office areas,Asphalt roads,Dry,Normal,Daylight,Vehicle with vehicle collision,2,1,Going straight,Female,18-30,3,No priority to pedestrian,Serious Injury,Owner,2-5yrs,Normal,Not a Pedestrian,Slight Injury
15:04:00,Friday,18-30,Male,1-2yr,Automobile,Market areas,Asphalt roads,Wet or damp,Normal,Daylight,Vehicle with vehicle collision,2,4,Going straight,Male,Under 18,3,No priority to vehicle,Slight Injury,Owner,2-5yrs,No Casualty,Not a Pedestrian,Slight Injury
15:04:00,Friday,31-50,Male,5-10yr,Pick up upto 10Q,Unknown,Asphalt roads,Wet or damp,Normal,Daylight,Vehicle with vehicle collision,2,4,Going straight,na,No Casualty,na,Other,Slight Injury,Owner,Unknown,No Casualty,Not a Pedestrian,No Casualty
15:04:00,Friday,31-50,Male,1-2yr,Automobile,Industrial areas,Asphalt roads,Wet or damp,Normal,Daylight,Vehicle with vehicle collision,2,4,Going straight,Male,Over 51,3,Other,Slight Injury,Owner,Unknown,No Casualty,Not a Pedestrian,Slight Injury
15:04:00,Friday,31-50,Male,5-10yr,Automobile,Residential areas,Asphalt roads with some distress,Wet or damp,Normal,Daylight,Collision with pedestrians,2,4,Other,na,No Casualty,na,Moving Backward,Slight Injury,Owner,Unknown,Normal,Not a Pedestrian,No Casualty
15:15:00,Tuesday,Under 18,Male,2-5yr,Public (12 seats),Residential areas,Asphalt roads,Dry,Normal,Daylight,Collision with roadside objects,1,1,Going straight,Male,Under 18,3,No distancing,Serious Injury,Governmental,Below 1yr,Normal,Not a Pedestrian,Slight Injury
11:27:00,Sunday,18-30,Male,2-5yr,Public (13-45 seats),Other,Asphalt roads,Dry,Normal,Daylight,Vehicle with vehicle collision,2,1,Going straight,na,No Casualty,na,Moving Backward,Slight Injury,Owner,5-10yrs,Normal,Not a Pedestrian,No Casualty
11:27:00,Sunday,Over 51,Male,5-10yr,Lorry (11-40Q),Residential areas,Asphalt roads,Dry,Normal,Daylight,Vehicle with vehicle collision,2,1,Overtaking,na,No Casualty,na,No priority to vehicle,Slight Injury,Governmental,Unknown,Normal,Not a Pedestrian,No Casualty
10:15:00,Monday,31-50,Male,Below 1yr,Stationwagen,Rural village areas,Asphalt roads,Dry,Normal,Daylight,Vehicle with vehicle collision,2,1,Reversing,na,No Casualty,na,Driving carelessly,Slight Injury,Owner,1-2yr,No Casualty,Not a Pedestrian,No Casualty
10:15:00,Monday,Over 51,Male,Below 1yr,Ridden horse,Rural village areas,Gravel roads,Dry,Normal,Daylight,Vehicle with vehicle collision,2,1,Going straight,Female,18-30,3,No distancing,Slight Injury,Owner,2-5yrs,Normal,Not a Pedestrian,Slight Injury
22:30:00,Friday,Under 18,Male,5-10yr,Stationwagen,Office areas,Asphalt roads,Wet or damp,Rain,Darkness - lights lit,With Train,2,1,Other,Female,31-50,3,Other,Slight Injury,Owner,Unknown,Normal,Not a Pedestrian,Slight Injury
22:30:00,Friday,18-30,Male,Below 1yr,Automobile,Residential areas,Asphalt roads,Wet or damp,Rain,Darkness - lights lit,Vehicle with vehicle collision,2,1,Moving Backward,Male,31-50,3,Changing lane to the right,Slight Injury,Owner,2-5yrs,Normal,Not a Pedestrian,Slight Injury
14:25:00,Friday,31-50,Male,2-5yr,Automobile,Residential areas,Asphalt roads,Dry,Normal,Daylight,Vehicle with vehicle collision,2,1,Going straight,Female,31-50,3,No distancing,Slight Injury,Owner,Unknown,Normal,Not a Pedestrian,Slight Injury
14:25:00,Friday,18-30,Female,2-5yr,Other,Outside rural areas,Asphalt roads,Dry,Normal,Daylight,Vehicle with vehicle collision,2,1,Other,Female,18-30,3,Driving carelessly,Slight Injury,Owner,Unknown,Normal,Not a Pedestrian,Slight Injury
22:15:00,Friday,18-30,Male,5-10yr,Taxi,Residential areas,Asphalt roads,Dry,Normal,Darkness - lights lit,Vehicle with vehicle collision,2,2,Moving Backward,Male,31-50,3,No distancing,Slight Injury,Owner,Above 10yr,Normal,Not a Pedestrian,Slight Injury
22:15:00,Friday,31-50,Male,5-10yr,Automobile,Church areas,Asphalt roads,Dry,Normal,Darkness - lights lit,Vehicle with vehicle collision,2,2,Going straight,na,No Casualty,na,No priority to vehicle,Slight Injury,Owner,5-10yrs,Normal,Not a Pedestrian,No Casualty
22:15:00,Friday,31-50,Male,5-10yr,Stationwagen,Office areas,Asphalt roads,Dry,Normal,Darkness - lights lit,Vehicle with vehicle collision,2,2,Going straight,na,No Casualty,na,Changing lane to the right,Slight Injury,Owner,Unknown,Normal,Not a Pedestrian,No Casualty
14:30:00,Tuesday,Over 51,Male,5-10yr,Automobile,Office areas,Asphalt roads,Dry,Normal,Daylight,Vehicle with vehicle collision,1,1,Moving Backward,na,No Casualty,na,No priority to pedestrian,Slight Injury,Owner,Unknown,Normal,Not a Pedestrian,No Casualty
14:28:00,Friday,31-50,Male,5-10yr,Public (12 seats),Office areas,Asphalt roads,Wet or damp,Rain,Daylight,Vehicle with vehicle collision,2,1,Going straight,Male,Over 51,3,No priority to vehicle,Slight Injury,Governmental,Unknown,Normal,Not a Pedestrian,Slight Injury
14:28:00,Friday,31-50,Male,2-5yr,Automobile,Other,Asphalt roads,Wet or damp,Rain,Daylight,Vehicle with vehicle collision,2,1,Getting off,Female,31-50,3,Changing lane to the left,Slight Injury,Owner,2-5yrs,Normal,Not a Pedestrian,Slight Injury
22:05:00,Friday,18-30,Male,5-10yr,Automobile,Other,Asphalt roads,Dry,Normal,Darkness - no lighting,Collision with pedestrians,2,3,Going straight,na,No Casualty,na,Turnover,Slight Injury,Owner,2-5yrs,No Casualty,Not a Pedestrian,No Casualty
22:05:00,Friday,18-30,Male,Below 1yr,Lorry (41-100Q),Residential areas,Asphalt roads,Dry,Normal,Darkness - no lighting,Collision with roadside objects,2,3,Going straight,Male,18-30,3,Driving to the left,Slight Injury,Owner,Unknown,Normal,Not a Pedestrian,Slight Injury
22:05:00,Friday,31-50,Male,1-2yr,Automobile,Other,Asphalt roads,Dry,Normal,Darkness - no lighting,Collision with roadside objects,2,3,Moving Backward,na,No Casualty,na,Driving carelessly,Slight Injury,Owner,Unknown,Normal,Not a Pedestrian,No Casualty
08:45:00,Monday,18-30,Male,2-5yr,Public (> 45 seats),Other,Asphalt roads,Dry,Normal,Daylight,Vehicle with vehicle collision,2,1,Going straight,Male,Under 18,3,Driving to the left,Slight Injury,Owner,Below 1yr,Normal,Not a Pedestrian,Slight Injury
08:45:00,Monday,31-50,Male,2-5yr,Automobile,Other,Asphalt roads,Dry,Normal,Daylight,Vehicle with vehicle collision,2,1,Going straight,Male,Over 51,2,Driving carelessly,Slight Injury,Owner,5-10yrs,Normal,Not a Pedestrian,Serious Injury
09:00:00,Friday,18-30,Female,5-10yr,Public (12 seats),Other,Asphalt roads,Dry,Normal,Daylight,Vehicle with vehicle collision,1,1,Going straight,Male,Under 18,3,No priority to pedestrian,Slight Injury,Governmental,5-10yrs,Normal,Crossing from nearside - masked by parked or statioNot a Pedestrianry vehicle,Slight Injury
10:30:00,Friday,18-30,Unknown,5-10yr,Public (12 seats),Other,Asphalt roads,Wet or damp,Rain,Daylight,Vehicle with vehicle collision,2,1,Going straight,na,No Casualty,na,Driving carelessly,Slight Injury,Owner,2-5yrs,Normal,Not a Pedestrian,No Casualty
10:30:00,Friday,31-50,Male,5-10yr,Automobile,Other,Asphalt roads,Wet or damp,Rain,Daylight,Vehicle with vehicle collision,2,1,Going straight,Male,31-50,3,Changing lane to the right,Slight Injury,Owner,Unknown,No Casualty,Not a Pedestrian,Slight Injury
18:30:00,Friday,18-30,Male,Above 10yr,Automobile,Church areas,Asphalt roads,Dry,Normal,Daylight,Collision with roadside objects,2,1,Moving Backward,na,No Casualty,na,Moving Backward,Slight Injury,Owner,2-5yrs,Normal,Not a Pedestrian,No Casualty
18:30:00,Friday,31-50,Male,Above 10yr,Automobile,Other,Asphalt roads,Dry,Normal,Daylight,Vehicle with vehicle collision,2,1,Going straight,Male,Over 51,3,Driving carelessly,Slight Injury,Owner,5-10yrs,No Casualty,Not a Pedestrian,Slight Injury
17:11:00,Wednesday,31-50,Male,Above 10yr,Lorry (41-100Q),Industrial areas,Earth roads,Dry,Normal,Daylight,Vehicle with vehicle collision,1,1,Going straight,Male,18-30,3,Changing lane to the right,Slight Injury,Organization,2-5yrs,No Casualty,Not a Pedestrian,Slight Injury
13:02:00,Tuesday,18-30,Male,5-10yr,Public (12 seats),Residential areas,Asphalt roads,Dry,Normal,Daylight,Vehicle with vehicle collision,2,3,Moving Backward,na,No Casualty,na,Driving carelessly,Slight Injury,Owner,Unknown,No Casualty,Not a Pedestrian,No Casualty
13:02:00,Tuesday,18-30,Male,5-10yr,Lorry (11-40Q),Other,Asphalt roads,Dry,Normal,Daylight,Vehicle with vehicle collision,2,3,Moving Backward,Male,18-30,3,Driving carelessly,Slight Injury,Governmental,Above 10yr,Normal,Not a Pedestrian,Slight Injury
13:02:00,Tuesday,18-30,Male,2-5yr,Automobile,Office areas,Asphalt roads,Dry,Normal,Daylight,Vehicle with vehicle collision,2,3,Going straight,na,No Casualty,na,Driving carelessly,Slight Injury,Owner,Unknown,Normal,Not a Pedestrian,No Casualty
13:02:00,Tuesday,18-30,Male,5-10yr,Automobile,Industrial areas,Asphalt roads,Dry,Normal,Daylight,Vehicle with vehicle collision,2,3,Going straight,Male,18-30,3,Changing lane to the right,Slight Injury,Owner,Unknown,Normal,Not a Pedestrian,Slight Injury
17:10:00,Wednesday,Over 51,Male,2-5yr,Automobile,Industrial areas,Asphalt roads,Dry,Unknown,Daylight,Collision with pedestrians,2,1,Going straight,Male,Over 51,3,Changing lane to the right,Slight Injury,Owner,1-2yr,Normal,Not a Pedestrian,Slight Injury
17:10:00,Wednesday,Under 18,Male,5-10yr,Bajaj,Other,Asphalt roads,Dry,Unknown,Daylight,Collision with pedestrians,2,1,Going straight,Female,31-50,3,Driving carelessly,Slight Injury,Owner,Unknown,Normal,Not a Pedestrian,Slight Injury
15:20:00,Wednesday,31-50,Male,Above 10yr,Public (12 seats),Hospital areas,Asphalt roads,Dry,Normal,Daylight,Collision with roadside objects,1,1,Going straight,na,No Casualty,na,Overtaking,Slight Injury,Organization,Above 10yr,Normal,Not a Pedestrian,No Casualty
20:25:00,Friday,18-30,Male,2-5yr,Lorry (11-40Q),Office areas,Asphalt roads,Dry,Normal,Daylight,Collision with pedestrians,2,2,Going straight,Male,Over 51,3,Changing lane to the right,Slight Injury,Owner,Unknown,Normal,Not a Pedestrian,Slight Injury
20:25:00,Friday,18-30,Male,2-5yr,Automobile,Church areas,Asphalt roads,Dry,Normal,Daylight,Vehicle with vehicle collision,2,2,Going straight,na,No Casualty,na,No distancing,Slight Injury,Owner,2-5yrs,Normal,Not a Pedestrian,No Casualty
20:25:00,Friday,18-30,Male,Above 10yr,Automobile,Hospital areas,Asphalt roads with some distress,Dry,Normal,Daylight,Vehicle with vehicle collision,2,2,Going straight,na,No Casualty,na,Other,Slight Injury,Organization,5-10yrs,Normal,Not a Pedestrian,No Casualty
07:49:00,Thursday,31-50,Male,1-2yr,Automobile,Office areas,Asphalt roads,Dry,Normal,Daylight,Vehicle with vehicle collision,2,3,Going straight,Male,18-30,3,Changing lane to the right,Serious Injury,Owner,Above 10yr,No Casualty,Not a Pedestrian,Slight Injury
07:49:00,Thursday,18-30,Male,Above 10yr,Lorry (11-40Q),Other,Asphalt roads,Dry,Normal,Daylight,Collision with roadside objects,2,3,Going straight,Male,18-30,3,Changing lane to the right,Serious Injury,Owner,2-5yrs,Normal,Not a Pedestrian,Slight Injury
07:49:00,Thursday,18-30,Male,5-10yr,Lorry (41-100Q),Office areas,Asphalt roads,Dry,Normal,Daylight,Collision with roadside objects,2,3,Other,na,No Casualty,na,Overtaking,Serious Injury,Owner,1-2yr,Normal,Not a Pedestrian,No Casualty
07:49:00,Thursday,18-30,Male,5-10yr,Pick up upto 10Q,Office areas,Asphalt roads,Dry,Normal,Daylight,Vehicle with vehicle collision,2,3,Going straight,Female,31-50,3,Other,Serious Injury,Owner,2-5yrs,Normal,Not a Pedestrian,Slight Injury
14:00:00,Monday,31-50,Male,5-10yr,Lorry (11-40Q),Other,Asphalt roads,Dry,Normal,Daylight,Vehicle with vehicle collision,2,1,Reversing,Male,Under 18,3,Driving to the left,Slight Injury,Owner,Unknown,Normal,Not a Pedestrian,Slight Injury
14:00:00,Monday,18-30,Male,5-10yr,Stationwagen,Office areas,Asphalt roads,Dry,Normal,Daylight,Vehicle with vehicle collision,2,1,Going straight,na,No Casualty,na,Overtaking,Slight Injury,Owner,1-2yr,No Casualty,Not a Pedestrian,No Casualty
08:20:00,Sunday,18-30,Male,Above 10yr,Other,Residential areas,Asphalt roads,Dry,Unknown,Daylight,Vehicle with vehicle collision,1,1,Reversing,Male,Over 51,3,No priority to vehicle,Slight Injury,Owner,Unknown,Normal,Not a Pedestrian,Slight Injury
15:55:00,Monday,Over 51,Male,1-2yr,Other,Other,Asphalt roads,Dry,Normal,Daylight,Vehicle with vehicle collision,2,1,Going straight,na,No Casualty,na,Moving Backward,Slight Injury,Owner,Unknown,Normal,Not a Pedestrian,No Casualty
15:55:00,Monday,31-50,Male,2-5yr,Lorry (11-40Q),Office areas,Asphalt roads,Dry,Normal,Daylight,Vehicle with vehicle collision,2,1,Reversing,na,No Casualty,na,Other,Slight Injury,Owner,2-5yrs,Normal,Not a Pedestrian,No Casualty
13:15:00,Friday,Over 51,Male,Below 1yr,Automobile,Office areas,Asphalt roads,Dry,Normal,Daylight,Vehicle with vehicle collision,2,2,Going straight,Male,31-50,2,No priority to vehicle,Serious Injury,Owner,5-10yrs,Normal,Not a Pedestrian,Serious Injury
13:15:00,Friday,Over 51,Male,Above 10yr,Public (> 45 seats),Office areas,Asphalt roads,Dry,Normal,Daylight,Vehicle with vehicle collision,2,2,Going straight,Male,18-30,3,No priority to pedestrian,Serious Injury,Owner,Unknown,Normal,Not a Pedestrian,Slight Injury
13:15:00,Friday,Over 51,Male,1-2yr,Lorry (41-100Q),Other,Asphalt roads,Dry,Normal,Daylight,Vehicle with vehicle collision,2,2,Reversing,na,No Casualty,na,Changing lane to the right,Serious Injury,Owner,5-10yrs,No Casualty,Not a Pedestrian,No Casualty
12:30:00,Friday,18-30,Male,5-10yr,Public (> 45 seats),Church areas,Asphalt roads,Dry,Normal,Daylight,Collision with roadside objects,1,1,Other,na,No Casualty,na,Changing lane to the right,Slight Injury,Owner,Unknown,Normal,Not a Pedestrian,No Casualty
14:10:00,Wednesday,18-30,Male,5-10yr,Automobile,Industrial areas,Asphalt roads,Dry,Normal,Daylight,Collision with roadside objects,2,1,Going straight,Female,Under 18,3,Changing lane to the right,Slight Injury,Owner,Unknown,Normal,Not a Pedestrian,Slight Injury
14:10:00,Wednesday,Over 51,Male,Below 1yr,Automobile,Office areas,Asphalt roads,Dry,Normal,Daylight,Collision with pedestrians,2,1,Going straight,Male,18-30,3,Driving to the left,Slight Injury,Owner,1-2yr,Normal,Not a Pedestrian,Slight Injury
10:34:00,Monday,31-50,Male,5-10yr,Automobile,Church areas,Asphalt roads,Dry,Normal,Daylight,Vehicle with vehicle collision,1,1,Going straight,na,No Casualty,na,Changing lane to the left,Slight Injury,Owner,Unknown,Normal,Not a Pedestrian,No Casualty
12:45:00,Wednesday,Under 18,Male,Above 10yr,Automobile,Office areas,Asphalt roads,Dry,Normal,Daylight,Vehicle with vehicle collision,1,1,Moving Backward,Female,18-30,3,Moving Backward,Slight Injury,Owner,Unknown,Normal,Not a Pedestrian,Slight Injury
08:20:00,Sunday,18-30,Male,5-10yr,Lorry (41-100Q),Office areas,Asphalt roads,Wet or damp,Rain,Daylight,Vehicle with vehicle collision,1,1,Going straight,na,No Casualty,na,Overspeed,Serious Injury,Owner,Unknown,Normal,Not a Pedestrian,No Casualty
17:44:00,Friday,18-30,Male,1-2yr,Automobile,Residential areas,Asphalt roads,Dry,Normal,Daylight,Vehicle with vehicle collision,2,1,Going straight,na,No Casualty,na,Moving Backward,Slight Injury,Owner,Unknown,No Casualty,Not a Pedestrian,No Casualty
17:44:00,Friday,31-50,Male,2-5yr,Public (13-45 seats),Office areas,Asphalt roads,Dry,Normal,Daylight,Vehicle with vehicle collision,2,1,Going straight,Male,31-50,3,No distancing,Slight Injury,Owner,5-10yrs,Normal,Not a Pedestrian,Slight Injury
12:00:00,Friday,18-30,Male,5-10yr,Automobile,Residential areas,Asphalt roads,Dry,Normal,Daylight,Vehicle with vehicle collision,2,2,Going straight,Male,Over 51,3,Other,Slight Injury,Owner,5-10yrs,Normal,Not a Pedestrian,Slight Injury
12:00:00,Friday,Over 51,Male,Above 10yr,Public (> 45 seats),Office areas,Asphalt roads,Dry,Normal,Daylight,Vehicle with vehicle collision,2,2,Other,na,No Casualty,na,No priority to vehicle,Slight Injury,Owner,2-5yrs,No Casualty,Not a Pedestrian,No Casualty
12:00:00,Friday,Over 51,Male,2-5yr,Lorry (41-100Q),Office areas,Asphalt roads,Dry,Normal,Daylight,Vehicle with vehicle collision,2,2,Going straight,na,No Casualty,na,Changing lane to the right,Slight Injury,Owner,2-5yrs,No Casualty,Not a Pedestrian,No Casualty
14:51:00,Friday,Over 51,Male,5-10yr,Automobile,Other,Asphalt roads,Dry,Normal,Daylight,Vehicle with vehicle collision,2,2,Going straight,Female,Under 18,3,Other,Slight Injury,Owner,Unknown,Normal,Not a Pedestrian,Slight Injury
14:51:00,Friday,Under 18,Male,2-5yr,Lorry (11-40Q),Other,Asphalt roads,Dry,Normal,Daylight,Collision with pedestrians,2,2,Turnover,Male,31-50,3,No distancing,Slight Injury,Owner,Unknown,Normal,Not a Pedestrian,Slight Injury
13:30:00,Friday,18-30,Male,1-2yr,Public (13-45 seats),Residential areas,Asphalt roads,Dry,Normal,Daylight,Collision with pedestrians,2,1,Going straight,na,No Casualty,na,Driving carelessly,Slight Injury,Owner,Above 10yr,Normal,Not a Pedestrian,No Casualty
13:30:00,Friday,18-30,Male,5-10yr,Public (13-45 seats),Church areas,Asphalt roads,Dry,Normal,Daylight,Vehicle with vehicle collision,2,1,Moving Backward,Male,31-50,3,No distancing,Slight Injury,Owner,Unknown,Normal,Not a Pedestrian,Slight Injury
19:57:00,Friday,Over 51,Male,2-5yr,Automobile,Church areas,Asphalt roads,Dry,Normal,Darkness - lights lit,Vehicle with vehicle collision,1,1,Moving Backward,Male,31-50,3,Moving Backward,Slight Injury,Governmental,Unknown,Normal,Not a Pedestrian,Slight Injury
19:02:00,Tuesday,18-30,Male,5-10yr,Long lorry,Residential areas,Asphalt roads,Dry,Normal,Daylight,Vehicle with vehicle collision,2,2,Going straight,Male,Under 18,3,No distancing,Serious Injury,Owner,2-5yrs,Normal,Unknown or other,Slight Injury
19:02:00,Tuesday,18-30,Male,5-10yr,Lorry (41-100Q),Office areas,Asphalt roads,Dry,Normal,Daylight,Vehicle with vehicle collision,2,2,Other,Male,18-30,3,Moving Backward,Serious Injury,Owner,Unknown,Normal,Unknown or other,Slight Injury
21:06:00,Friday,31-50,Male,2-5yr,Lorry (11-40Q),Office areas,Asphalt roads,Dry,Normal,Darkness - lights lit,Vehicle with vehicle collision,2,1,Going straight,na,No Casualty,na,No priority to pedestrian,Slight Injury,Owner,5-10yrs,Normal,Not a Pedestrian,No Casualty
21:06:00,Friday,18-30,Male,2-5yr,Lorry (41-100Q),Residential areas,Asphalt roads,Dry,Normal,Darkness - lights lit,Vehicle with vehicle collision,2,1,Going straight,Male,31-50,3,Changing lane to the left,Slight Injury,Owner,2-5yrs,No Casualty,Not a Pedestrian,Slight Injury
06:02:00,Sunday,18-30,Male,2-5yr,Public (12 seats),Church areas,Asphalt roads,Wet or damp,Rain,Daylight,Vehicle with vehicle collision,1,1,Going straight,Male,18-30,3,No distancing,Slight Injury,Owner,5-10yrs,No Casualty,Not a Pedestrian,Slight Injury