Time,Day_of_week,Age_band_of_driver,Sex_of_driver,Driving_experience,Type_of_vehicle,Area_accident_occured,Road_surface_type,Road_surface_conditions,Weather_conditions,Light_conditions,Type_of_collision,Number_of_vehicles_involved,Number_of_casualties,Vehicle_movement,Sex_of_casualty,Age_band_of_casualty,Casualty_severity,Cause_of_accident,Accident_severity,Owner_of_vehicle,Service_year_of_vehicle,Fitness_of_casuality,Pedestrian_movement,Casualty_severity_label
00:06:00,Friday,18-30,Male,Above 10yr,Other,Other,Asphalt roads,Dry,Normal,Darkness - lights lit,Vehicle with vehicle collision,1,1,Going straight,Male,18-30,3,No priority to pedestrian,Slight Injury,Owner,2-5yrs,Normal,Not a Pedestrian,Slight Injury
01:08:00,Sunday,Under 18,Male,2-5yr,Lorry (41-100Q),Residential areas,Asphalt roads,Wet or damp,Normal,Darkness - lights lit,Vehicle with vehicle collision,1,1,Going straight,na,No Casualty,na,No priority to vehicle,Slight Injury,Owner,Unknown,Normal,Not a Pedestrian,No Casualty
14:17:00,Friday,18-30,Female,2-5yr,Pick up upto 10Q,Other,Asphalt roads,Dry,Normal,Daylight,Vehicle with vehicle collision,3,1,Other,na,No Casualty,na,Changing lane to the left,Slight Injury,Owner,5-10yrs,No Casualty,Not a Pedestrian,No Casualty
14:17:00,Friday,31-50,Male,2-5yr,Other,Other,Asphalt roads,Dry,Normal,Daylight,Vehicle with vehicle collision,3,1,Other,Male,Under 18,3,Changing lane to the left,Slight Injury,Owner,Unknown,Normal,Not a Pedestrian,Slight Injury
14:17:00,Friday,Over 51,Male,2-5yr,Lorry (41-100Q),Church areas,Asphalt roads,Dry,Normal,Daylight,Collision with roadside objects,3,1,Going straight,na,No Casualty,na,Overtaking,Slight Injury,Owner,Unknown,Normal,Not a Pedestrian,No Casualty
13:55:00,Tuesday,18-30,Male,2-5yr,Ridden horse,Office areas,Asphalt roads,Dry,Normal,Daylight,Vehicle with vehicle collision,2,1,Reversing,Female,Under 18,3,No distancing,Slight Injury,Owner,1-2yr,Normal,Not a Pedestrian,Slight Injury
13:55:00,Tuesday,31-50,Male,2-5yr,Automobile,School areas,Asphalt roads,Dry,Normal,Daylight,Vehicle with vehicle collision,2,1,Other,Male,31-50,3,No priority to vehicle,Slight Injury,Owner,Above 10yr,Normal,Unknown or other,Slight Injury
07:30:00,Thursday,18-30,Male,5-10yr,Automobile,Other,Asphalt roads,Wet or damp,Normal,Daylight,Vehicle with vehicle collision,4,1,Turnover,Female,18-30,3,Changing lane to the right,Slight Injury,Owner,2-5yrs,Normal,Crossing from nearside - masked by parked or statioNot a Pedestrianry vehicle,Slight Injury
07:30:00,Thursday,18-30,Male,2-5yr,Stationwagen,Office areas,Asphalt roads,Wet or damp,Normal,Daylight,Vehicle with vehicle collision,4,1,Going straight,na,No Casualty,na,Changing lane to the left,Slight Injury,Owner,1-2yr,Normal,Not a Pedestrian,No Casualty
07:30:00,Thursday,18-30,Male,Above 10yr,Other,Residential areas,Asphalt roads,Wet or damp,Normal,Daylight,Vehicle with vehicle collision,4,1,Going straight,Male,18-30,3,No distancing,Slight Injury,Owner,1-2yr,Normal,Not a Pedestrian,Slight Injury
07:30:00,Thursday,18-30,Male,Above 10yr,Lorry (41-100Q),Industrial areas,Asphalt roads,Wet or damp,Normal,Daylight,Vehicle with vehicle collision,4,1,Going straight,Male,31-50,3,Driving carelessly,Slight Injury,Owner,1-2yr,Normal,Not a Pedestrian,Slight Injury
19:20:00,Wednesday,18-30,Male,Above 10yr,Lorry (41-100Q),Other,Asphalt roads,Wet or damp,Windy,Daylight,Vehicle with vehicle collision,2,1,Going straight,na,No Casualty,na,No priority to pedestrian,Slight Injury,Owner,2-5yrs,No Casualty,Not a Pedestrian,No Casualty
19:20:00,Wednesday,18-30,Male,5-10yr,Long lorry,Residential areas,Asphalt roads,Wet or damp,Windy,Daylight,Vehicle with vehicle collision,2,1,Going straight,Male,18-30,3,Driving carelessly,Slight Injury,Owner,1-2yr,Normal,Not a Pedestrian,Slight Injury
20:30:00,Tuesday,31-50,Male,2-5yr,Stationwagen,Recreational areas,Asphalt roads,Dry,Normal,Daylight,Vehicle with vehicle collision,2,2,Going straight,na,No Casualty,na,Moving Backward,Slight Injury,Owner,1-2yr,Normal,Not a Pedestrian,No Casualty
20:30:00,Tuesday,Over 51,Male,1-2yr,Public (12 seats),Office areas,Asphalt roads,Dry,Normal,Daylight,Vehicle with vehicle collision,2,2,Going straight,Female,31-50,3,No distancing,Slight Injury,Owner,Unknown,Normal,Not a Pedestrian,Slight Injury
14:38:00,Wednesday,Under 18,Male,2-5yr,Automobile,Outside rural areas,Asphalt roads,Dry,Normal,Daylight,Vehicle with vehicle collision,3,1,Going straight,Female,18-30,3,No distancing,Slight Injury,Owner,Unknown,Normal,Not a Pedestrian,Slight Injury
14:38:00,Wednesday,31-50,Male,5-10yr,Public (12 seats),Outside rural areas,Asphalt roads,Dry,Normal,Daylight,Collision with roadside objects,3,1,Going straight,Female,18-30,3,No distancing,Slight Injury,Owner,1-2yr,Normal,Unknown or other,Slight Injury
14:38:00,Wednesday,31-50,Male,5-10yr,Lorry (41-100Q),Outside rural areas,Asphalt roads,Dry,Normal,Daylight,Collision with roadside objects,3,1,Other,Male,18-30,3,Changing lane to the left,Slight Injury,Owner,1-2yr,Normal,Not a Pedestrian,Slight Injury
13:46:00,Sunday,18-30,Male,5-10yr,Automobile,Outside rural areas,Asphalt roads,Dry,Normal,Daylight,Collision with roadside objects,1,1,Going straight,na,No Casualty,na,Changing lane to the left,Slight Injury,Governmental,Below 1yr,Normal,Not a Pedestrian,No Casualty
19:15:00,Monday,18-30,Male,Above 10yr,Lorry (41-100Q),Outside rural areas,Asphalt roads,Dry,Normal,Darkness - lights lit,Collision with pedestrians,2,1,Going straight,Female,Over 51,3,Moving Backward,Slight Injury,Owner,Unknown,Normal,Not a Pedestrian,Slight Injury
19:15:00,Monday,Under 18,Male,Above 10yr,Lorry (41-100Q),School areas,Asphalt roads,Dry,Normal,Darkness - lights lit,Vehicle with vehicle collision,2,1,Moving Backward,Male,18-30,2,Changing lane to the right,Slight Injury,Owner,Unknown,Normal,Unknown or other,Serious Injury
13:00:00,Tuesday,18-30,Male,1-2yr,Pick up upto 10Q,Outside rural areas,Asphalt roads,Dry,Other,Daylight,Vehicle with vehicle collision,1,1,Going straight,Male,Over 51,3,No priority to vehicle,Slight Injury,Owner,Above 10yr,No Casualty,Not a Pedestrian,Slight Injury
22:35:00,Monday,18-30,Male,5-10yr,Other,Outside rural areas,Asphalt roads,Wet or damp,Rain,Darkness - lights lit,Collision with pedestrians,2,1,Moving Backward,Male,18-30,3,Moving Backward,Serious Injury,Owner,Unknown,Normal,Not a Pedestrian,Slight Injury
22:35:00,Monday,Under 18,Male,2-5yr,Automobile,Outside rural areas,Asphalt roads,Wet or damp,Rain,Darkness - lights lit,Vehicle with vehicle collision,2,1,Other,Female,31-50,3,Driving carelessly,Serious Injury,Owner,Unknown,Normal,Unknown or other,Slight Injury
09:09:00,Sunday,Over 51,Male,5-10yr,Automobile,Outside rural areas,Asphalt roads,Dry,Normal,Daylight,Vehicle with vehicle collision,2,1,Going straight,Male,31-50,3,Driving carelessly,Slight Injury,Owner,2-5yrs,Normal,Not a Pedestrian,Slight Injury
09:09:00,Sunday,Over 51,Male,2-5yr,Lorry (11-40Q),Office areas,Asphalt roads,Dry,Normal,Daylight,Vehicle with vehicle collision,2,1,Reversing,na,No Casualty,na,Driving under the influence of drugs,Slight Injury,Owner,2-5yrs,Normal,Not a Pedestrian,No Casualty
12:30:00,Tuesday,18-30,Male,Above 10yr,Bajaj,Outside rural areas,Asphalt roads,Dry,Normal,Daylight,Vehicle with vehicle collision,3,2,Going straight,na,No Casualty,na,No priority to pedestrian,Slight Injury,Owner,2-5yrs,Normal,Not a Pedestrian,No Casualty
12:30:00,Tuesday,31-50,Male,5-10yr,Automobile,Outside rural areas,Asphalt roads,Dry,Normal,Daylight,Vehicle with vehicle collision,3,2,Other,Male,31-50,3,No priority to vehicle,Slight Injury,Owner,Unknown,Normal,Not a Pedestrian,Slight Injury
12:30:00,Tuesday,Under 18,Male,5-10yr,Lorry (41-100Q),Outside rural areas,Asphalt roads,Dry,Normal,Daylight,Vehicle with vehicle collision,3,2,Other,Female,31-50,3,Driving carelessly,Slight Injury,Owner,2-5yrs,Normal,Not a Pedestrian,Slight Injury
11:45:00,Wednesday,Over 51,Male,1-2yr,Lorry (11-40Q),Office areas,Asphalt roads,Dry,Rain,Daylight,Collision with roadside objects,1,1,Other,na,No Casualty,na,Moving Backward,Serious Injury,Owner,Unknown,Normal,Not a Pedestrian,No Casualty
00:45:00,Tuesday,31-50,Male,Above 10yr,Lorry (11-40Q),Recreational areas,Asphalt roads,Wet or damp,Normal,Darkness - lights lit,Collision with pedestrians,1,1,Stopping,Male,31-50,3,Driving carelessly,Serious Injury,Owner,Unknown,Normal,"In carriageway, statioNot a Pedestrianry - not crossing  (standing or playing)",Slight Injury
18:40:00,Sunday,18-30,Male,5-10yr,Automobile,Office areas,Asphalt roads,Dry,Normal,Daylight,Vehicle with vehicle collision,2,1,Other,Male,31-50,3,No priority to vehicle,Slight Injury,Owner,Above 10yr,Normal,Not a Pedestrian,Slight Injury
18:40:00,Sunday,18-30,Male,2-5yr,Automobile,Other,Asphalt roads,Dry,Normal,Daylight,Vehicle with vehicle collision,2,1,Other,na,No Casualty,na,Changing lane to the right,Slight Injury,Owner,2-5yrs,Normal,Not a Pedestrian,No Casualty
08:42:00,Monday,18-30,Male,2-5yr,Automobile,Residential areas,Asphalt roads,Dry,Unknown,Daylight,Collision with roadside objects,1,1,Other,Male,18-30,3,Changing lane to the left,Slight Injury,Owner,Above 10yr,Normal,Not a Pedestrian,Slight Injury
22:22:00,Tuesday,18-30,Male,5-10yr,Public (13-45 seats),Residential areas,Asphalt roads,Dry,Normal,Darkness - lights lit,Vehicle with vehicle collision,1,2,Going straight,na,No Casualty,na,No priority to vehicle,Slight Injury,Owner,Above 10yr,Normal,Not a Pedestrian,No Casualty
22:22:00,Tuesday,18-30,Male,1-2yr,Public (12 seats),Residential areas,Asphalt roads,Dry,Normal,Darkness - lights lit,Vehicle with vehicle collision,1,2,Going straight,na,No Casualty,na,Driving carelessly,Slight Injury,Owner,Unknown,Normal,Not a Pedestrian,No Casualty
07:50:00,Friday,18-30,Male,5-10yr,Other,Other,Asphalt roads,Dry,Normal,Daylight,Vehicle with vehicle collision,2,1,Going straight,Male,18-30,3,Moving Backward,Slight Injury,Owner,Above 10yr,No Casualty,Not a Pedestrian,Slight Injury
07:50:00,Friday,31-50,Male,5-10yr,Automobile,Office areas,Asphalt roads,Dry,Normal,Daylight,Vehicle with vehicle collision,2,1,Going straight,na,No Casualty,na,No distancing,Slight Injury,Owner,Unknown,Normal,Not a Pedestrian,No Casualty
17:30:00,Tuesday,18-30,Male,5-10yr,Automobile,Other,Asphalt roads,Dry,Normal,Daylight,Vehicle with vehicle collision,1,1,Going straight,Female,31-50,2,Changing lane to the left,Serious Injury,Owner,Unknown,Normal,Not a Pedestrian,Serious Injury
14:55:00,Friday,31-50,Male,Above 10yr,Public (13-45 seats),Other,Asphalt roads,Dry,Normal,Daylight,Vehicle with vehicle collision,1,1,Going straight,Female,31-50,3,Changing lane to the left,Serious Injury,Owner,Above 10yr,No Casualty,Unknown or other,Slight Injury
20:25:00,Tuesday,18-30,Male,2-5yr,Public (13-45 seats),Office areas,Asphalt roads,Dry,Normal,Daylight,Vehicle with vehicle collision,2,3,Going straight,Male,31-50,3,No distancing,Slight Injury,Owner,5-10yrs,Normal,Not a Pedestrian,Slight Injury
20:25:00,Tuesday,18-30,Male,5-10yr,Automobile,Church areas,Asphalt roads,Dry,Normal,Daylight,Vehicle with vehicle collision,2,3,Going straight,na,No Casualty,na,Changing lane to the left,Slight Injury,Owner,Below 1yr,Normal,Not a Pedestrian,No Casualty
20:25:00,Tuesday,18-30,Male,5-10yr,Other,Other,Asphalt roads,Dry,Normal,Daylight,Collision with roadside objects,2,3,Going straight,na,No Casualty,na,Driving carelessly,Slight Injury,Owner,Unknown,Normal,Not a Pedestrian,No Casualty
20:25:00,Tuesday,18-30,Male,5-10yr,Pick up upto 10Q,Other,Asphalt roads,Dry,Normal,Daylight,Collision with roadside objects,2,3,Going straight,Female,Under 18,3,Changing lane to the left,Slight Injury,Owner,Unknown,Normal,Not a Pedestrian,Slight Injury
14:57:00,Thursday,31-50,Male,5-10yr,Lorry (41-100Q),Office areas,Asphalt roads,Dry,Normal,Daylight,Collision with roadside objects,3,1,Going straight,Male,Over 51,2,No distancing,Slight Injury,Owner,Unknown,Normal,Not a Pedestrian,Serious Injury
14:57:00,Thursday,18-30,Male,5-10yr,Automobile,Office areas,Asphalt roads,Dry,Normal,Daylight,Vehicle with vehicle collision,3,1,Reversing,na,No Casualty,na,Changing lane to the right,Slight Injury,Owner,Unknown,Normal,Not a Pedestrian,No Casualty
14:57:00,Thursday,18-30,Male,1-2yr,Automobile,Office areas,Asphalt roads,Dry,Normal,Daylight,Collision with pedestrians,3,1,Going straight,Male,31-50,3,No distancing,Slight Injury,Owner,Unknown,Normal,Not a Pedestrian,Slight Injury
14:18:00,Sunday,31-50,Male,5-10yr,Lorry (41-100Q),Office areas,Asphalt roads,Dry,Normal,Daylight,Vehicle with vehicle collision,2,1,Other,na,No Casualty,na,Driving to the left,Slight Injury,Owner,Unknown,Normal,Not a Pedestrian,No Casualty
14:18:00,Sunday,18-30,Male,2-5yr,Automobile,Other,Asphalt roads,Dry,Normal,Daylight,Collision with pedestrians,2,1,Going straight,Male,31-50,3,No distancing,Slight Injury,Owner,Unknown,No Casualty,Not a Pedestrian,Slight Injury
14:56:00,Tuesday,Over 51,Male,5-10yr,Other,Office areas,Asphalt roads,Dry,Normal,Daylight,Vehicle with vehicle collision,2,1,Getting off,na,No Casualty,na,Overtaking,Serious Injury,Owner,Below 1yr,Normal,Not a Pedestrian,No Casualty
14:56:00,Tuesday,18-30,Male,2-5yr,Automobile,Other,Asphalt roads,Dry,Normal,Daylight,Collision with pedestrians,2,1,Going straight,Male,18-30,3,Driving under the influence of drugs,Serious Injury,Owner,Unknown,Normal,Not a Pedestrian,Slight Injury
02:12:00,Sunday,18-30,Male,Above 10yr,Automobile,Other,Asphalt roads,Dry,Normal,Darkness - lights lit,Vehicle with vehicle collision,4,2,Going straight,na,No Casualty,na,No priority to pedestrian,Slight Injury,Owner,Unknown,Normal,Not a Pedestrian,No Casualty
02:12:00,Sunday,31-50,Male,Below 1yr,Automobile,Other,Asphalt roads,Dry,Normal,Darkness - lights lit,Vehicle with vehicle collision,4,2,Going straight,Male,Over 51,3,Moving Backward,Slight Injury,Governmental,Unknown,Normal,Not a Pedestrian,Slight Injury
02:12:00,Sunday,18-30,Male,Below 1yr,Automobile,Office areas,Asphalt roads,Dry,Normal,Darkness - lights lit,Vehicle with vehicle collision,4,2,Going straight,Male,18-30,3,Changing lane to the right,Slight Injury,Owner,Unknown,No Casualty,Crossing from nearside - masked by parked or statioNot a Pedestrianry vehicle,Slight Injury
02:12:00,Sunday,18-30,Female,5-10yr,Lorry (41-100Q),Office areas,Asphalt roads,Dry,Normal,Darkness - lights lit,Vehicle with vehicle collision,4,2,Turnover,Male,18-30,3,Changing lane to the left,Slight Injury,Owner,Unknown,Normal,Not a Pedestrian,Slight Injury
15:00:00,Tuesday,Under 18,Male,2-5yr,Other,Office areas,Asphalt roads,Dry,Normal,Daylight,Vehicle with vehicle collision,1,1,Entering a junction,na,No Casualty,na,Changing lane to the right,Slight Injury,Owner,Unknown,Normal,Not a Pedestrian,No Casualty
21:05:00,Friday,31-50,Male,5-10yr,Pick up upto 10Q,Office areas,Asphalt roads,Dry,Normal,Darkness - lights lit,Vehicle with vehicle collision,2,1,Entering a junction,Female,31-50,3,Driving under the influence of drugs,Slight Injury,Governmental,Unknown,No Casualty,Not a Pedestrian,Slight Injury
21:05:00,Friday,Under 18,Male,5-10yr,Stationwagen,Church areas,Asphalt roads,Dry,Normal,Darkness - lights lit,Vehicle with vehicle collision,2,1,Entering a junction,na,No Casualty,na,No priority to vehicle,Slight Injury,Owner,2-5yrs,Normal,Not a Pedestrian,No Casualty
10:02:00,Thursday,18-30,Male,Above 10yr,Other,Office areas,Asphalt roads,Dry,Normal,Daylight,Vehicle with vehicle collision,2,1,Entering a junction,Male,Under 18,3,No priority to vehicle,Slight Injury,Governmental,Unknown,No Casualty,Not a Pedestrian,Slight Injury
10:02:00,Thursday,18-30,Male,Above 10yr,Pick up upto 10Q,Residential areas,Asphalt roads,Dry,Normal,Daylight,Vehicle with vehicle collision,2,1,Other,Male,18-30,3,Changing lane to the left,Slight Injury,Governmental,Unknown,Normal,Unknown or other,Slight Injury
23:30:00,Friday,18-30,Male,Above 10yr,Stationwagen,School areas,Asphalt roads,Dry,Normal,Darkness - lights lit,Vehicle with vehicle collision,2,2,Entering a junction,na,No Casualty,na,Changing lane to the right,Slight Injury,Owner,Unknown,Normal,Not a Pedestrian,No Casualty
23:30:00,Friday,18-30,Male,Above 10yr,Lorry (41-100Q),Office areas,Asphalt roads,Dry,Normal,Darkness - lights lit,Vehicle with vehicle collision,2,2,Turnover,na,No Casualty,na,Changing lane to the right,Slight Injury,Owner,Unknown,Normal,Not a Pedestrian,No Casualty
23:30:00,Friday,18-30,Male,5-10yr,Automobile,Other,Asphalt roads,Dry,Normal,Darkness - lights lit,Vehicle with vehicle collision,2,2,Entering a junction,na,No Casualty,na,Changing lane to the left,Slight Injury,Owner,5-10yrs,Normal,Not a Pedestrian,No Casualty
09:10:00,Tuesday,31-50,Male,Below 1yr,Automobile,Other,Asphalt roads,Dry,Normal,Daylight,Rollover,1,1,Entering a junction,Male,18-30,3,Changing lane to the left,Slight Injury,Owner,Unknown,Normal,Not a Pedestrian,Slight Injury
18:49:00,Wednesday,18-30,Male,2-5yr,Automobile,Other,Asphalt roads,Dry,Normal,Daylight,Collision with roadside objects,2,1,Entering a junction,Male,31-50,3,Getting off the vehicle improperly,Serious Injury,Governmental,Unknown,Normal,Not a Pedestrian,Slight Injury
18:49:00,Wednesday,31-50,Male,5-10yr,Automobile,Other,Asphalt roads,Dry,Normal,Daylight,Vehicle with vehicle collision,2,1,Entering a junction,Male,31-50,3,Overtaking,Serious Injury,Owner,5-10yrs,No Casualty,Not a Pedestrian,Slight Injury
11:30:00,Friday,18-30,Male,1-2yr,Turbo,Office areas,Asphalt roads,Dry,Normal,Daylight,Vehicle with vehicle collision,2,1,Entering a junction,Male,Over 51,3,Changing lane to the left,Slight Injury,Owner,Unknown,Normal,Crossing from driver's nearside,Slight Injury
11:30:00,Friday,31-50,Unknown,1-2yr,Automobile,Office areas,Asphalt roads,Dry,Normal,Daylight,Vehicle with vehicle collision,2,1,Other,Female,Over 51,3,Driving under the influence of drugs,Slight Injury,Owner,Unknown,Normal,Crossing from offside - masked by  parked or statioNot a Pedestrianry vehicle,Slight Injury
19:24:00,Monday,18-30,Female,1-2yr,Stationwagen,Office areas,Asphalt roads,Wet or damp,Rain,Darkness - lights lit,Collision with pedestrians,1,1,Going straight,Male,18-30,3,Driving carelessly,Serious Injury,Owner,Unknown,No Casualty,Not a Pedestrian,Slight Injury
16:25:00,Monday,18-30,Male,5-10yr,Automobile,Office areas,Asphalt roads,Dry,Normal,Daylight,Collision with pedestrians,1,1,Going straight,na,No Casualty,na,Moving Backward,Serious Injury,Owner,Unknown,Normal,Not a Pedestrian,No Casualty
17:15:00,Sunday,18-30,Male,Above 10yr,Automobile,Office areas,Asphalt roads,Dry,Unknown,Daylight,Vehicle with vehicle collision,2,1,Other,Male,18-30,3,No distancing,Slight Injury,Owner,Unknown,Normal,Not a Pedestrian,Slight Injury
17:15:00,Sunday,Over 51,Male,Above 10yr,Automobile,Office areas,Gravel roads,Dry,Unknown,Daylight,Vehicle with vehicle collision,2,1,Going straight,na,No Casualty,na,No priority to vehicle,Slight Injury,Owner,Unknown,No Casualty,Not a Pedestrian,No Casualty
10:18:00,Sunday,Under 18,Male,5-10yr,Pick up upto 10Q,Office areas,Asphalt roads,Dry,Normal,Daylight,Collision with pedestrians,2,1,Going straight,Male,Under 18,3,Overturning,Slight Injury,Owner,Unknown,Normal,Unknown or other,Slight Injury
10:18:00,Sunday,18-30,Male,2-5yr,Lorry (41-100Q),Other,Asphalt roads,Dry,Normal,Daylight,Collision with pedestrians,2,1,Going straight,na,No Casualty,na,Changing lane to the left,Slight Injury,Owner,5-10yrs,Normal,Not a Pedestrian,No Casualty
18:55:00,Sunday,Under 18,Male,Below 1yr,Lorry (41-100Q),Other,Asphalt roads,Wet or damp,Normal,Daylight,Collision with pedestrians,1,4,Going straight,Male,Under 18,3,No distancing,Serious Injury,Owner,Unknown,Normal,Not a Pedestrian,Slight Injury
18:55:00,Sunday,Under 18,Male,1-2yr,Automobile,Residential areas,Asphalt roads,Wet or damp,Normal,Daylight,Vehicle with vehicle collision,1,4,Going straight,Female,31-50,3,Moving Backward,Serious Injury,Owner,2-5yrs,Normal,Not a Pedestrian,Slight Injury
18:55:00,Sunday,Under 18,Male,5-10yr,Lorry (41-100Q),Other,Asphalt roads,Wet or damp,Normal,Daylight,Collision with roadside objects,1,4,Reversing,na,No Casualty,na,No priority to vehicle,Serious Injury,Owner,Unknown,Normal,Not a Pedestrian,No Casualty
18:55:00,Sunday,Under 18,Male,Below 1yr,Lorry (41-100Q),Other,Asphalt roads,Wet or damp,Normal,Daylight,Vehicle with vehicle collision,1,4,Moving Backward,na,No Casualty,na,No priority to vehicle,Serious Injury,Owner,5-10yrs,Normal,Not a Pedestrian,No Casualty
22:00:00,Friday,18-30,Female,5-10yr,Lorry (41-100Q),Other,Asphalt roads,Dry,Normal,Darkness - lights lit,Vehicle with vehicle collision,2,1,Overtaking,Male,18-30,3,No distancing,Slight Injury,Governmental,Unknown,Normal,Not a Pedestrian,Slight Injury
22:00:00,Friday,18-30,Male,2-5yr,Lorry (41-100Q),Other,Asphalt roads,Dry,Normal,Darkness - lights lit,Collision with roadside objects,2,1,Going straight,Male,31-50,3,No distancing,Slight Injury,Owner,5-10yrs,No Casualty,Not a Pedestrian,Slight Injury
08:30:00,Friday,18-30,Male,5-10yr,Automobile,Industrial areas,Asphalt roads,Dry,Normal,Daylight,Vehicle with vehicle collision,1,1,Going straight,na,No Casualty,na,Overtaking,Slight Injury,Owner,Unknown,Normal,Not a Pedestrian,No Casualty
17:20:00,Wednesday,18-30,Unknown,5-10yr,Automobile,Industrial areas,Asphalt roads with some distress,Dry,Normal,Daylight,Vehicle with vehicle collision,1,1,Going straight,na,No Casualty,na,Driving under the influence of drugs,Slight Injury,Owner,5-10yrs,Normal,Not a Pedestrian,No Casualty
12:41:00,Tuesday,18-30,Male,Above 10yr,Automobile,Church areas,Asphalt roads,Wet or damp,Rain,Daylight,Vehicle with vehicle collision,2,1,Going straight,Female,18-30,3,Changing lane to the right,Slight Injury,Owner,Unknown,Normal,Not a Pedestrian,Slight Injury
12:41:00,Tuesday,Over 51,Male,1-2yr,Public (13-45 seats),Other,Asphalt roads,Wet or damp,Rain,Daylight,Vehicle with vehicle collision,2,1,Going straight,Male,31-50,3,Changing lane to the left,Slight Injury,Owner,Unknown,Normal,Not a Pedestrian,Slight Injury
15:08:00,Friday,18-30,Male,Below 1yr,Automobile,Other,Asphalt roads,Dry,Normal,Daylight,Collision with pedestrians,1,1,Going straight,na,No Casualty,na,Driving carelessly,Serious Injury,Owner,Above 10yr,Normal,Not a Pedestrian,No Casualty
06:33:00,Monday,31-50,Male,Above 10yr,Public (13-45 seats),Office areas,Asphalt roads,Wet or damp,Rain,Darkness - lights lit,Rollover,2,1,Going straight,Male,31-50,3,Moving Backward,Slight Injury,Owner,Unknown,Normal,Not a Pedestrian,Slight Injury
06:33:00,Monday,31-50,Unknown,1-2yr,Public (13-45 seats),Office areas,Asphalt roads,Wet or damp,Rain,Darkness - lights lit,Vehicle with vehicle collision,2,1,Going straight,na,No Casualty,na,Moving Backward,Slight Injury,Owner,Unknown,Normal,Not a Pedestrian,No Casualty
08:45:00,Thursday,31-50,Male,2-5yr,Automobile,Residential areas,Asphalt roads,Dry,Normal,Daylight,Vehicle with vehicle collision,2,2,Going straight,na,No Casualty,na,Changing lane to the right,Slight Injury,Governmental,Below 1yr,Normal,Not a Pedestrian,No Casualty
08:45:00,Thursday,Under 18,Male,5-10yr,Lorry (11-40Q),Industrial areas,Asphalt roads,Dry,Normal,Daylight,Vehicle with vehicle collision,2,2,Going straight,Male,18-30,3,No priority to vehicle,Slight Injury,Owner,Unknown,Normal,Not a Pedestrian,Slight Injury
08:45:00,Thursday,Under 18,Male,2-5yr,Automobile,Office areas,Asphalt roads,Dry,Normal,Daylight,Collision with roadside objects,2,2,Going straight,Male,18-30,3,Overspeed,Slight Injury,Owner,Unknown,No Casualty,Not a Pedestrian,Slight Injury
07:51:00,Thursday,18-30,Male,Above 10yr,Lorry (41-100Q),Other,Asphalt roads,Dry,Normal,Daylight,Vehicle with vehicle collision,2,1,Other,na,No Casualty,na,Driving under the influence of drugs,Slight Injury,Owner,Unknown,Normal,Not a Pedestrian,No Casualty
07:51:00,Thursday,18-30,Male,1-2yr,Other,Other,Asphalt roads,Dry,Normal,Daylight,Rollover,2,1,Going straight,Male,31-50,3,Changing lane to the right,Slight Injury,Owner,Unknown,Normal,Not a Pedestrian,Slight Injury
17:14:00,Wednesday,Over 51,Male,1-2yr,Pick up upto 10Q,Residential areas,Asphalt roads,Dry,Normal,Daylight,Collision with roadside objects,1,1,Moving Backward,Male,31-50,3,Driving carelessly,Slight Injury,Owner,Unknown,No Casualty,Not a Pedestrian,Slight Injury
22:15:00,Friday,18-30,Male,1-2yr,Lorry (11-40Q),Office areas,Asphalt roads,Dry,Unknown,Darkness - lights lit,Vehicle with vehicle collision,2,2,Other,Male,31-50,3,No distancing,Slight Injury,Owner,Unknown,Normal,Not a Pedestrian,Slight Injury
22:15:00,Friday,18-30,Male,5-10yr,Motorcycle,Residential areas,Asphalt roads,Dry,Unknown,Darkness - lights lit,Vehicle with vehicle collision,2,2,Going straight,Male,18-30,3,Changing lane to the left,Slight Injury,Organization,Unknown,Normal,Not a Pedestrian,Slight Injury
22:15:00,Friday,18-30,Male,5-10yr,Pick up upto 10Q,Office areas,Asphalt roads,Dry,Unknown,Darkness - lights lit,Vehicle with vehicle collision,2,2,Going straight,Male,31-50,3,No distancing,Slight Injury,Owner,Unknown,Normal,Not a Pedestrian,Slight Injury
15:31:00,Thursday,31-50,Male,5-10yr,Lorry (11-40Q),Church areas,Asphalt roads,Dry,Normal,Daylight,Vehicle with vehicle collision,1,1,Going straight,na,No Casualty,na,No distancing,Slight Injury,Owner,Unknown,Normal,Not a Pedestrian,No Casualty
23:16:00,Tuesday,18-30,Male,5-10yr,Lorry (11-40Q),Residential areas,Asphalt roads,Dry,Normal,Darkness - lights lit,Vehicle with vehicle collision,2,2,Going straight,Male,18-30,3,Getting off the vehicle improperly,Serious Injury,Organization,5-10yrs,Normal,Not a Pedestrian,Slight Injury
23:16:00,Tuesday,18-30,Male,5-10yr,Automobile,School areas,Asphalt roads,Dry,Normal,Darkness - lights lit,Vehicle with vehicle collision,2,2,Going straight,Male,18-30,3,Overtaking,Serious Injury,Owner,Above 10yr,Normal,Not a Pedestrian,Slight Injury
15:32:00,Friday,18-30,Male,5-10yr,Automobile,Hospital areas,Asphalt roads,Dry,Normal,Daylight,Collision with pedestrians,2,1,Going straight,Male,18-30,3,Driving carelessly,Slight Injury,Owner,5-10yrs,Normal,Not a Pedestrian,Slight Injury