Time,Day_of_week,Age_band_of_driver,Sex_of_driver,Driving_experience,Type_of_vehicle,Area_accident_occured,Road_surface_type,Road_surface_conditions,Weather_conditions,Light_conditions,Type_of_collision,Number_of_vehicles_involved,Number_of_casualties,Vehicle_movement,Sex_of_casualty,Age_band_of_casualty,Casualty_severity,Cause_of_accident,Accident_severity,Owner_of_vehicle,Service_year_of_vehicle,Fitness_of_casuality,Pedestrian_movement,Casualty_severity_label
15:32:00,Friday,31-50,Male,5-10yr,Other,Other,Asphalt roads,Dry,Normal,Daylight,Vehicle with vehicle collision,2,1,Going straight,na,No Casualty,na,Driving under the influence of drugs,Slight Injury,Owner,2-5yrs,Normal,Not a Pedestrian,No Casualty
09:39:00,Friday,18-30,Female,1-2yr,Other,School areas,Asphalt roads,Dry,Normal,Daylight,Vehicle with vehicle collision,2,1,Going straight,na,No Casualty,na,Moving Backward,Slight Injury,Owner,Unknown,Normal,Not a Pedestrian,No Casualty
09:39:00,Friday,31-50,Male,2-5yr,Automobile,Other,Asphalt roads,Dry,Normal,Daylight,Collision with roadside objects,2,1,Going straight,Female,31-50,3,Overturning,Slight Injury,Owner,Above 10yr,Normal,Not a Pedestrian,Slight Injury
17:25:00,Thursday,31-50,Male,5-10yr,Taxi,Industrial areas,Asphalt roads,Dry,Normal,Daylight,Vehicle with vehicle collision,2,2,Other,Female,18-30,2,Driving under the influence of drugs,Slight Injury,Owner,5-10yrs,No Casualty,Not a Pedestrian,Serious Injury
17:25:00,Thursday,Over 51,Male,Above 10yr,Other,Church areas,Asphalt roads,Dry,Normal,Daylight,Vehicle with vehicle collision,2,2,Reversing,Male,18-30,3,Changing lane to the right,Slight Injury,Owner,Unknown,Normal,Not a Pedestrian,Slight Injury
17:00:00,Friday,31-50,Male,5-10yr,Taxi,Office areas,Asphalt roads,Dry,Normal,Daylight,Vehicle with vehicle collision,2,3,Other,na,No Casualty,na,Changing lane to the left,Slight Injury,Owner,Unknown,No Casualty,Not a Pedestrian,No Casualty
17:00:00,Friday,31-50,Male,2-5yr,Lorry (11-40Q),Other,Asphalt roads,Dry,Normal,Daylight,Collision with roadside objects,2,3,Other,Female,Over 51,3,No distancing,Slight Injury,Owner,Unknown,Normal,Not a Pedestrian,Slight Injury
17:00:00,Friday,31-50,Male,5-10yr,Automobile,Office areas,Asphalt roads,Dry,Normal,Daylight,Vehicle with vehicle collision,2,3,Reversing,Female,18-30,3,No distancing,Slight Injury,Owner,Unknown,Normal,Not a Pedestrian,Slight Injury
13:25:00,Sunday,31-50,Male,2-5yr,Other,Office areas,Asphalt roads,Dry,Normal,Daylight,Vehicle with vehicle collision,1,1,Going straight,na,No Casualty,na,No priority to vehicle,Serious Injury,Owner,Unknown,Normal,Not a Pedestrian,No Casualty
06:11:00,Wednesday,Over 51,Male,5-10yr,Automobile,Office areas,Asphalt roads,Wet or damp,Rain,Darkness - lights lit,Vehicle with vehicle collision,2,2,Going straight,Male,Over 51,2,Moving Backward,Slight Injury,Governmental,Unknown,Normal,Crossing from driver's nearside,Serious Injury
06:11:00,Wednesday,31-50,Male,1-2yr,Automobile,Residential areas,Asphalt roads,Wet or damp,Rain,Darkness - lights lit,Vehicle with vehicle collision,2,2,Going straight,Female,31-50,3,Moving Backward,Slight Injury,Owner,Unknown,No Casualty,Crossing from nearside - masked by parked or statioNot a Pedestrianry vehicle,Slight Injury
20:40:00,Sunday,Under 18,Male,5-10yr,Automobile,Office areas,Asphalt roads,Dry,Normal,Darkness - lights lit,Vehicle with vehicle collision,2,1,Going straight,Male,18-30,3,Getting off the vehicle improperly,Serious Injury,Owner,Unknown,Normal,Not a Pedestrian,Slight Injury
20:40:00,Sunday,31-50,Male,5-10yr,Automobile,Other,Asphalt roads,Dry,Normal,Darkness - lights lit,Vehicle with vehicle collision,2,1,Turnover,na,No Casualty,na,Changing lane to the left,Serious Injury,Owner,2-5yrs,No Casualty,Not a Pedestrian,No Casualty
22:55:00,Friday,18-30,Male,Above 10yr,Lorry (41-100Q),Industrial areas,Asphalt roads,Dry,Normal,Darkness - lights lit,Vehicle with vehicle collision,1,3,Going straight,Female,18-30,3,Changing lane to the left,Serious Injury,Owner,2-5yrs,No Casualty,Crossing from driver's nearside,Slight Injury
22:55:00,Friday,18-30,Male,Below 1yr,Other,Other,Asphalt roads,Dry,Normal,Darkness - lights lit,Collision with roadside objects,1,3,Going straight,Female,Under 18,3,No priority to vehicle,Serious Injury,Owner,Unknown,No Casualty,Not a Pedestrian,Slight Injury
22:55:00,Friday,18-30,Male,2-5yr,Pick up upto 10Q,Office areas,Asphalt roads,Dry,Normal,Darkness - lights lit,Vehicle with vehicle collision,1,3,Going straight,na,No Casualty,na,Changing lane to the right,Serious Injury,Owner,Unknown,No Casualty,Not a Pedestrian,No Casualty
17:50:00,Thursday,18-30,Male,1-2yr,Pick up upto 10Q,Office areas,Asphalt roads,Dry,Normal,Daylight,Vehicle with vehicle collision,2,1,Going straight,Male,31-50,2,Changing lane to the right,Slight Injury,Governmental,Unknown,Normal,Not a Pedestrian,Serious Injury
17:50:00,Thursday,31-50,Male,5-10yr,Automobile,Other,Asphalt roads,Dry,Normal,Daylight,Vehicle with vehicle collision,2,1,Going straight,na,No Casualty,na,Driving carelessly,Slight Injury,Governmental,Unknown,Normal,Not a Pedestrian,No Casualty
09:23:00,Sunday,31-50,Male,2-5yr,Long lorry,Other,Asphalt roads,Dry,Normal,Daylight,Vehicle with vehicle collision,2,1,Moving Backward,na,No Casualty,na,Changing lane to the left,Slight Injury,Owner,Unknown,Normal,Not a Pedestrian,No Casualty
09:23:00,Sunday,Over 51,Male,2-5yr,Automobile,Office areas,Asphalt roads,Dry,Normal,Daylight,Vehicle with vehicle collision,2,1,Going straight,Female,18-30,2,Changing lane to the right,Slight Injury,Owner,Unknown,Normal,Not a Pedestrian,Serious Injury
00:56:00,Thursday,18-30,Male,2-5yr,Public (13-45 seats),Office areas,Asphalt roads,Dry,Normal,Darkness - lights lit,Vehicle with vehicle collision,1,2,Going straight,Male,18-30,3,Driving under the influence of drugs,Serious Injury,Owner,Unknown,No Casualty,Not a Pedestrian,Slight Injury
00:56:00,Thursday,18-30,Male,Above 10yr,Lorry (41-100Q),Office areas,Asphalt roads,Dry,Normal,Darkness - lights lit,Vehicle with vehicle collision,1,2,Turnover,na,No Casualty,na,Driving carelessly,Serious Injury,Owner,5-10yrs,Normal,Not a Pedestrian,No Casualty
08:05:00,Thursday,18-30,Male,2-5yr,Public (13-45 seats),Other,Asphalt roads,Dry,Normal,Daylight,Collision with roadside objects,2,1,Going straight,Female,Over 51,3,No distancing,Slight Injury,Owner,Unknown,Normal,"Walking along in carriageway, back to traffic",Slight Injury
08:05:00,Thursday,Under 18,Male,1-2yr,Other,Other,Asphalt roads,Dry,Normal,Daylight,Rollover,2,1,Going straight,Male,31-50,2,No priority to vehicle,Slight Injury,Owner,Unknown,Normal,Not a Pedestrian,Serious Injury
19:30:00,Thursday,18-30,Male,2-5yr,Lorry (41-100Q),Recreational areas,Asphalt roads,Wet or damp,Normal,Darkness - lights lit,Vehicle with vehicle collision,2,1,Going straight,Male,31-50,3,No priority to vehicle,Slight Injury,Owner,Unknown,Normal,Not a Pedestrian,Slight Injury
19:30:00,Thursday,31-50,Male,5-10yr,Lorry (41-100Q),Church areas,Asphalt roads,Wet or damp,Normal,Darkness - lights lit,Vehicle with vehicle collision,2,1,Going straight,na,No Casualty,na,No priority to vehicle,Slight Injury,Owner,Unknown,No Casualty,Not a Pedestrian,No Casualty
16:47:00,Friday,Over 51,Male,1-2yr,Long lorry,Recreational areas,Asphalt roads,Dry,Normal,Daylight,Vehicle with vehicle collision,2,2,Going straight,Male,31-50,3,Changing lane to the left,Slight Injury,Other,1-2yr,Normal,Not a Pedestrian,Slight Injury
16:47:00,Friday,31-50,Male,1-2yr,Pick up upto 10Q,School areas,Asphalt roads,Dry,Normal,Daylight,Vehicle with vehicle collision,2,2,Going straight,na,No Casualty,na,Moving Backward,Slight Injury,Owner,5-10yrs,Normal,Not a Pedestrian,No Casualty
16:47:00,Friday,31-50,Male,2-5yr,Pick up upto 10Q,Church areas,Asphalt roads,Dry,Normal,Daylight,Vehicle with vehicle collision,2,2,Moving Backward,Female,18-30,3,Driving carelessly,Slight Injury,Owner,Unknown,No Casualty,Unknown or other,Slight Injury
14:28:00,Tuesday,18-30,Male,Above 10yr,Lorry (41-100Q),Office areas,Asphalt roads,Wet or damp,Normal,Daylight,Vehicle with vehicle collision,1,1,Going straight,Male,31-50,3,Driving under the influence of drugs,Slight Injury,Owner,5-10yrs,Normal,Unknown or other,Slight Injury
12:35:00,Friday,31-50,Male,Below 1yr,Lorry (41-100Q),Residential areas,Asphalt roads,Dry,Normal,Daylight,Vehicle with vehicle collision,2,1,Going straight,Female,31-50,3,Changing lane to the right,Slight Injury,Owner,2-5yrs,Normal,Crossing from driver's nearside,Slight Injury
12:35:00,Friday,18-30,Female,Above 10yr,Automobile,Other,Asphalt roads,Dry,Normal,Daylight,Vehicle with vehicle collision,2,1,Going straight,Male,Under 18,3,No priority to vehicle,Slight Injury,Owner,Unknown,Normal,"In carriageway, statioNot a Pedestrianry - not crossing  (standing or playing) - masked by parked or statioNot a Pedestrianry vehicle",Slight Injury
01:20:00,Sunday,31-50,Male,5-10yr,Other,Other,Asphalt roads,Dry,Normal,Darkness - lights lit,Collision with roadside objects,2,2,Going straight,na,No Casualty,na,Changing lane to the right,Slight Injury,Owner,Unknown,Normal,Not a Pedestrian,No Casualty
01:20:00,Sunday,18-30,Male,Above 10yr,Automobile,Industrial areas,Asphalt roads,Dry,Normal,Darkness - lights lit,Vehicle with vehicle collision,2,2,Moving Backward,Male,31-50,3,Driving to the left,Slight Injury,Governmental,1-2yr,Normal,Not a Pedestrian,Slight Injury
01:20:00,Sunday,18-30,Male,1-2yr,Other,Church areas,Asphalt roads,Dry,Normal,Darkness - lights lit,Vehicle with vehicle collision,2,2,Going straight,na,No Casualty,na,Moving Backward,Slight Injury,Governmental,1-2yr,Normal,Not a Pedestrian,No Casualty
15:30:00,Thursday,18-30,Female,5-10yr,Automobile,Office areas,Asphalt roads,Wet or damp,Other,Daylight,Vehicle with vehicle collision,2,1,Other,Female,18-30,2,No priority to vehicle,Slight Injury,Organization,1-2yr,Normal,Unknown or other,Serious Injury
15:30:00,Thursday,Under 18,Male,5-10yr,Pick up upto 10Q,Office areas,Asphalt roads,Wet or damp,Other,Daylight,Vehicle with vehicle collision,2,1,Other,Female,18-30,3,No distancing,Slight Injury,Owner,Unknown,No Casualty,Not a Pedestrian,Slight Injury
14:50:00,Wednesday,18-30,Male,2-5yr,Automobile,Office areas,Asphalt roads,Wet or damp,Normal,Daylight,Collision with pedestrians,2,1,Going straight,Male,18-30,3,Driving carelessly,Slight Injury,Owner,Unknown,No Casualty,Not a Pedestrian,Slight Injury
14:50:00,Wednesday,31-50,Male,5-10yr,Public (12 seats),Other,Asphalt roads,Wet or damp,Normal,Daylight,Collision with pedestrians,2,1,Going straight,na,No Casualty,na,Changing lane to the left,Slight Injury,Owner,2-5yrs,Normal,Not a Pedestrian,No Casualty
16:20:00,Friday,31-50,Male,5-10yr,Automobile,Office areas,Asphalt roads,Dry,Normal,Daylight,Vehicle with vehicle collision,1,1,Going straight,Male,31-50,3,No priority to vehicle,Serious Injury,Owner,Unknown,Normal,Unknown or other,Slight Injury
16:30:00,Monday,18-30,Male,1-2yr,Other,Other,Asphalt roads,Wet or damp,Normal,Daylight,Vehicle with vehicle collision,2,1,Going straight,Female,18-30,3,No priority to vehicle,Slight Injury,Owner,Unknown,Normal,Not a Pedestrian,Slight Injury
16:30:00,Monday,18-30,Male,1-2yr,Public (12 seats),Industrial areas,Asphalt roads,Wet or damp,Normal,Daylight,Vehicle with vehicle collision,2,1,Other,Male,31-50,3,No distancing,Slight Injury,Owner,Above 10yr,No Casualty,Not a Pedestrian,Slight Injury
11:50:00,Friday,18-30,Male,1-2yr,Stationwagen,Residential areas,Asphalt roads,Dry,Unknown,Daylight,Rollover,2,1,Going straight,na,No Casualty,na,Driving to the left,Slight Injury,Owner,Unknown,Normal,Not a Pedestrian,No Casualty
11:50:00,Friday,18-30,Male,Above 10yr,Lorry (41-100Q),Other,Asphalt roads,Dry,Unknown,Daylight,Vehicle with vehicle collision,2,1,Getting off,Female,31-50,3,Driving carelessly,Slight Injury,Owner,Unknown,Normal,Not a Pedestrian,Slight Injury
17:11:00,Sunday,Under 18,Male,1-2yr,Lorry (41-100Q),Other,Asphalt roads,Wet or damp,Rain,Darkness - lights lit,Vehicle with vehicle collision,2,1,Going straight,na,No Casualty,na,Driving carelessly,Slight Injury,Owner,5-10yrs,Normal,Not a Pedestrian,No Casualty
17:11:00,Sunday,31-50,Male,Above 10yr,Lorry (41-100Q),Other,Asphalt roads,Wet or damp,Rain,Darkness - lights lit,Collision with pedestrians,2,1,Going straight,Male,18-30,3,Changing lane to the right,Slight Injury,Owner,1-2yr,No Casualty,Not a Pedestrian,Slight Injury
18:00:00,Tuesday,Over 51,Male,Above 10yr,Automobile,Other,Asphalt roads with some distress,Wet or damp,Normal,Darkness - lights lit,Vehicle with vehicle collision,2,1,Going straight,Male,18-30,3,Driving carelessly,Slight Injury,Owner,Unknown,Normal,Not a Pedestrian,Slight Injury
18:00:00,Tuesday,18-30,Male,1-2yr,Lorry (41-100Q),Other,Asphalt roads,Wet or damp,Normal,Darkness - lights lit,Vehicle with vehicle collision,2,1,Going straight,na,No Casualty,na,Changing lane to the left,Slight Injury,Owner,Unknown,Normal,Not a Pedestrian,No Casualty
23:51:00,Friday,18-30,Female,1-2yr,Automobile,Residential areas,Asphalt roads,Wet or damp,Normal,Darkness - lights lit,Vehicle with vehicle collision,1,1,Going straight,Female,31-50,3,Driving carelessly,Slight Injury,Governmental,Below 1yr,Normal,Crossing from nearside - masked by parked or statioNot a Pedestrianry vehicle,Slight Injury
11:48:00,Monday,Over 51,Male,2-5yr,Public (12 seats),Office areas,Asphalt roads,Dry,Normal,Daylight,Collision with pedestrians,2,1,Going straight,Male,31-50,3,Driving carelessly,Serious Injury,Owner,Unknown,Normal,Not a Pedestrian,Slight Injury
11:48:00,Monday,31-50,Male,2-5yr,Automobile,Office areas,Asphalt roads,Dry,Normal,Daylight,Vehicle with vehicle collision,2,1,Moving Backward,na,No Casualty,na,Driving under the influence of drugs,Serious Injury,Owner,Unknown,Normal,Not a Pedestrian,No Casualty
20:30:00,Tuesday,18-30,Male,1-2yr,Stationwagen,Other,Gravel roads,Wet or damp,Rain,Darkness - lights lit,Collision with pedestrians,1,1,Going straight,Male,31-50,3,Driving carelessly,Slight Injury,Owner,Unknown,No Casualty,"Walking along in carriageway, facing traffic",Slight Injury
11:00:00,Monday,18-30,Male,5-10yr,Automobile,Other,Asphalt roads,Dry,Normal,Daylight,Vehicle with vehicle collision,2,2,Other,Male,18-30,2,No distancing,Slight Injury,Owner,Above 10yr,Normal,Not a Pedestrian,Serious Injury
11:00:00,Monday,31-50,Male,5-10yr,Lorry (41-100Q),Office areas,Asphalt roads,Dry,Normal,Daylight,Vehicle with vehicle collision,2,2,Going straight,na,No Casualty,na,Driving carelessly,Slight Injury,Owner,Unknown,Normal,Not a Pedestrian,No Casualty
11:00:00,Monday,31-50,Male,1-2yr,Other,Office areas,Asphalt roads,Dry,Normal,Daylight,Vehicle with vehicle collision,2,2,Going straight,na,No Casualty,na,Driving to the left,Slight Injury,Owner,2-5yrs,Normal,Not a Pedestrian,No Casualty
08:09:00,Friday,31-50,Male,5-10yr,Pick up upto 10Q,Other,Asphalt roads,Dry,Normal,Daylight,Vehicle with vehicle collision,2,3,Going straight,Female,18-30,3,Overtaking,Slight Injury,Owner,Unknown,Normal,Not a Pedestrian,Slight Injury
08:09:00,Friday,31-50,Male,2-5yr,Automobile,Other,Asphalt roads,Dry,Normal,Daylight,Vehicle with vehicle collision,2,3,Going straight,Male,31-50,3,No distancing,Slight Injury,Owner,Unknown,Normal,Not a Pedestrian,Slight Injury
08:09:00,Friday,31-50,Male,5-10yr,Lorry (41-100Q),Residential areas,Asphalt roads,Dry,Normal,Daylight,Collision with roadside objects,2,3,Going straight,Male,31-50,3,Driving carelessly,Slight Injury,Governmental,Unknown,Normal,Not a Pedestrian,Slight Injury
18:00:00,Friday,18-30,Female,Above 10yr,Automobile,Other,Asphalt roads,Dry,Normal,Daylight,Vehicle with vehicle collision,2,1,Moving Backward,Male,31-50,3,No priority to vehicle,Slight Injury,Owner,1-2yr,No Casualty,Crossing from driver's nearside,Slight Injury
18:00:00,Friday,Over 51,Male,Above 10yr,Public (13-45 seats),Office areas,Asphalt roads,Dry,Normal,Daylight,Vehicle with vehicle collision,2,1,Going straight,Male,18-30,3,No priority to vehicle,Slight Injury,Owner,Unknown,Normal,Crossing from nearside - masked by parked or statioNot a Pedestrianry vehicle,Slight Injury
10:15:00,Friday,18-30,Male,2-5yr,Automobile,Office areas,Asphalt roads,Wet or damp,Other,Daylight,Collision with roadside objects,2,1,Going straight,na,No Casualty,na,No priority to vehicle,Slight Injury,Owner,2-5yrs,No Casualty,Not a Pedestrian,No Casualty
10:15:00,Friday,31-50,Male,5-10yr,Lorry (41-100Q),Other,Earth roads,Wet or damp,Other,Daylight,Vehicle with vehicle collision,2,1,Going straight,Male,31-50,3,No priority to vehicle,Slight Injury,Owner,Unknown,Normal,Not a Pedestrian,Slight Injury
01:35:00,Sunday,31-50,Male,1-2yr,Public (12 seats),Other,Asphalt roads,Wet or damp,Normal,Darkness - lights lit,Vehicle with vehicle collision,3,3,Going straight,Male,31-50,3,No distancing,Serious Injury,Owner,Unknown,Normal,Not a Pedestrian,Slight Injury
01:35:00,Sunday,31-50,Male,Above 10yr,Motorcycle,Other,Asphalt roads,Wet or damp,Normal,Darkness - lights lit,Vehicle with vehicle collision,3,3,Going straight,na,No Casualty,na,Moving Backward,Serious Injury,Owner,Above 10yr,Normal,Not a Pedestrian,No Casualty
01:35:00,Sunday,31-50,Male,5-10yr,Public (12 seats),Office areas,Asphalt roads,Wet or damp,Normal,Darkness - lights lit,Vehicle with vehicle collision,3,3,Going straight,na,No Casualty,na,No distancing,Serious Injury,Owner,Unknown,Normal,Not a Pedestrian,No Casualty
01:35:00,Sunday,18-30,Male,2-5yr,Lorry (41-100Q),Office areas,Asphalt roads,Wet or damp,Normal,Darkness - lights lit,Collision with pedestrians,3,3,Going straight,Male,18-30,2,Changing lane to the left,Serious Injury,Owner,Above 10yr,No Casualty,Crossing from nearside - masked by parked or statioNot a Pedestrianry vehicle,Serious Injury
01:35:00,Sunday,18-30,Male,Above 10yr,Automobile,Other,Earth roads,Wet or damp,Normal,Darkness - lights lit,Collision with pedestrians,3,3,Going straight,Male,31-50,3,Changing lane to the left,Serious Injury,Owner,Unknown,No Casualty,Not a Pedestrian,Slight Injury
15:35:00,Tuesday,31-50,Male,2-5yr,Lorry (41-100Q),Church areas,Asphalt roads,Dry,Normal,Daylight,Vehicle with vehicle collision,2,1,Going straight,na,No Casualty,na,No priority to pedestrian,Slight Injury,Owner,Above 10yr,Normal,Not a Pedestrian,No Casualty
15:35:00,Tuesday,31-50,Male,Above 10yr,Stationwagen,Industrial areas,Asphalt roads,Dry,Normal,Daylight,Vehicle with vehicle collision,2,1,Going straight,Male,31-50,3,Moving Backward,Slight Injury,Governmental,Unknown,Normal,Not a Pedestrian,Slight Injury
01:50:00,Thursday,18-30,Male,Above 10yr,Pick up upto 10Q,Other,Earth roads,Wet or damp,Normal,Darkness - lights lit,Collision with roadside objects,2,2,Going straight,Male,18-30,3,Changing lane to the left,Slight Injury,Organization,2-5yrs,Normal,Crossing from nearside - masked by parked or statioNot a Pedestrianry vehicle,Slight Injury
01:50:00,Thursday,31-50,Male,2-5yr,Automobile,Other,Asphalt roads,Wet or damp,Normal,Darkness - lights lit,Vehicle with vehicle collision,2,2,Other,Male,31-50,3,No distancing,Slight Injury,Owner,5-10yrs,No Casualty,Not a Pedestrian,Slight Injury
10:18:00,Thursday,31-50,Male,Above 10yr,Automobile,Office areas,Asphalt roads,Wet or damp,Windy,Daylight,Vehicle with vehicle collision,2,1,Going straight,na,No Casualty,na,No priority to vehicle,Serious Injury,Owner,1-2yr,Normal,Not a Pedestrian,No Casualty
10:18:00,Thursday,18-30,Male,Above 10yr,Automobile,Other,Asphalt roads,Wet or damp,Windy,Daylight,Vehicle with vehicle collision,2,1,Going straight,Female,31-50,3,Changing lane to the right,Serious Injury,Owner,Unknown,No Casualty,Not a Pedestrian,Slight Injury
11:08:00,Thursday,18-30,Male,Below 1yr,Other,Recreational areas,Asphalt roads,Wet or damp,Other,Daylight,Vehicle with vehicle collision,1,1,Going straight,na,No Casualty,na,No distancing,Serious Injury,Owner,Unknown,Normal,Not a Pedestrian,No Casualty
13:40:00,Friday,Over 51,Male,Above 10yr,Automobile,Other,Asphalt roads,Dry,Normal,Daylight,Collision with roadside objects,2,1,Going straight,Female,31-50,3,No distancing,Slight Injury,Governmental,Unknown,Normal,Not a Pedestrian,Slight Injury
13:40:00,Friday,Over 51,Male,Above 10yr,Public (13-45 seats),Church areas,Asphalt roads,Dry,Normal,Daylight,Vehicle with vehicle collision,2,1,Going straight,Male,18-30,3,Getting off the vehicle improperly,Slight Injury,Governmental,5-10yrs,No Casualty,Crossing from nearside - masked by parked or statioNot a Pedestrianry vehicle,Slight Injury
09:51:00,Thursday,Under 18,Male,5-10yr,Public (13-45 seats),Residential areas,Asphalt roads,Wet or damp,Normal,Daylight,Vehicle with vehicle collision,2,1,Going straight,na,No Casualty,na,No priority to pedestrian,Slight Injury,Owner,Unknown,No Casualty,Not a Pedestrian,No Casualty
09:51:00,Thursday,Over 51,Male,5-10yr,Automobile,Office areas,Asphalt roads,Wet or damp,Normal,Daylight,Collision with roadside objects,2,1,Moving Backward,Female,18-30,3,Changing lane to the left,Slight Injury,Owner,5-10yrs,No Casualty,Not a Pedestrian,Slight Injury
08:06:00,Wednesday,18-30,Male,5-10yr,Public (12 seats),Other,Asphalt roads,Wet or damp,Normal,Daylight,Vehicle with vehicle collision,2,1,Going straight,na,No Casualty,na,No distancing,Serious Injury,Owner,2-5yrs,No Casualty,Not a Pedestrian,No Casualty
08:06:00,Wednesday,Over 51,Male,5-10yr,Public (12 seats),Office areas,Asphalt roads,Wet or damp,Normal,Daylight,Collision with roadside objects,2,1,Going straight,Male,Over 51,3,Driving carelessly,Serious Injury,Governmental,2-5yrs,Normal,Not a Pedestrian,Slight Injury
08:30:00,Tuesday,18-30,Male,Below 1yr,Lorry (41-100Q),Office areas,Asphalt roads,Dry,Normal,Daylight,Vehicle with vehicle collision,2,1,Going straight,Male,31-50,3,No distancing,Serious Injury,Owner,Unknown,Normal,Not a Pedestrian,Slight Injury
08:30:00,Tuesday,31-50,Male,5-10yr,Automobile,Other,Asphalt roads,Dry,Normal,Daylight,Vehicle with vehicle collision,2,1,Going straight,na,No Casualty,na,Changing lane to the right,Serious Injury,Owner,Unknown,No Casualty,Not a Pedestrian,No Casualty
08:15:00,Friday,31-50,Male,2-5yr,Pick up upto 10Q,Residential areas,Asphalt roads with some distress,Wet or damp,Normal,Daylight,Vehicle with vehicle collision,2,1,Going straight,Male,18-30,3,Overtaking,Slight Injury,Owner,Unknown,Normal,Not a Pedestrian,Slight Injury
08:15:00,Friday,Over 51,Male,2-5yr,Pick up upto 10Q,Recreational areas,Asphalt roads,Wet or damp,Normal,Daylight,Vehicle with vehicle collision,2,1,Going straight,na,No Casualty,na,Driving carelessly,Slight Injury,Owner,Unknown,Normal,Not a Pedestrian,No Casualty
23:45:00,Monday,18-30,Female,2-5yr,Lorry (41-100Q),Church areas,Asphalt roads,Wet or damp,Rain,Darkness - lights lit,Vehicle with vehicle collision,1,1,Going straight,Male,31-50,3,Moving Backward,Slight Injury,Owner,Unknown,Normal,Not a Pedestrian,Slight Injury
11:06:00,Friday,Over 51,Male,2-5yr,Automobile,Other,Asphalt roads,Dry,Normal,Daylight,Vehicle with vehicle collision,1,1,Going straight,na,No Casualty,na,No distancing,Serious Injury,Owner,Unknown,Normal,Not a Pedestrian,No Casualty
04:15:00,Sunday,18-30,Male,Above 10yr,Stationwagen,Other,Asphalt roads,Wet or damp,Other,Darkness - lights lit,Vehicle with vehicle collision,1,1,Going straight,Male,18-30,3,Overtaking,Slight Injury,Owner,Unknown,Normal,Not a Pedestrian,Slight Injury
22:30:00,Tuesday,18-30,Male,2-5yr,Motorcycle,Other,Asphalt roads,Dry,Normal,Daylight,Vehicle with vehicle collision,2,2,Going straight,na,No Casualty,na,Driving carelessly,Slight Injury,Owner,Unknown,Normal,Not a Pedestrian,No Casualty
22:30:00,Tuesday,18-30,Male,1-2yr,Automobile,Residential areas,Asphalt roads,Dry,Normal,Daylight,Collision with pedestrians,2,2,Going straight,Female,18-30,3,Driving carelessly,Slight Injury,Governmental,Unknown,Normal,Not a Pedestrian,Slight Injury
22:30:00,Tuesday,18-30,Male,2-5yr,Other,School areas,Asphalt roads,Dry,Normal,Daylight,Collision with roadside objects,2,2,Going straight,Male,18-30,3,Moving Backward,Slight Injury,Owner,Above 10yr,Normal,Not a Pedestrian,Slight Injury
17:36:00,Friday,31-50,Male,1-2yr,Automobile,Church areas,Asphalt roads,Dry,Normal,Darkness - lights lit,Vehicle with vehicle collision,2,3,Other,Female,18-30,3,Driving carelessly,Slight Injury,Owner,Above 10yr,Normal,Not a Pedestrian,Slight Injury
17:36:00,Friday,31-50,Male,5-10yr,Automobile,Other,Asphalt roads,Dry,Normal,Darkness - lights lit,Vehicle with vehicle collision,2,3,Going straight,na,No Casualty,na,Driving to the left,Slight Injury,Owner,Above 10yr,Normal,Not a Pedestrian,No Casualty
17:36:00,Friday,31-50,Male,5-10yr,Automobile,Other,Asphalt roads,Dry,Normal,Darkness - lights lit,Collision with roadside objects,2,3,Going straight,na,No Casualty,na,Changing lane to the left,Slight Injury,Owner,Below 1yr,No Casualty,Not a Pedestrian,No Casualty
15:23:00,Wednesday,18-30,Male,2-5yr,Public (> 45 seats),Office areas,Asphalt roads,Dry,Cloudy,Daylight,Vehicle with vehicle collision,2,1,Going straight,Female,18-30,1,No distancing,Slight Injury,Owner,2-5yrs,No Casualty,Not a Pedestrian,Fatal Injury
15:23:00,Wednesday,Over 51,Male,Below 1yr,Automobile,Office areas,Asphalt roads,Dry,Cloudy,Daylight,Vehicle with vehicle collision,2,1,Going straight,na,No Casualty,na,No distancing,Slight Injury,Owner,2-5yrs,Normal,Not a Pedestrian,No Casualty
07:45:00,Thursday,18-30,Male,5-10yr,Other,Other,Asphalt roads,Wet or damp,Rain,Darkness - no lighting,Collision with pedestrians,2,1,Going straight,Male,18-30,3,Changing lane to the right,Slight Injury,Owner,2-5yrs,Normal,Not a Pedestrian,Slight Injury
07:45:00,Thursday,18-30,Male,Above 10yr,Automobile,Hospital areas,Asphalt roads,Wet or damp,Rain,Darkness - no lighting,Vehicle with vehicle collision,2,1,Going straight,Male,Under 18,3,Driving under the influence of drugs,Slight Injury,Owner,Below 1yr,Normal,Not a Pedestrian,Slight Injury
20:35:00,Monday,18-30,Male,1-2yr,Other,Other,Asphalt roads,Wet or damp,Rain,Darkness - lights lit,Collision with pedestrians,2,3,Going straight,Female,18-30,3,Changing lane to the right,Slight Injury,Owner,2-5yrs,Normal,Not a Pedestrian,Slight Injury