Time,Day_of_week,Age_band_of_driver,Sex_of_driver,Driving_experience,Type_of_vehicle,Area_accident_occured,Road_surface_type,Road_surface_conditions,Weather_conditions,Light_conditions,Type_of_collision,Number_of_vehicles_involved,Number_of_casualties,Vehicle_movement,Sex_of_casualty,Age_band_of_casualty,Casualty_severity,Cause_of_accident,Accident_severity,Owner_of_vehicle,Service_year_of_vehicle,Fitness_of_casuality,Pedestrian_movement,Casualty_severity_label
16:00:00,Friday,31-50,Male,2-5yr,Public (> 45 seats),Office areas,Asphalt roads,Wet or damp,Rain,Daylight,Vehicle with vehicle collision,2,1,Reversing,na,No Casualty,na,Driving carelessly,Slight Injury,Owner,Above 10yr,Normal,Not a Pedestrian,No Casualty
17:23:00,Wednesday,18-30,Male,2-5yr,Lorry (11-40Q),Residential areas,Asphalt roads,Wet or damp,Rain,Daylight,Vehicle with vehicle collision,2,2,Other,na,No Casualty,na,Changing lane to the right,Slight Injury,Owner,Above 10yr,Normal,Not a Pedestrian,No Casualty
17:23:00,Wednesday,31-50,Male,Above 10yr,Pick up upto 10Q,Other,Asphalt roads,Wet or damp,Rain,Daylight,Vehicle with vehicle collision,2,2,Going straight,Male,18-30,3,Driving carelessly,Slight Injury,Owner,Above 10yr,Normal,Not a Pedestrian,Slight Injury
17:50:00,Friday,18-30,Male,1-2yr,Lorry (11-40Q),Residential areas,Asphalt roads,Wet or damp,Normal,Daylight,Vehicle with vehicle collision,2,1,Going straight,na,No Casualty,na,Driving carelessly,Slight Injury,Owner,Above 10yr,Normal,Not a Pedestrian,No Casualty
17:50:00,Friday,31-50,Male,1-2yr,Pick up upto 10Q,Residential areas,Asphalt roads,Wet or damp,Normal,Daylight,Vehicle with vehicle collision,2,1,Moving Backward,Female,Over 51,3,Driving carelessly,Slight Injury,Owner,5-10yrs,Normal,Not a Pedestrian,Slight Injury
19:35:00,Thursday,Under 18,Male,5-10yr,Special vehicle,Residential areas,Asphalt roads,Dry,Normal,Daylight,Vehicle with vehicle collision,3,4,Reversing,Female,31-50,3,Changing lane to the right,Serious Injury,Owner,Unknown,Normal,Not a Pedestrian,Slight Injury
19:35:00,Thursday,Under 18,Male,1-2yr,Lorry (11-40Q),Other,Asphalt roads,Dry,Normal,Daylight,Other,3,4,Going straight,na,No Casualty,na,Changing lane to the right,Serious Injury,Owner,1-2yr,Normal,Not a Pedestrian,No Casualty
19:35:00,Thursday,Under 18,Male,5-10yr,Automobile,Other,Asphalt roads,Dry,Normal,Daylight,Vehicle with vehicle collision,3,4,Going straight,Male,31-50,3,Driving carelessly,Serious Injury,Owner,5-10yrs,Normal,Not a Pedestrian,Slight Injury
19:35:00,Thursday,Under 18,Male,Above 10yr,Automobile,Other,Asphalt roads,Dry,Normal,Daylight,Collision with roadside objects,3,4,Moving Backward,Male,Over 51,3,Overtaking,Serious Injury,Owner,5-10yrs,Normal,Not a Pedestrian,Slight Injury
19:35:00,Thursday,31-50,Male,Above 10yr,Lorry (41-100Q),Hospital areas,Asphalt roads,Dry,Normal,Daylight,Vehicle with vehicle collision,3,4,Going straight,Female,31-50,3,Changing lane to the right,Serious Injury,Owner,1-2yr,Normal,Not a Pedestrian,Slight Injury
19:35:00,Thursday,18-30,Male,5-10yr,Other,Residential areas,Asphalt roads,Dry,Normal,Daylight,Vehicle with vehicle collision,3,4,Going straight,Male,31-50,3,No distancing,Serious Injury,Owner,2-5yrs,Normal,Not a Pedestrian,Slight Injury
13:38:00,Sunday,18-30,Male,2-5yr,Other,Residential areas,Asphalt roads,Dry,Normal,Daylight,Vehicle with vehicle collision,3,2,Going straight,Male,31-50,3,Other,Slight Injury,Owner,5-10yrs,Normal,Not a Pedestrian,Slight Injury
13:38:00,Sunday,18-30,Male,2-5yr,Automobile,Residential areas,Asphalt roads,Dry,Normal,Daylight,Vehicle with vehicle collision,3,2,Going straight,Female,Over 51,3,Changing lane to the right,Slight Injury,Owner,5-10yrs,Normal,Not a Pedestrian,Slight Injury
13:38:00,Sunday,18-30,Female,Below 1yr,Other,Other,Asphalt roads,Dry,Normal,Daylight,Vehicle with vehicle collision,3,2,Going straight,Male,Under 18,3,Changing lane to the right,Slight Injury,Owner,1-2yr,Normal,Not a Pedestrian,Slight Injury
13:38:00,Sunday,18-30,Male,2-5yr,Automobile,Office areas,Asphalt roads,Dry,Normal,Daylight,Vehicle with vehicle collision,3,2,Going straight,Male,Under 18,2,Overtaking,Slight Injury,Owner,1-2yr,Normal,Not a Pedestrian,Serious Injury
17:14:00,Friday,18-30,Female,2-5yr,Public (13-45 seats),Other,Asphalt roads,Dry,Normal,Daylight,Collision with roadside objects,4,1,Going straight,Male,Under 18,2,Other,Slight Injury,Owner,2-5yrs,No Casualty,Not a Pedestrian,Serious Injury
17:14:00,Friday,31-50,Male,5-10yr,Lorry (41-100Q),Office areas,Asphalt roads,Dry,Normal,Daylight,Collision with roadside objects,4,1,Going straight,na,No Casualty,na,Driving to the left,Slight Injury,Owner,Unknown,Normal,Not a Pedestrian,No Casualty
17:14:00,Friday,31-50,Male,Above 10yr,Automobile,Residential areas,Asphalt roads,Dry,Normal,Daylight,Vehicle with vehicle collision,4,1,Reversing,Female,18-30,3,Overtaking,Slight Injury,Owner,Unknown,Normal,Not a Pedestrian,Slight Injury
17:14:00,Friday,Under 18,Male,5-10yr,Automobile,Office areas,Asphalt roads,Dry,Normal,Daylight,Collision with roadside objects,4,1,Going straight,na,No Casualty,na,No priority to vehicle,Slight Injury,Owner,Unknown,No Casualty,Not a Pedestrian,No Casualty
18:57:00,Tuesday,18-30,Male,2-5yr,Automobile,Office areas,Asphalt roads,Dry,Normal,Daylight,Collision with roadside objects,2,2,Going straight,Male,Under 18,3,Moving Backward,Slight Injury,Owner,Unknown,Normal,Not a Pedestrian,Slight Injury
18:57:00,Tuesday,18-30,Male,5-10yr,Lorry (41-100Q),Other,Asphalt roads,Dry,Normal,Daylight,Vehicle with vehicle collision,2,2,Going straight,na,No Casualty,na,Other,Slight Injury,Organization,Unknown,Normal,Not a Pedestrian,No Casualty
16:58:00,Thursday,Under 18,Male,2-5yr,Automobile,Office areas,Asphalt roads,Dry,Normal,Daylight,Vehicle with vehicle collision,3,1,Going straight,Male,18-30,3,No priority to vehicle,Slight Injury,Owner,Unknown,Normal,Not a Pedestrian,Slight Injury
16:58:00,Thursday,18-30,Male,5-10yr,Lorry (41-100Q),Office areas,Asphalt roads,Dry,Normal,Daylight,Collision with roadside objects,3,1,Going straight,na,No Casualty,na,No priority to pedestrian,Slight Injury,Owner,Unknown,Normal,Not a Pedestrian,No Casualty
16:58:00,Thursday,Over 51,Male,1-2yr,Taxi,Office areas,Asphalt roads,Dry,Normal,Daylight,Vehicle with vehicle collision,3,1,Going straight,Female,31-50,3,Changing lane to the right,Slight Injury,Governmental,Unknown,Normal,Not a Pedestrian,Slight Injury
21:25:00,Sunday,31-50,Male,2-5yr,Lorry (41-100Q),Other,Asphalt roads,Dry,Normal,Darkness - lights lit,Vehicle with vehicle collision,2,5,Other,Male,18-30,3,Changing lane to the right,Slight Injury,Owner,Unknown,No Casualty,Not a Pedestrian,Slight Injury
21:25:00,Sunday,31-50,Male,Above 10yr,Lorry (41-100Q),Residential areas,Asphalt roads,Dry,Normal,Darkness - lights lit,Vehicle with vehicle collision,2,5,Moving Backward,na,No Casualty,na,Changing lane to the right,Slight Injury,Owner,Unknown,No Casualty,Not a Pedestrian,No Casualty
21:25:00,Sunday,31-50,Male,Below 1yr,Other,Residential areas,Asphalt roads,Dry,Normal,Darkness - lights lit,Vehicle with vehicle collision,2,5,Other,na,No Casualty,na,Driving to the left,Slight Injury,Owner,2-5yrs,Normal,Not a Pedestrian,No Casualty
21:25:00,Sunday,31-50,Male,2-5yr,Stationwagen,Church areas,Asphalt roads,Dry,Normal,Darkness - lights lit,Vehicle with vehicle collision,2,5,Going straight,Male,31-50,3,Changing lane to the left,Slight Injury,Owner,5-10yrs,Normal,Not a Pedestrian,Slight Injury
21:25:00,Sunday,31-50,Male,Below 1yr,Stationwagen,Other,Asphalt roads,Dry,Normal,Darkness - lights lit,Vehicle with vehicle collision,2,5,Going straight,na,No Casualty,na,Moving Backward,Slight Injury,Owner,5-10yrs,No Casualty,Not a Pedestrian,No Casualty
04:50:00,Thursday,18-30,Male,5-10yr,Lorry (41-100Q),Residential areas,Asphalt roads,Dry,Normal,Darkness - lights lit,Collision with pedestrians,1,1,Going straight,Male,18-30,3,Overspeed,Slight Injury,Owner,Unknown,Normal,Not a Pedestrian,Slight Injury
03:26:00,Thursday,18-30,Female,1-2yr,Lorry (41-100Q),Other,Asphalt roads,Dry,Normal,Darkness - lights lit,Vehicle with vehicle collision,2,1,Other,Male,Over 51,3,Moving Backward,Serious Injury,Owner,2-5yrs,No Casualty,Not a Pedestrian,Slight Injury
03:26:00,Thursday,Over 51,Male,Below 1yr,Other,Residential areas,Asphalt roads,Dry,Normal,Darkness - lights lit,Collision with roadside objects,2,1,Going straight,na,No Casualty,na,No distancing,Serious Injury,Owner,2-5yrs,No Casualty,Not a Pedestrian,No Casualty
15:25:00,Thursday,Over 51,Male,5-10yr,Automobile,Residential areas,Asphalt roads,Dry,Normal,Daylight,Vehicle with vehicle collision,1,1,Going straight,Male,31-50,3,Other,Slight Injury,Owner,2-5yrs,Normal,Not a Pedestrian,Slight Injury
12:45:00,Sunday,18-30,Male,Below 1yr,Automobile,Other,Asphalt roads,Dry,Normal,Daylight,Vehicle with vehicle collision,2,1,Going straight,Male,31-50,3,No priority to vehicle,Slight Injury,Owner,5-10yrs,Normal,Crossing from nearside - masked by parked or statioNot a Pedestrianry vehicle,Slight Injury
12:45:00,Sunday,31-50,Male,Below 1yr,Taxi,Other,Asphalt roads,Dry,Normal,Daylight,Vehicle with vehicle collision,2,1,Going straight,Male,18-30,3,Changing lane to the right,Slight Injury,Owner,Unknown,Normal,Not a Pedestrian,Slight Injury
22:39:00,Monday,31-50,Male,5-10yr,Lorry (41-100Q),Other,Asphalt roads,Dry,Normal,Darkness - lights lit,Vehicle with vehicle collision,1,1,Going straight,na,No Casualty,na,Other,Slight Injury,Owner,Unknown,Normal,Not a Pedestrian,No Casualty
07:56:00,Thursday,31-50,Male,2-5yr,Other,Other,Asphalt roads,Dry,Normal,Daylight,Vehicle with vehicle collision,2,1,Going straight,Male,18-30,3,No distancing,Slight Injury,Owner,Unknown,Normal,Not a Pedestrian,Slight Injury
07:56:00,Thursday,18-30,Male,Above 10yr,Automobile,Residential areas,Asphalt roads,Dry,Normal,Daylight,Vehicle with vehicle collision,2,1,Moving Backward,Female,Over 51,3,Driving carelessly,Slight Injury,Owner,Unknown,Normal,Not a Pedestrian,Slight Injury
20:08:00,Thursday,31-50,Male,Above 10yr,Public (> 45 seats),Recreational areas,Asphalt roads,Dry,Normal,Daylight,Vehicle with vehicle collision,3,2,Moving Backward,na,No Casualty,na,No distancing,Serious Injury,Owner,2-5yrs,Normal,Not a Pedestrian,No Casualty
20:08:00,Thursday,18-30,Male,5-10yr,Stationwagen,Other,Asphalt roads,Dry,Normal,Daylight,Vehicle with vehicle collision,3,2,Going straight,Female,18-30,3,Moving Backward,Serious Injury,Owner,Unknown,Normal,Not a Pedestrian,Slight Injury
20:08:00,Thursday,31-50,Male,1-2yr,Automobile,Office areas,Asphalt roads,Dry,Normal,Daylight,Vehicle with vehicle collision,3,2,Going straight,Male,18-30,3,No distancing,Serious Injury,Owner,Unknown,Normal,Not a Pedestrian,Slight Injury
20:40:00,Thursday,18-30,Male,Below 1yr,Lorry (41-100Q),Other,Asphalt roads,Dry,Normal,Daylight,Collision with roadside objects,2,2,Turnover,na,No Casualty,na,Moving Backward,Slight Injury,Owner,Unknown,No Casualty,Not a Pedestrian,No Casualty
20:40:00,Thursday,18-30,Male,Below 1yr,Other,Office areas,Asphalt roads,Dry,Normal,Daylight,Vehicle with vehicle collision,2,2,Going straight,Male,18-30,3,No priority to pedestrian,Slight Injury,Owner,Unknown,Normal,Not a Pedestrian,Slight Injury
20:40:00,Thursday,18-30,Male,2-5yr,Public (13-45 seats),Office areas,Asphalt roads,Dry,Normal,Daylight,Collision with roadside objects,2,2,Going straight,Female,18-30,3,Changing lane to the left,Slight Injury,Owner,Unknown,Normal,Not a Pedestrian,Slight Injury
13:28:00,Friday,18-30,Male,1-2yr,Other,Office areas,Asphalt roads,Dry,Normal,Daylight,Vehicle with vehicle collision,2,1,Going straight,na,No Casualty,na,No distancing,Slight Injury,Owner,Unknown,Normal,Not a Pedestrian,No Casualty
13:28:00,Friday,31-50,Male,5-10yr,Other,Other,Asphalt roads,Dry,Normal,Daylight,Vehicle with vehicle collision,2,1,Going straight,Male,Over 51,3,Other,Slight Injury,Owner,Unknown,No Casualty,"Walking along in carriageway, back to traffic",Slight Injury
00:44:00,Sunday,Under 18,Male,2-5yr,Ridden horse,Other,Asphalt roads,Dry,Normal,Darkness - lights lit,Vehicle with vehicle collision,1,1,Going straight,na,No Casualty,na,No distancing,Serious Injury,Governmental,Unknown,Normal,Not a Pedestrian,No Casualty
09:28:00,Friday,18-30,Male,5-10yr,Lorry (41-100Q),Office areas,Asphalt roads,Dry,Normal,Daylight,Collision with pedestrians,4,1,Going straight,Male,18-30,3,No priority to pedestrian,Slight Injury,Owner,Unknown,Normal,Not a Pedestrian,Slight Injury
09:28:00,Friday,18-30,Male,Above 10yr,Lorry (41-100Q),Residential areas,Asphalt roads,Dry,Normal,Daylight,Vehicle with vehicle collision,4,1,Going straight,na,No Casualty,na,Moving Backward,Slight Injury,Owner,Unknown,Normal,Not a Pedestrian,No Casualty
09:28:00,Friday,31-50,Male,5-10yr,Pick up upto 10Q,Recreational areas,Asphalt roads,Dry,Normal,Daylight,Vehicle with vehicle collision,4,1,Going straight,Male,18-30,3,No priority to pedestrian,Slight Injury,Governmental,2-5yrs,Normal,Not a Pedestrian,Slight Injury
09:28:00,Friday,18-30,Male,5-10yr,Lorry (11-40Q),Other,Asphalt roads,Dry,Normal,Daylight,Vehicle with vehicle collision,4,1,Going straight,Female,Over 51,2,No distancing,Slight Injury,Owner,1-2yr,Normal,Not a Pedestrian,Serious Injury
19:41:00,Thursday,18-30,Male,5-10yr,Automobile,Residential areas,Asphalt roads,Dry,Normal,Daylight,Collision with pedestrians,1,1,Other,Male,Over 51,2,No priority to pedestrian,Slight Injury,Owner,Above 10yr,Normal,Not a Pedestrian,Serious Injury
20:26:00,Sunday,18-30,Male,Above 10yr,Automobile,Other,Asphalt roads,Dry,Normal,Daylight,Collision with roadside objects,2,1,Getting off,Male,18-30,3,Driving carelessly,Slight Injury,Owner,Unknown,Normal,Not a Pedestrian,Slight Injury
20:26:00,Sunday,31-50,Male,1-2yr,Lorry (11-40Q),Other,Asphalt roads,Dry,Normal,Daylight,Vehicle with vehicle collision,2,1,Going straight,na,No Casualty,na,Getting off the vehicle improperly,Slight Injury,Owner,Unknown,Normal,Not a Pedestrian,No Casualty
18:17:00,Friday,31-50,Male,2-5yr,Motorcycle,Other,Asphalt roads,Dry,Normal,Daylight,Vehicle with vehicle collision,1,1,Going straight,Male,31-50,3,Driving carelessly,Slight Injury,Owner,5-10yrs,Normal,Not a Pedestrian,Slight Injury
07:55:00,Wednesday,18-30,Female,1-2yr,Lorry (41-100Q),Other,Asphalt roads,Dry,Normal,Daylight,Vehicle with vehicle collision,2,1,Going straight,na,No Casualty,na,Changing lane to the left,Slight Injury,Owner,Unknown,Normal,Not a Pedestrian,No Casualty
07:55:00,Wednesday,Under 18,Male,5-10yr,Stationwagen,Other,Asphalt roads,Dry,Normal,Daylight,Vehicle with vehicle collision,2,1,Other,na,No Casualty,na,No priority to vehicle,Slight Injury,Owner,2-5yrs,Normal,Not a Pedestrian,No Casualty
15:40:00,Tuesday,18-30,Male,5-10yr,Automobile,School areas,Asphalt roads,Dry,Normal,Daylight,Vehicle with vehicle collision,2,1,Going straight,Male,31-50,3,Changing lane to the right,Slight Injury,Owner,Unknown,Normal,Not a Pedestrian,Slight Injury
15:40:00,Tuesday,31-50,Male,5-10yr,Other,Office areas,Asphalt roads,Dry,Normal,Daylight,Vehicle with vehicle collision,2,1,Moving Backward,Male,Over 51,3,Changing lane to the right,Slight Injury,Owner,Unknown,Normal,Not a Pedestrian,Slight Injury
19:00:00,Monday,31-50,Male,Above 10yr,Other,Office areas,Asphalt roads,Dry,Normal,Daylight,Vehicle with vehicle collision,2,1,Other,na,No Casualty,na,No distancing,Slight Injury,Owner,Unknown,Normal,Not a Pedestrian,No Casualty
19:00:00,Monday,18-30,Male,2-5yr,Taxi,Office areas,Asphalt roads,Dry,Normal,Daylight,Collision with roadside objects,2,1,Going straight,Female,18-30,3,No distancing,Slight Injury,Owner,5-10yrs,Normal,Not a Pedestrian,Slight Injury
12:04:00,Monday,Over 51,Male,Above 10yr,Automobile,School areas,Asphalt roads,Dry,Normal,Daylight,Collision with roadside objects,2,6,Going straight,na,No Casualty,na,Changing lane to the left,Serious Injury,Owner,Unknown,Normal,Not a Pedestrian,No Casualty
12:04:00,Monday,Over 51,Male,2-5yr,Long lorry,School areas,Asphalt roads,Dry,Normal,Daylight,Vehicle with vehicle collision,2,6,Going straight,Male,18-30,3,Changing lane to the right,Serious Injury,Governmental,Unknown,No Casualty,Not a Pedestrian,Slight Injury
12:04:00,Monday,31-50,Male,5-10yr,Long lorry,Office areas,Asphalt roads,Dry,Normal,Daylight,Vehicle with vehicle collision,2,6,Going straight,na,No Casualty,na,No priority to vehicle,Serious Injury,Owner,Unknown,Normal,Not a Pedestrian,No Casualty
12:04:00,Monday,31-50,Male,5-10yr,Lorry (41-100Q),Office areas,Asphalt roads,Dry,Normal,Daylight,Vehicle with vehicle collision,2,6,Going straight,Male,18-30,3,Changing lane to the left,Serious Injury,Owner,Unknown,Normal,Not a Pedestrian,Slight Injury
12:04:00,Monday,31-50,Male,5-10yr,Lorry (41-100Q),School areas,Gravel roads,Dry,Normal,Daylight,Vehicle with vehicle collision,2,6,Going straight,Female,18-30,3,No priority to vehicle,Serious Injury,Governmental,Above 10yr,Normal,Not a Pedestrian,Slight Injury
12:04:00,Monday,31-50,Male,5-10yr,Lorry (11-40Q),Other,Asphalt roads,Dry,Normal,Daylight,Vehicle with vehicle collision,2,6,Going straight,na,No Casualty,na,Moving Backward,Serious Injury,Owner,1-2yr,Normal,Not a Pedestrian,No Casualty
08:40:00,Wednesday,18-30,Male,Above 10yr,Automobile,Other,Asphalt roads,Dry,Normal,Daylight,Rollover,2,1,Going straight,Female,18-30,3,Turnover,Slight Injury,Owner,Above 10yr,Normal,Not a Pedestrian,Slight Injury
08:40:00,Wednesday,Under 18,Male,Below 1yr,Taxi,Other,Asphalt roads,Dry,Normal,Daylight,Vehicle with vehicle collision,2,1,Going straight,Male,18-30,3,No distancing,Slight Injury,Owner,Below 1yr,Normal,Not a Pedestrian,Slight Injury
17:00:00,Friday,18-30,Male,5-10yr,Other,Other,Asphalt roads,Dry,Normal,Daylight,Collision with roadside objects,2,1,Going straight,na,No Casualty,na,No distancing,Slight Injury,Owner,Above 10yr,Normal,Not a Pedestrian,No Casualty
17:00:00,Friday,18-30,Male,1-2yr,Automobile,Residential areas,Asphalt roads,Dry,Normal,Daylight,Collision with pedestrians,2,1,Going straight,na,No Casualty,na,No distancing,Slight Injury,Owner,Unknown,Normal,Not a Pedestrian,No Casualty
17:07:00,Friday,18-30,Female,5-10yr,Automobile,Other,Asphalt roads,Dry,Normal,Daylight,Vehicle with vehicle collision,2,2,Going straight,Male,Under 18,3,Changing lane to the left,Slight Injury,Governmental,1-2yr,No Casualty,Not a Pedestrian,Slight Injury
17:07:00,Friday,18-30,Male,Above 10yr,Automobile,Other,Asphalt roads,Dry,Normal,Daylight,Vehicle with vehicle collision,2,2,Going straight,Female,31-50,3,No priority to vehicle,Slight Injury,Owner,1-2yr,Normal,Not a Pedestrian,Slight Injury
17:07:00,Friday,18-30,Male,2-5yr,Automobile,Industrial areas,Asphalt roads,Dry,Normal,Daylight,Vehicle with vehicle collision,2,2,Going straight,na,No Casualty,na,Overspeed,Slight Injury,Owner,Unknown,Normal,Not a Pedestrian,No Casualty
12:30:00,Monday,Under 18,Male,1-2yr,Public (> 45 seats),Recreational areas,Asphalt roads,Dry,Normal,Daylight,Vehicle with vehicle collision,2,1,Going straight,Female,Over 51,3,Overtaking,Slight Injury,Owner,Unknown,Normal,Not a Pedestrian,Slight Injury
12:30:00,Monday,18-30,Female,1-2yr,Lorry (11-40Q),Church areas,Asphalt roads with some distress,Dry,Normal,Daylight,Vehicle with vehicle collision,2,1,Going straight,Female,18-30,3,Other,Slight Injury,Owner,Above 10yr,Normal,Not a Pedestrian,Slight Injury
16:34:00,Monday,Over 51,Male,2-5yr,Lorry (41-100Q),Office areas,Asphalt roads,Dry,Normal,Daylight,Vehicle with vehicle collision,1,1,Going straight,na,No Casualty,na,Changing lane to the left,Serious Injury,Owner,Unknown,Normal,Not a Pedestrian,No Casualty
22:20:00,Monday,18-30,Male,5-10yr,Lorry (41-100Q),Other,Asphalt roads,Dry,Normal,Darkness - lights lit,Vehicle with vehicle collision,1,1,Going straight,Male,31-50,2,No priority to pedestrian,Slight Injury,Owner,Unknown,Normal,Not a Pedestrian,Serious Injury
10:10:00,Sunday,18-30,Male,2-5yr,Stationwagen,Office areas,Asphalt roads,Dry,Normal,Daylight,Collision with roadside objects,2,2,Going straight,na,No Casualty,na,Changing lane to the left,Slight Injury,Owner,Unknown,Normal,Not a Pedestrian,No Casualty
10:10:00,Sunday,31-50,Male,1-2yr,Other,Office areas,Asphalt roads,Dry,Normal,Daylight,Rollover,2,2,Going straight,na,No Casualty,na,No distancing,Slight Injury,Owner,Unknown,Normal,Not a Pedestrian,No Casualty
10:10:00,Sunday,31-50,Male,5-10yr,Automobile,Other,Asphalt roads,Dry,Normal,Daylight,Vehicle with vehicle collision,2,2,Turnover,Male,Under 18,3,Moving Backward,Slight Injury,Owner,Unknown,Normal,Not a Pedestrian,Slight Injury
07:50:00,Monday,18-30,Male,Below 1yr,Pick up upto 10Q,Residential areas,Asphalt roads,Dry,Normal,Daylight,Collision with pedestrians,2,2,Moving Backward,na,No Casualty,na,Changing lane to the left,Slight Injury,Owner,Above 10yr,No Casualty,Not a Pedestrian,No Casualty
07:50:00,Monday,18-30,Male,2-5yr,Motorcycle,Office areas,Asphalt roads,Dry,Normal,Daylight,Vehicle with vehicle collision,2,2,Going straight,Male,Over 51,3,Other,Slight Injury,Owner,Above 10yr,Normal,Not a Pedestrian,Slight Injury
07:50:00,Monday,18-30,Male,5-10yr,Automobile,Residential areas,Asphalt roads,Dry,Normal,Daylight,Vehicle with vehicle collision,2,2,Going straight,Female,Over 51,3,No distancing,Slight Injury,Owner,Above 10yr,Normal,Not a Pedestrian,Slight Injury
06:52:00,Wednesday,31-50,Male,Above 10yr,Pick up upto 10Q,Residential areas,Asphalt roads,Dry,Normal,Daylight,Collision with pedestrians,2,1,Moving Backward,Female,Over 51,3,Moving Backward,Slight Injury,Owner,Above 10yr,Normal,Crossing from nearside - masked by parked or statioNot a Pedestrianry vehicle,Slight Injury
06:52:00,Wednesday,31-50,Male,2-5yr,Motorcycle,Office areas,Asphalt roads,Dry,Normal,Daylight,Collision with pedestrians,2,1,Going straight,Male,18-30,3,No distancing,Slight Injury,Owner,5-10yrs,Normal,Not a Pedestrian,Slight Injury
21:17:00,Friday,18-30,Female,Above 10yr,Stationwagen,Recreational areas,Asphalt roads,Dry,Normal,Darkness - lights lit,Vehicle with vehicle collision,1,1,Moving Backward,na,No Casualty,na,Changing lane to the left,Slight Injury,Owner,Unknown,Normal,Not a Pedestrian,No Casualty
14:01:00,Monday,Under 18,Male,1-2yr,Lorry (41-100Q),Office areas,Asphalt roads,Wet or damp,Rain,Daylight,Vehicle with vehicle collision,1,1,Going straight,na,No Casualty,na,Changing lane to the left,Slight Injury,Governmental,Unknown,Normal,Not a Pedestrian,No Casualty
12:26:00,Monday,Over 51,Male,5-10yr,Taxi,Industrial areas,Asphalt roads,Wet or damp,Rain,Daylight,Vehicle with vehicle collision,2,2,Going straight,Male,18-30,3,No priority to pedestrian,Slight Injury,Owner,5-10yrs,Normal,Not a Pedestrian,Slight Injury
12:26:00,Monday,31-50,Male,2-5yr,Automobile,Other,Asphalt roads,Wet or damp,Rain,Daylight,Vehicle with vehicle collision,2,2,Going straight,Female,Over 51,3,Changing lane to the left,Slight Injury,Owner,Unknown,Normal,Not a Pedestrian,Slight Injury
10:35:00,Tuesday,Over 51,Male,2-5yr,Long lorry,Residential areas,Asphalt roads,Dry,Normal,Daylight,Vehicle with vehicle collision,2,1,Other,na,No Casualty,na,Driving carelessly,Slight Injury,Owner,Unknown,Normal,Not a Pedestrian,No Casualty
10:35:00,Tuesday,18-30,Male,2-5yr,Automobile,Residential areas,Asphalt roads,Dry,Normal,Daylight,Collision with roadside objects,2,1,Other,Female,18-30,3,Driving carelessly,Slight Injury,Governmental,Above 10yr,Normal,Not a Pedestrian,Slight Injury
19:50:00,Monday,Over 51,Male,2-5yr,Public (12 seats),Industrial areas,Asphalt roads,Dry,Normal,Daylight,Vehicle with vehicle collision,2,1,Going straight,Female,Over 51,3,No priority to pedestrian,Slight Injury,Owner,1-2yr,Normal,"In carriageway, statioNot a Pedestrianry - not crossing  (standing or playing)",Slight Injury
19:50:00,Monday,18-30,Male,Above 10yr,Lorry (11-40Q),Residential areas,Asphalt roads,Dry,Normal,Daylight,Vehicle with vehicle collision,2,1,Reversing,Male,18-30,3,Getting off the vehicle improperly,Slight Injury,Owner,2-5yrs,Normal,Not a Pedestrian,Slight Injury
10:30:00,Sunday,Over 51,Male,Above 10yr,Pick up upto 10Q,Residential areas,Asphalt roads,Dry,Normal,Daylight,Vehicle with vehicle collision,2,1,Going straight,Male,31-50,3,No distancing,Slight Injury,Owner,Unknown,Normal,Not a Pedestrian,Slight Injury
10:30:00,Sunday,18-30,Male,5-10yr,Lorry (41-100Q),Office areas,Asphalt roads,Dry,Normal,Daylight,Vehicle with vehicle collision,2,1,Going straight,Male,Over 51,3,Changing lane to the left,Slight Injury,Owner,Unknown,Normal,"Walking along in carriageway, back to traffic",Slight Injury
16:55:00,Thursday,18-30,Male,5-10yr,Other,Office areas,Asphalt roads,Dry,Normal,Daylight,Vehicle with vehicle collision,2,1,Going straight,na,No Casualty,na,No priority to vehicle,Slight Injury,Owner,2-5yrs,No Casualty,Not a Pedestrian,No Casualty
16:55:00,Thursday,18-30,Male,2-5yr,Automobile,Office areas,Asphalt roads,Dry,Normal,Daylight,Vehicle with vehicle collision,2,1,Going straight,Female,31-50,3,No distancing,Slight Injury,Owner,Above 10yr,Normal,Not a Pedestrian,Slight Injury
16:30:00,Monday,31-50,Male,5-10yr,Long lorry,Office areas,Asphalt roads,Dry,Normal,Daylight,Vehicle with vehicle collision,2,2,Moving Backward,Female,31-50,3,No priority to pedestrian,Slight Injury,Owner,1-2yr,Normal,Not a Pedestrian,Slight Injury
16:30:00,Monday,18-30,Male,5-10yr,Lorry (11-40Q),Office areas,Asphalt roads,Dry,Normal,Daylight,Vehicle with vehicle collision,2,2,Going straight,na,No Casualty,na,No priority to pedestrian,Slight Injury,Owner,Unknown,No Casualty,Not a Pedestrian,No Casualty
16:30:00,Monday,18-30,Male,Above 10yr,Long lorry,Office areas,Asphalt roads,Dry,Normal,Daylight,Vehicle with vehicle collision,2,2,Going straight,Female,31-50,3,No priority to vehicle,Slight Injury,Owner,Unknown,Normal,Not a Pedestrian,Slight Injury
17:10:00,Thursday,31-50,Male,5-10yr,Automobile,Office areas,Asphalt roads,Wet or damp,Rain,Daylight,Vehicle with vehicle collision,2,1,Going straight,na,No Casualty,na,Driving carelessly,Slight Injury,Owner,Unknown,Normal,Not a Pedestrian,No Casualty