Time,Day_of_week,Age_band_of_driver,Sex_of_driver,Driving_experience,Type_of_vehicle,Area_accident_occured,Road_surface_type,Road_surface_conditions,Weather_conditions,Light_conditions,Type_of_collision,Number_of_vehicles_involved,Number_of_casualties,Vehicle_movement,Sex_of_casualty,Age_band_of_casualty,Casualty_severity,Cause_of_accident,Accident_severity,Owner_of_vehicle,Service_year_of_vehicle,Fitness_of_casuality,Pedestrian_movement,Casualty_severity_label
08:50:00,Monday,Under 18,Male,1-2yr,Automobile,Other,Asphalt roads,Wet or damp,Rain,Daylight,Fall from vehicles,2,1,Going straight,Male,18-30,3,Getting off the vehicle improperly,Slight Injury,Governmental,Unknown,No Casualty,Not a Pedestrian,Slight Injury
08:50:00,Monday,18-30,Male,5-10yr,Other,Other,Asphalt roads,Wet or damp,Rain,Daylight,Collision with roadside-parked vehicles,2,1,Going straight,Male,18-30,3,Overtaking,Slight Injury,Owner,Unknown,No Casualty,Not a Pedestrian,Slight Injury
12:38:00,Thursday,18-30,Male,2-5yr,Automobile,Office areas,Asphalt roads,Dry,Normal,Daylight,Collision with animals,2,2,Going straight,na,No Casualty,na,Overloading,Slight Injury,Owner,Unknown,No Casualty,Not a Pedestrian,No Casualty
12:38:00,Thursday,31-50,Male,5-10yr,Other,Office areas,Asphalt roads,Dry,Normal,Daylight,Collision with animals,2,2,Going straight,Male,31-50,3,Changing lane to the right,Slight Injury,Owner,Unknown,No Casualty,Unknown or other,Slight Injury
12:38:00,Thursday,31-50,Male,Above 10yr,Lorry (41-100Q),Office areas,Asphalt roads,Dry,Normal,Daylight,Collision with pedestrians,2,2,Other,Male,18-30,3,Improper parking,Slight Injury,Owner,5-10yrs,Normal,Not a Pedestrian,Slight Injury
16:30:00,Thursday,31-50,Male,Above 10yr,Pick up upto 10Q,Other,Asphalt roads,Wet or damp,Rain,Daylight,Vehicle with vehicle collision,2,2,Going straight,na,No Casualty,na,Other,Slight Injury,Owner,Unknown,Normal,Not a Pedestrian,No Casualty
16:30:00,Thursday,31-50,Male,5-10yr,Public (13-45 seats),Other,Asphalt roads,Wet or damp,Rain,Daylight,Vehicle with vehicle collision,2,2,Going straight,Female,18-30,3,Changing lane to the left,Slight Injury,Owner,Unknown,Normal,Crossing from nearside - masked by parked or statioNot a Pedestrianry vehicle,Slight Injury
16:30:00,Thursday,Over 51,Male,2-5yr,Automobile,Recreational areas,Asphalt roads,Wet or damp,Rain,Daylight,Collision with pedestrians,2,2,Going straight,Male,Under 18,3,Changing lane to the right,Slight Injury,Owner,Unknown,Normal,Not a Pedestrian,Slight Injury
17:40:00,Wednesday,18-30,Female,2-5yr,Pick up upto 10Q,Church areas,Gravel roads,Dry,Unknown,Daylight,Vehicle with vehicle collision,2,1,Going straight,Female,Over 51,3,No priority to pedestrian,Slight Injury,Owner,Unknown,Normal,Not a Pedestrian,Slight Injury
17:40:00,Wednesday,18-30,Male,Below 1yr,Automobile,Recreational areas,Asphalt roads,Dry,Unknown,Daylight,Collision with roadside objects,2,1,Going straight,Male,31-50,3,Overspeed,Slight Injury,Other,1-2yr,Normal,Not a Pedestrian,Slight Injury
05:50:00,Tuesday,31-50,Male,Above 10yr,Lorry (41-100Q),School areas,Asphalt roads,Wet or damp,Other,Darkness - lights lit,Vehicle with vehicle collision,2,1,Going straight,na,No Casualty,na,Changing lane to the left,Serious Injury,Owner,5-10yrs,No Casualty,Not a Pedestrian,No Casualty
05:50:00,Tuesday,18-30,Female,Above 10yr,Automobile,Church areas,Asphalt roads,Wet or damp,Other,Darkness - lights lit,Vehicle with vehicle collision,2,1,Going straight,Male,18-30,3,No priority to vehicle,Serious Injury,Owner,Unknown,Normal,Not a Pedestrian,Slight Injury
06:53:00,Wednesday,Over 51,Male,2-5yr,Lorry (41-100Q),Office areas,Asphalt roads,Wet or damp,Normal,Darkness - lights lit,Vehicle with vehicle collision,2,1,Going straight,Male,18-30,3,Changing lane to the right,Slight Injury,Owner,5-10yrs,No Casualty,Not a Pedestrian,Slight Injury
06:53:00,Wednesday,18-30,Male,2-5yr,Lorry (41-100Q),Residential areas,Asphalt roads,Wet or damp,Normal,Darkness - lights lit,Rollover,2,1,Going straight,na,No Casualty,na,No distancing,Slight Injury,Owner,2-5yrs,Normal,Not a Pedestrian,No Casualty
09:59:00,Tuesday,Over 51,Male,Above 10yr,Lorry (41-100Q),Other,Asphalt roads,Dry,Cloudy,Daylight,Vehicle with vehicle collision,2,1,Moving Backward,Male,18-30,3,No priority to pedestrian,Slight Injury,Owner,Unknown,Normal,Not a Pedestrian,Slight Injury
09:59:00,Tuesday,18-30,Male,5-10yr,Public (13-45 seats),Other,Asphalt roads,Dry,Cloudy,Daylight,Vehicle with vehicle collision,2,1,Going straight,na,No Casualty,na,No distancing,Slight Injury,Owner,Unknown,Normal,Not a Pedestrian,No Casualty
14:30:00,Friday,Under 18,Male,Below 1yr,Automobile,Industrial areas,Asphalt roads,Wet or damp,Normal,Daylight,Vehicle with vehicle collision,2,1,Going straight,Male,18-30,2,No priority to vehicle,Slight Injury,Governmental,1-2yr,No Casualty,Not a Pedestrian,Serious Injury
14:30:00,Friday,18-30,Male,Below 1yr,Other,Church areas,Asphalt roads,Wet or damp,Normal,Daylight,Collision with pedestrians,2,1,Going straight,Male,Over 51,3,Other,Slight Injury,Governmental,1-2yr,No Casualty,Not a Pedestrian,Slight Injury
17:50:00,Thursday,18-30,Male,Below 1yr,Other,Office areas,Asphalt roads,Wet or damp,Other,Darkness - lights lit,Vehicle with vehicle collision,2,3,Going straight,Female,31-50,3,Driving carelessly,Slight Injury,Organization,1-2yr,Normal,Not a Pedestrian,Slight Injury
17:50:00,Thursday,31-50,Male,5-10yr,Other,Office areas,Asphalt roads,Wet or damp,Other,Darkness - lights lit,Collision with roadside objects,2,3,Moving Backward,na,No Casualty,na,Changing lane to the left,Slight Injury,Owner,Unknown,Normal,Not a Pedestrian,No Casualty
17:50:00,Thursday,31-50,Male,5-10yr,Automobile,Office areas,Asphalt roads,Wet or damp,Other,Darkness - lights lit,Vehicle with vehicle collision,2,3,Going straight,Male,Over 51,3,Driving carelessly,Slight Injury,Owner,Unknown,Normal,Crossing from nearside - masked by parked or statioNot a Pedestrianry vehicle,Slight Injury
17:50:00,Thursday,31-50,Male,5-10yr,Other,Other,Asphalt roads,Wet or damp,Other,Darkness - lights lit,Rollover,2,3,Other,Female,31-50,3,Changing lane to the left,Slight Injury,Owner,2-5yrs,Normal,Not a Pedestrian,Slight Injury
19:08:00,Friday,18-30,Male,5-10yr,Lorry (41-100Q),Office areas,Asphalt roads,Wet or damp,Normal,Darkness - lights lit,Vehicle with vehicle collision,1,1,Other,na,No Casualty,na,No priority to vehicle,Slight Injury,Owner,Unknown,Normal,Not a Pedestrian,No Casualty
13:11:00,Monday,Over 51,Male,2-5yr,Public (12 seats),Other,Gravel roads,Dry,Normal,Daylight,Vehicle with vehicle collision,3,1,Going straight,na,No Casualty,na,No distancing,Slight Injury,Owner,Unknown,Normal,Not a Pedestrian,No Casualty
13:11:00,Monday,31-50,Male,5-10yr,Lorry (41-100Q),Industrial areas,Asphalt roads,Dry,Normal,Daylight,Vehicle with vehicle collision,3,1,Going straight,Male,31-50,3,Changing lane to the right,Slight Injury,Owner,Above 10yr,Normal,Not a Pedestrian,Slight Injury
13:11:00,Monday,18-30,Male,2-5yr,Public (12 seats),Residential areas,Asphalt roads,Dry,Normal,Daylight,Vehicle with vehicle collision,3,1,Going straight,Male,18-30,3,Changing lane to the right,Slight Injury,Owner,Unknown,No Casualty,Crossing from driver's nearside,Slight Injury
12:43:00,Monday,18-30,Male,Below 1yr,Lorry (41-100Q),Other,Asphalt roads,Dry,Normal,Daylight,Vehicle with vehicle collision,2,1,Going straight,Male,31-50,3,Overspeed,Slight Injury,Owner,Unknown,No Casualty,Not a Pedestrian,Slight Injury
12:43:00,Monday,Under 18,Male,2-5yr,Other,Other,Asphalt roads,Dry,Normal,Daylight,Collision with roadside objects,2,1,Other,na,No Casualty,na,No distancing,Slight Injury,Owner,5-10yrs,No Casualty,Not a Pedestrian,No Casualty
08:49:00,Monday,31-50,Male,2-5yr,Lorry (41-100Q),Other,Earth roads,Dry,Unknown,Daylight,Vehicle with vehicle collision,2,1,Going straight,Male,18-30,3,Changing lane to the right,Slight Injury,Owner,1-2yr,Normal,Unknown or other,Slight Injury
08:49:00,Monday,18-30,Male,2-5yr,Automobile,Other,Asphalt roads,Dry,Unknown,Daylight,Vehicle with vehicle collision,2,1,Getting off,Male,31-50,3,Changing lane to the left,Slight Injury,Owner,Unknown,Normal,Not a Pedestrian,Slight Injury
18:27:00,Sunday,18-30,Male,5-10yr,Public (> 45 seats),Other,Asphalt roads,Dry,Normal,Darkness - lights lit,Collision with roadside objects,1,1,Going straight,na,No Casualty,na,Getting off the vehicle improperly,Slight Injury,Owner,Unknown,Normal,Not a Pedestrian,No Casualty
11:00:00,Friday,18-30,Male,5-10yr,Lorry (41-100Q),Residential areas,Asphalt roads,Dry,Normal,Daylight,Collision with roadside objects,2,1,Going straight,Male,18-30,3,Other,Slight Injury,Governmental,Below 1yr,Normal,Not a Pedestrian,Slight Injury
11:00:00,Friday,Under 18,Male,5-10yr,Other,Office areas,Gravel roads,Dry,Normal,Daylight,Vehicle with vehicle collision,2,1,Going straight,na,No Casualty,na,Other,Slight Injury,Owner,Unknown,No Casualty,Not a Pedestrian,No Casualty
12:30:00,Friday,18-30,Male,5-10yr,Other,Office areas,Asphalt roads,Dry,Normal,Daylight,Vehicle with vehicle collision,2,2,Going straight,na,No Casualty,na,No distancing,Slight Injury,Owner,Unknown,Normal,Not a Pedestrian,No Casualty
12:30:00,Friday,Under 18,Male,2-5yr,Automobile,Other,Asphalt roads,Dry,Normal,Daylight,Vehicle with vehicle collision,2,2,Going straight,Female,31-50,3,No priority to vehicle,Slight Injury,Owner,Unknown,Normal,Not a Pedestrian,Slight Injury
12:30:00,Friday,Under 18,Male,Below 1yr,Lorry (41-100Q),Other,Asphalt roads,Dry,Normal,Daylight,Vehicle with vehicle collision,2,2,Going straight,Male,Over 51,3,Overtaking,Slight Injury,Owner,Above 10yr,Normal,Not a Pedestrian,Slight Injury
15:52:00,Friday,31-50,Male,1-2yr,Pick up upto 10Q,Office areas,Earth roads,Dry,Normal,Daylight,Collision with roadside objects,1,1,Moving Backward,na,No Casualty,na,No priority to pedestrian,Serious Injury,Owner,Unknown,Normal,Not a Pedestrian,No Casualty
07:55:00,Monday,18-30,Male,Below 1yr,Automobile,Office areas,Asphalt roads,Dry,Normal,Daylight,Vehicle with vehicle collision,2,2,Going straight,na,No Casualty,na,No distancing,Slight Injury,Owner,2-5yrs,Normal,Not a Pedestrian,No Casualty
07:55:00,Monday,31-50,Male,Above 10yr,Automobile,Other,Asphalt roads,Dry,Normal,Daylight,Vehicle with vehicle collision,2,2,Other,Male,Over 51,3,Changing lane to the right,Slight Injury,Owner,Unknown,Normal,Not a Pedestrian,Slight Injury
07:55:00,Monday,31-50,Male,Below 1yr,Other,Other,Asphalt roads,Dry,Normal,Daylight,Vehicle with vehicle collision,2,2,Going straight,Female,31-50,2,Driving carelessly,Slight Injury,Owner,Unknown,Normal,Not a Pedestrian,Serious Injury
18:10:00,Thursday,18-30,Male,2-5yr,Automobile,Residential areas,Asphalt roads,Dry,Other,Darkness - lights lit,Vehicle with vehicle collision,1,1,Going straight,Male,18-30,3,Changing lane to the right,Slight Injury,Governmental,Unknown,Normal,Not a Pedestrian,Slight Injury
06:50:00,Friday,31-50,Male,1-2yr,Stationwagen,Other,Asphalt roads,Wet or damp,Rain,Darkness - no lighting,Vehicle with vehicle collision,1,1,Going straight,na,No Casualty,na,Overtaking,Serious Injury,Owner,1-2yr,Normal,Not a Pedestrian,No Casualty
20:20:00,Thursday,18-30,Male,5-10yr,Other,Office areas,Earth roads,Wet or damp,Rain,Darkness - lights lit,Vehicle with vehicle collision,3,2,Going straight,Male,18-30,3,Other,Slight Injury,Owner,Unknown,Normal,Crossing from nearside - masked by parked or statioNot a Pedestrianry vehicle,Slight Injury
20:20:00,Thursday,31-50,Male,Below 1yr,Automobile,Office areas,Asphalt roads,Wet or damp,Rain,Darkness - lights lit,Collision with roadside objects,3,2,Going straight,Female,18-30,3,Driving to the left,Slight Injury,Owner,2-5yrs,Normal,Not a Pedestrian,Slight Injury
20:20:00,Thursday,Under 18,Male,Below 1yr,Ridden horse,Other,Asphalt roads,Wet or damp,Rain,Darkness - lights lit,Vehicle with vehicle collision,3,2,Moving Backward,Male,Under 18,3,Overspeed,Slight Injury,Owner,Unknown,No Casualty,Not a Pedestrian,Slight Injury
11:15:00,Thursday,18-30,Male,Below 1yr,Automobile,Other,Asphalt roads,Wet or damp,Rain,Daylight,Collision with pedestrians,2,1,Going straight,na,No Casualty,na,Unknown,Slight Injury,Owner,Unknown,Normal,Not a Pedestrian,No Casualty
11:15:00,Thursday,Over 51,Male,1-2yr,Other,Other,Asphalt roads,Wet or damp,Rain,Daylight,Collision with roadside objects,2,1,Going straight,na,No Casualty,na,Changing lane to the right,Slight Injury,Owner,Above 10yr,Normal,Not a Pedestrian,No Casualty
20:45:00,Monday,18-30,Male,5-10yr,Lorry (41-100Q),Office areas,Asphalt roads,Dry,Normal,Darkness - lights lit,Collision with roadside objects,2,1,Going straight,Male,18-30,3,No distancing,Slight Injury,Owner,Unknown,Normal,Not a Pedestrian,Slight Injury
20:45:00,Monday,31-50,Male,2-5yr,Lorry (41-100Q),Office areas,Asphalt roads,Dry,Normal,Darkness - lights lit,Vehicle with vehicle collision,2,1,Going straight,Female,Under 18,3,Other,Slight Injury,Owner,Above 10yr,Normal,Not a Pedestrian,Slight Injury
08:40:00,Friday,18-30,Male,Below 1yr,Lorry (41-100Q),Other,Asphalt roads,Wet or damp,Other,Daylight,Rollover,1,1,Going straight,Male,31-50,3,No priority to vehicle,Slight Injury,Owner,Unknown,Normal,Not a Pedestrian,Slight Injury
18:00:00,Friday,31-50,Male,5-10yr,Stationwagen,Church areas,Asphalt roads,Dry,Normal,Darkness - lights lit,Vehicle with vehicle collision,2,1,Going straight,na,No Casualty,na,Changing lane to the left,Slight Injury,Owner,Above 10yr,Normal,Not a Pedestrian,No Casualty
18:00:00,Friday,18-30,Male,5-10yr,Lorry (41-100Q),Industrial areas,Asphalt roads,Dry,Normal,Darkness - lights lit,Vehicle with vehicle collision,2,1,Going straight,Male,31-50,3,No priority to pedestrian,Slight Injury,Governmental,Unknown,No Casualty,Not a Pedestrian,Slight Injury
09:40:00,Monday,18-30,Male,5-10yr,Automobile,Other,Asphalt roads,Dry,Other,Daylight,Vehicle with vehicle collision,2,1,Going straight,Male,Under 18,3,Overtaking,Slight Injury,Organization,2-5yrs,Normal,Not a Pedestrian,Slight Injury
09:40:00,Monday,31-50,Male,2-5yr,Automobile,Other,Asphalt roads,Dry,Other,Daylight,Vehicle with vehicle collision,2,1,Going straight,na,No Casualty,na,Driving carelessly,Slight Injury,Owner,5-10yrs,No Casualty,Not a Pedestrian,No Casualty
16:48:00,Wednesday,18-30,Female,Above 10yr,Pick up upto 10Q,Office areas,Earth roads,Dry,Normal,Daylight,Vehicle with vehicle collision,2,1,Going straight,na,No Casualty,na,No priority to vehicle,Slight Injury,Owner,1-2yr,No Casualty,Not a Pedestrian,No Casualty
16:48:00,Wednesday,31-50,Male,5-10yr,Taxi,Other,Asphalt roads,Dry,Normal,Daylight,Vehicle with vehicle collision,2,1,Going straight,Female,31-50,3,No priority to pedestrian,Slight Injury,Owner,Unknown,No Casualty,Not a Pedestrian,Slight Injury
15:50:00,Monday,18-30,Male,Above 10yr,Automobile,Recreational areas,Asphalt roads,Dry,Normal,Daylight,Vehicle with vehicle collision,1,1,Other,na,No Casualty,na,Changing lane to the right,Slight Injury,Owner,Unknown,Normal,Not a Pedestrian,No Casualty
16:30:00,Thursday,18-30,Male,2-5yr,Automobile,Other,Asphalt roads,Dry,Normal,Daylight,Vehicle with vehicle collision,1,1,Going straight,Male,18-30,3,Driving carelessly,Slight Injury,Governmental,Unknown,Normal,Not a Pedestrian,Slight Injury
17:40:00,Friday,Over 51,Male,Below 1yr,Automobile,Church areas,Asphalt roads,Dry,Normal,Darkness - lights lit,Collision with roadside objects,2,1,Going straight,na,No Casualty,na,Changing lane to the right,Slight Injury,Governmental,5-10yrs,Normal,Not a Pedestrian,No Casualty
17:40:00,Friday,18-30,Male,Below 1yr,Long lorry,Residential areas,Other,Dry,Normal,Darkness - lights lit,Vehicle with vehicle collision,2,1,Going straight,Male,18-30,3,Changing lane to the right,Slight Injury,Owner,Unknown,Normal,Not a Pedestrian,Slight Injury
17:20:00,Monday,18-30,Male,5-10yr,Public (12 seats),Office areas,Gravel roads,Wet or damp,Rain,Darkness - lights lit,Vehicle with vehicle collision,1,1,Going straight,Female,31-50,3,Changing lane to the left,Slight Injury,Owner,5-10yrs,Normal,Not a Pedestrian,Slight Injury
09:17:00,Tuesday,18-30,Male,2-5yr,Pick up upto 10Q,Other,Gravel roads,Dry,Normal,Daylight,Vehicle with vehicle collision,2,1,Going straight,Female,31-50,3,Overturning,Slight Injury,Owner,2-5yrs,Normal,Not a Pedestrian,Slight Injury
09:17:00,Tuesday,18-30,Male,Below 1yr,Automobile,Office areas,Asphalt roads,Dry,Normal,Daylight,Vehicle with vehicle collision,2,1,Going straight,Female,31-50,3,Driving carelessly,Slight Injury,Governmental,2-5yrs,Normal,Not a Pedestrian,Slight Injury
03:59:00,Monday,18-30,Male,2-5yr,Other,Office areas,Asphalt roads,Wet or damp,Rain,Darkness - lights lit,Collision with pedestrians,1,1,Moving Backward,na,No Casualty,na,No distancing,Slight Injury,Owner,Unknown,Normal,Not a Pedestrian,No Casualty
16:00:00,Tuesday,18-30,Male,5-10yr,Lorry (41-100Q),Other,Earth roads,Dry,Normal,Daylight,Vehicle with vehicle collision,2,1,Going straight,Male,18-30,3,Driving carelessly,Slight Injury,Owner,Unknown,Normal,Not a Pedestrian,Slight Injury
16:00:00,Tuesday,Under 18,Male,Above 10yr,Automobile,Residential areas,Asphalt roads,Dry,Normal,Daylight,Vehicle with vehicle collision,2,1,Going straight,na,No Casualty,na,Changing lane to the left,Slight Injury,Owner,Unknown,No Casualty,Not a Pedestrian,No Casualty
15:19:00,Sunday,31-50,Male,Above 10yr,Pick up upto 10Q,Recreational areas,Asphalt roads,Dry,Normal,Daylight,Vehicle with vehicle collision,2,1,Going straight,Male,18-30,2,No priority to vehicle,Slight Injury,Owner,Unknown,Normal,Not a Pedestrian,Serious Injury
15:19:00,Sunday,31-50,Male,5-10yr,Lorry (41-100Q),Church areas,Asphalt roads,Dry,Normal,Daylight,Vehicle with vehicle collision,2,1,Going straight,na,No Casualty,na,Changing lane to the right,Slight Injury,Owner,Unknown,Normal,Not a Pedestrian,No Casualty
08:00:00,Monday,18-30,Male,1-2yr,Lorry (41-100Q),Other,Asphalt roads,Wet or damp,Other,Daylight,Vehicle with vehicle collision,2,1,Going straight,Male,18-30,3,No distancing,Slight Injury,Owner,Unknown,Normal,Not a Pedestrian,Slight Injury
08:00:00,Monday,Under 18,Male,5-10yr,Long lorry,Other,Earth roads,Wet or damp,Other,Daylight,Vehicle with vehicle collision,2,1,Going straight,Female,18-30,3,Moving Backward,Slight Injury,Owner,Unknown,Normal,Not a Pedestrian,Slight Injury
13:24:00,Monday,Over 51,Male,5-10yr,Public (> 45 seats),Other,Asphalt roads,Wet or damp,Normal,Daylight,Collision with roadside objects,2,2,Going straight,na,No Casualty,na,Overtaking,Slight Injury,Owner,Unknown,No Casualty,Not a Pedestrian,No Casualty
13:24:00,Monday,Over 51,Male,1-2yr,Public (> 45 seats),Residential areas,Asphalt roads,Wet or damp,Normal,Daylight,Vehicle with vehicle collision,2,2,Getting off,Male,Over 51,3,Changing lane to the left,Slight Injury,Governmental,Unknown,Normal,Not a Pedestrian,Slight Injury
17:06:00,Thursday,18-30,Male,5-10yr,Automobile,School areas,Asphalt roads,Wet or damp,Rain,Darkness - lights lit,Vehicle with vehicle collision,1,1,Going straight,na,No Casualty,na,Changing lane to the right,Slight Injury,Owner,Above 10yr,Normal,Not a Pedestrian,No Casualty
19:55:00,Wednesday,31-50,Male,Above 10yr,Automobile,Church areas,Asphalt roads,Wet or damp,Unknown,Darkness - lights lit,Vehicle with vehicle collision,2,1,Going straight,na,No Casualty,na,Overtaking,Slight Injury,Owner,Above 10yr,Normal,Not a Pedestrian,No Casualty
19:55:00,Wednesday,18-30,Female,Below 1yr,Automobile,Other,Asphalt roads,Wet or damp,Unknown,Darkness - lights lit,Vehicle with vehicle collision,2,1,Turnover,Female,Under 18,3,Overloading,Slight Injury,Owner,Above 10yr,Normal,Not a Pedestrian,Slight Injury
17:30:00,Friday,18-30,Male,5-10yr,Other,Other,Asphalt roads,Dry,Unknown,Darkness - lights lit,Vehicle with vehicle collision,2,1,Moving Backward,Male,Over 51,3,Other,Slight Injury,Owner,Below 1yr,Normal,Crossing from driver's nearside,Slight Injury
17:30:00,Friday,18-30,Male,Above 10yr,Public (12 seats),Office areas,Asphalt roads,Dry,Unknown,Darkness - lights lit,Vehicle with vehicle collision,2,1,Going straight,Female,18-30,2,No priority to vehicle,Slight Injury,Owner,2-5yrs,No Casualty,Not a Pedestrian,Serious Injury
08:42:00,Wednesday,Over 51,Male,Below 1yr,Automobile,Office areas,Asphalt roads,Wet or damp,Normal,Daylight,Vehicle with vehicle collision,2,1,Moving Backward,Female,Over 51,3,Changing lane to the right,Slight Injury,Owner,2-5yrs,Normal,Crossing from driver's nearside,Slight Injury
08:42:00,Wednesday,Under 18,Male,1-2yr,Stationwagen,Other,Asphalt roads,Wet or damp,Normal,Daylight,Vehicle with vehicle collision,2,1,Going straight,na,No Casualty,na,Moving Backward,Slight Injury,Owner,2-5yrs,Normal,Not a Pedestrian,No Casualty
00:29:00,Friday,18-30,Female,Above 10yr,Automobile,Hospital areas,Asphalt roads,Dry,Normal,Darkness - lights lit,Rollover,2,1,Going straight,Male,18-30,3,Changing lane to the left,Slight Injury,Owner,Below 1yr,Normal,Not a Pedestrian,Slight Injury
00:29:00,Friday,18-30,Male,Above 10yr,Automobile,Other,Earth roads,Dry,Normal,Darkness - lights lit,Vehicle with vehicle collision,2,1,Going straight,Male,31-50,3,No priority to pedestrian,Slight Injury,Owner,2-5yrs,Normal,Not a Pedestrian,Slight Injury
16:50:00,Friday,18-30,Male,Above 10yr,Automobile,Other,Asphalt roads,Dry,Normal,Daylight,Vehicle with vehicle collision,2,2,Going straight,Female,Under 18,3,No distancing,Slight Injury,Owner,Unknown,Normal,Crossing from nearside - masked by parked or statioNot a Pedestrianry vehicle,Slight Injury
16:50:00,Friday,18-30,Male,5-10yr,Automobile,Other,Asphalt roads,Dry,Normal,Daylight,Vehicle with vehicle collision,2,2,Going straight,Male,31-50,3,No priority to vehicle,Slight Injury,Owner,Unknown,Normal,Not a Pedestrian,Slight Injury
16:50:00,Friday,18-30,Male,1-2yr,Automobile,Other,Asphalt roads,Dry,Normal,Daylight,Collision with roadside objects,2,2,Going straight,na,No Casualty,na,No distancing,Slight Injury,Owner,Unknown,No Casualty,Not a Pedestrian,No Casualty
14:00:00,Sunday,18-30,Male,1-2yr,Pick up upto 10Q,Other,Asphalt roads,Wet or damp,Rain,Daylight,Vehicle with vehicle collision,4,2,Going straight,Male,18-30,3,No distancing,Slight Injury,Governmental,Unknown,Normal,Not a Pedestrian,Slight Injury
14:00:00,Sunday,Under 18,Male,Below 1yr,Turbo,Hospital areas,Earth roads,Wet or damp,Rain,Daylight,Vehicle with vehicle collision,4,2,Going straight,na,No Casualty,na,Moving Backward,Slight Injury,Owner,Above 10yr,Normal,Not a Pedestrian,No Casualty
14:00:00,Sunday,18-30,Male,1-2yr,Pick up upto 10Q,Other,Asphalt roads,Wet or damp,Rain,Daylight,Vehicle with vehicle collision,4,2,Going straight,na,No Casualty,na,Changing lane to the right,Slight Injury,Owner,Above 10yr,No Casualty,Not a Pedestrian,No Casualty
14:00:00,Sunday,Over 51,Male,2-5yr,Other,Other,Asphalt roads,Wet or damp,Rain,Daylight,Collision with roadside objects,4,2,Going straight,Male,31-50,3,No priority to pedestrian,Slight Injury,Owner,Unknown,No Casualty,Not a Pedestrian,Slight Injury
13:34:00,Friday,31-50,Male,5-10yr,Stationwagen,Other,Asphalt roads,Wet or damp,Normal,Daylight,Vehicle with vehicle collision,2,1,Going straight,Female,Under 18,3,Moving Backward,Serious Injury,Owner,2-5yrs,Normal,Not a Pedestrian,Slight Injury
13:34:00,Friday,Under 18,Male,Above 10yr,Pick up upto 10Q,Office areas,Asphalt roads,Wet or damp,Normal,Daylight,Vehicle with vehicle collision,2,1,Other,Male,Under 18,3,Getting off the vehicle improperly,Serious Injury,Owner,Unknown,Normal,Not a Pedestrian,Slight Injury
08:20:00,Tuesday,18-30,Male,2-5yr,Lorry (41-100Q),Residential areas,Asphalt roads,Dry,Normal,Daylight,Vehicle with vehicle collision,1,1,Other,Male,Under 18,3,Overtaking,Slight Injury,Owner,Unknown,Normal,Not a Pedestrian,Slight Injury
18:20:00,Monday,Over 51,Male,Above 10yr,Lorry (41-100Q),Other,Asphalt roads,Dry,Normal,Darkness - lights lit,Vehicle with vehicle collision,2,1,Going straight,Male,31-50,3,Overloading,Slight Injury,Owner,2-5yrs,Normal,Not a Pedestrian,Slight Injury
18:20:00,Monday,31-50,Male,5-10yr,Automobile,Residential areas,Asphalt roads,Dry,Normal,Darkness - lights lit,Collision with roadside objects,2,1,Going straight,na,No Casualty,na,Changing lane to the right,Slight Injury,Owner,Unknown,Normal,Not a Pedestrian,No Casualty
11:45:00,Tuesday,18-30,Male,5-10yr,Automobile,Other,Asphalt roads,Dry,Normal,Daylight,Vehicle with vehicle collision,2,1,Getting off,Female,Over 51,3,Improper parking,Slight Injury,Owner,Unknown,Normal,Not a Pedestrian,Slight Injury
11:45:00,Tuesday,18-30,Male,5-10yr,Pick up upto 10Q,Residential areas,Other,Dry,Normal,Daylight,Vehicle with vehicle collision,2,1,Going straight,Male,Under 18,3,Other,Slight Injury,Owner,2-5yrs,Normal,Not a Pedestrian,Slight Injury
06:25:00,Wednesday,18-30,Female,Below 1yr,Pick up upto 10Q,Office areas,Asphalt roads,Dry,Normal,Daylight,Vehicle with vehicle collision,2,1,Going straight,Female,18-30,3,Changing lane to the left,Serious Injury,Owner,Unknown,Normal,Not a Pedestrian,Slight Injury
06:25:00,Wednesday,18-30,Male,2-5yr,Lorry (41-100Q),Office areas,Asphalt roads,Dry,Normal,Daylight,Vehicle with vehicle collision,2,1,Going straight,na,No Casualty,na,Changing lane to the right,Serious Injury,Owner,5-10yrs,No Casualty,Not a Pedestrian,No Casualty
13:55:00,Wednesday,31-50,Male,2-5yr,Public (12 seats),Office areas,Asphalt roads,Dry,Unknown,Daylight,Vehicle with vehicle collision,2,1,Going straight,na,No Casualty,na,No priority to pedestrian,Serious Injury,Owner,Unknown,No Casualty,Not a Pedestrian,No Casualty
13:55:00,Wednesday,18-30,Male,2-5yr,Other,Recreational areas,Asphalt roads,Dry,Unknown,Daylight,Collision with pedestrians,2,1,Going straight,Male,18-30,3,Overspeed,Serious Injury,Owner,Unknown,Normal,Not a Pedestrian,Slight Injury
09:30:00,Wednesday,18-30,Male,2-5yr,Stationwagen,Other,Asphalt roads,Dry,Unknown,Daylight,Vehicle with vehicle collision,2,1,Getting off,Male,31-50,3,Changing lane to the left,Slight Injury,Owner,Unknown,Normal,Not a Pedestrian,Slight Injury
09:30:00,Wednesday,18-30,Male,5-10yr,Automobile,Other,Asphalt roads,Dry,Unknown,Daylight,Vehicle with vehicle collision,2,1,Going straight,Female,31-50,3,No priority to vehicle,Slight Injury,Owner,Unknown,Normal,Not a Pedestrian,Slight Injury