Time,Day_of_week,Age_band_of_driver,Sex_of_driver,Driving_experience,Type_of_vehicle,Area_accident_occured,Road_surface_type,Road_surface_conditions,Weather_conditions,Light_conditions,Type_of_collision,Number_of_vehicles_involved,Number_of_casualties,Vehicle_movement,Sex_of_casualty,Age_band_of_casualty,Casualty_severity,Cause_of_accident,Accident_severity,Owner_of_vehicle,Service_year_of_vehicle,Fitness_of_casuality,Pedestrian_movement,Casualty_severity_label
08:10:00,Friday,31-50,Male,2-5yr,Lorry (41-100Q),Other,Asphalt roads,Dry,Normal,Daylight,Vehicle with vehicle collision,3,2,Going straight,na,No Casualty,na,Changing lane to the left,Slight Injury,Owner,Unknown,Normal,Not a Pedestrian,No Casualty
08:10:00,Friday,31-50,Male,Above 10yr,Lorry (41-100Q),Other,Asphalt roads,Dry,Normal,Daylight,Vehicle with vehicle collision,3,2,Going straight,na,No Casualty,na,Changing lane to the right,Slight Injury,Owner,Unknown,Normal,Not a Pedestrian,No Casualty
08:10:00,Friday,31-50,Male,5-10yr,Lorry (41-100Q),Residential areas,Asphalt roads,Dry,Normal,Daylight,Vehicle with vehicle collision,3,2,Other,na,No Casualty,na,Driving under the influence of drugs,Slight Injury,Owner,2-5yrs,Normal,Not a Pedestrian,No Casualty
11:16:00,Sunday,18-30,Male,5-10yr,Public (> 45 seats),Office areas,Asphalt roads,Dry,Normal,Daylight,Vehicle with vehicle collision,2,5,Moving Backward,Male,18-30,3,No priority to vehicle,Slight Injury,Owner,Unknown,Normal,Not a Pedestrian,Slight Injury
11:16:00,Sunday,18-30,Male,5-10yr,Public (12 seats),Residential areas,Asphalt roads,Dry,Normal,Daylight,Collision with roadside objects,2,5,Going straight,na,No Casualty,na,No priority to vehicle,Slight Injury,Owner,Unknown,Normal,Not a Pedestrian,No Casualty
11:16:00,Sunday,18-30,Male,Below 1yr,Other,Other,Asphalt roads,Dry,Normal,Daylight,Collision with roadside objects,2,5,Moving Backward,Female,31-50,3,Changing lane to the left,Slight Injury,Owner,Unknown,No Casualty,Not a Pedestrian,Slight Injury
11:16:00,Sunday,18-30,Male,2-5yr,Public (12 seats),Other,Asphalt roads,Dry,Normal,Daylight,Vehicle with vehicle collision,2,5,Going straight,Male,31-50,3,Changing lane to the right,Slight Injury,Owner,Unknown,No Casualty,Not a Pedestrian,Slight Injury
11:16:00,Sunday,18-30,Male,2-5yr,Other,Recreational areas,Asphalt roads,Dry,Normal,Daylight,Collision with roadside objects,2,5,Moving Backward,Male,31-50,3,Changing lane to the right,Slight Injury,Owner,Unknown,Normal,Unknown or other,Slight Injury
11:16:00,Sunday,18-30,Male,2-5yr,Public (12 seats),Church areas,Asphalt roads,Dry,Normal,Daylight,Collision with roadside objects,2,5,Going straight,Male,Under 18,3,Changing lane to the left,Slight Injury,Owner,5-10yrs,Normal,Not a Pedestrian,Slight Injury
20:35:00,Monday,Under 18,Male,2-5yr,Stationwagen,School areas,Asphalt roads,Dry,Normal,Darkness - lights lit,Vehicle with vehicle collision,2,1,Going straight,na,No Casualty,na,Changing lane to the left,Slight Injury,Owner,Unknown,Normal,Not a Pedestrian,No Casualty
20:35:00,Monday,Under 18,Male,5-10yr,Automobile,Office areas,Gravel roads,Dry,Normal,Darkness - lights lit,Vehicle with vehicle collision,2,1,Going straight,na,No Casualty,na,Getting off the vehicle improperly,Slight Injury,Owner,2-5yrs,Normal,Not a Pedestrian,No Casualty
09:26:00,Wednesday,31-50,Male,5-10yr,Lorry (41-100Q),Other,Asphalt roads,Dry,Normal,Daylight,Collision with roadside objects,2,1,Going straight,Male,Under 18,3,Overtaking,Serious Injury,Owner,1-2yr,Normal,Not a Pedestrian,Slight Injury
09:26:00,Wednesday,18-30,Male,Above 10yr,Special vehicle,Residential areas,Asphalt roads,Dry,Normal,Daylight,Vehicle with vehicle collision,2,1,Going straight,na,No Casualty,na,Changing lane to the left,Serious Injury,Owner,5-10yrs,Normal,Not a Pedestrian,No Casualty
12:15:00,Wednesday,Over 51,Male,5-10yr,Lorry (41-100Q),Other,Asphalt roads,Dry,Normal,Daylight,Vehicle with vehicle collision,2,1,Other,Male,31-50,3,Driving under the influence of drugs,Slight Injury,Owner,Above 10yr,Normal,Not a Pedestrian,Slight Injury
12:15:00,Wednesday,Over 51,Male,5-10yr,Lorry (41-100Q),Other,Asphalt roads,Dry,Normal,Daylight,Vehicle with vehicle collision,2,1,Going straight,Male,18-30,3,Driving carelessly,Slight Injury,Owner,1-2yr,Normal,Not a Pedestrian,Slight Injury
14:45:00,Monday,18-30,Male,Above 10yr,Public (> 45 seats),Office areas,Asphalt roads,Wet or damp,Rain,Daylight,Vehicle with vehicle collision,2,1,Moving Backward,Female,Under 18,3,Moving Backward,Slight Injury,Owner,2-5yrs,Normal,Not a Pedestrian,Slight Injury
14:45:00,Monday,31-50,Male,5-10yr,Automobile,Residential areas,Asphalt roads,Wet or damp,Rain,Daylight,Vehicle with vehicle collision,2,1,Moving Backward,na,No Casualty,na,No distancing,Slight Injury,Owner,Unknown,Normal,Not a Pedestrian,No Casualty
09:25:00,Tuesday,18-30,Male,5-10yr,Automobile,Other,Asphalt roads,Dry,Normal,Daylight,Vehicle with vehicle collision,2,1,Moving Backward,Male,31-50,3,No priority to vehicle,Slight Injury,Owner,Unknown,No Casualty,Not a Pedestrian,Slight Injury
09:25:00,Tuesday,31-50,Male,5-10yr,Automobile,Residential areas,Asphalt roads,Dry,Normal,Daylight,Collision with pedestrians,2,1,Going straight,na,No Casualty,na,Overturning,Slight Injury,Organization,2-5yrs,Normal,Not a Pedestrian,No Casualty
14:20:00,Thursday,18-30,Male,Below 1yr,Public (> 45 seats),Church areas,Asphalt roads,Wet or damp,Rain,Daylight,Vehicle with vehicle collision,2,2,Going straight,Female,Under 18,3,Changing lane to the left,Slight Injury,Owner,Unknown,Normal,Not a Pedestrian,Slight Injury
14:20:00,Thursday,18-30,Male,5-10yr,Lorry (11-40Q),Residential areas,Asphalt roads,Wet or damp,Rain,Daylight,Collision with roadside objects,2,2,Going straight,na,No Casualty,na,No distancing,Slight Injury,Governmental,Unknown,Normal,Not a Pedestrian,No Casualty
17:30:00,Sunday,18-30,Male,5-10yr,Pick up upto 10Q,Office areas,Asphalt roads,Dry,Normal,Daylight,Vehicle with vehicle collision,2,1,Going straight,Female,18-30,2,Moving Backward,Slight Injury,Owner,Unknown,Normal,Unknown or other,Serious Injury
17:30:00,Sunday,18-30,Male,5-10yr,Lorry (11-40Q),Residential areas,Asphalt roads,Dry,Normal,Daylight,Vehicle with vehicle collision,2,1,Other,Male,18-30,2,No priority to vehicle,Slight Injury,Governmental,Below 1yr,Normal,Not a Pedestrian,Serious Injury
20:31:00,Friday,18-30,Male,Above 10yr,Pick up upto 10Q,Other,Asphalt roads,Dry,Normal,Darkness - lights lit,Vehicle with vehicle collision,1,1,Going straight,na,No Casualty,na,No priority to vehicle,Slight Injury,Owner,Unknown,Normal,Not a Pedestrian,No Casualty
17:18:00,Wednesday,31-50,Male,Above 10yr,Special vehicle,Industrial areas,Asphalt roads,Dry,Normal,Darkness - lights lit,Vehicle with vehicle collision,2,1,Going straight,Male,18-30,3,No distancing,Slight Injury,Owner,Unknown,No Casualty,Unknown or other,Slight Injury
17:18:00,Wednesday,31-50,Male,Above 10yr,Lorry (11-40Q),Church areas,Asphalt roads,Dry,Normal,Darkness - lights lit,Vehicle with vehicle collision,2,1,Going straight,Female,Over 51,3,No distancing,Slight Injury,Owner,Unknown,Normal,Crossing from nearside - masked by parked or statioNot a Pedestrianry vehicle,Slight Injury
15:34:00,Monday,18-30,Male,Above 10yr,Automobile,Residential areas,Asphalt roads,Dry,Normal,Daylight,Vehicle with vehicle collision,3,1,Reversing,Male,18-30,3,Overtaking,Serious Injury,Owner,2-5yrs,Normal,Not a Pedestrian,Slight Injury
15:34:00,Monday,18-30,Male,Above 10yr,Automobile,Other,Asphalt roads,Dry,Normal,Daylight,Vehicle with vehicle collision,3,1,Moving Backward,na,No Casualty,na,Driving under the influence of drugs,Serious Injury,Owner,Unknown,No Casualty,Not a Pedestrian,No Casualty
15:34:00,Monday,31-50,Male,Above 10yr,Lorry (41-100Q),Other,Gravel roads,Dry,Normal,Daylight,Vehicle with vehicle collision,3,1,Going straight,Male,18-30,3,Changing lane to the right,Serious Injury,Owner,Unknown,No Casualty,Not a Pedestrian,Slight Injury
08:46:00,Wednesday,18-30,Male,5-10yr,Other,Office areas,Asphalt roads,Dry,Normal,Daylight,Vehicle with vehicle collision,1,1,Going straight,na,No Casualty,na,Changing lane to the left,Slight Injury,Owner,1-2yr,Normal,Not a Pedestrian,No Casualty
16:59:00,Friday,Over 51,Male,2-5yr,Other,Outside rural areas,Gravel roads,Wet or damp,Other,Darkness - lights lit,Collision with roadside objects,1,1,Reversing,Female,18-30,3,Driving carelessly,Serious Injury,Owner,Above 10yr,Normal,Not a Pedestrian,Slight Injury
21:30:00,Monday,Under 18,Male,Below 1yr,Automobile,Church areas,Asphalt roads,Dry,Normal,Darkness - lights lit,Vehicle with vehicle collision,2,2,Going straight,na,No Casualty,na,Moving Backward,Slight Injury,Owner,Above 10yr,No Casualty,Not a Pedestrian,No Casualty
21:30:00,Monday,Under 18,Male,Below 1yr,Other,Office areas,Asphalt roads,Dry,Normal,Darkness - lights lit,Collision with roadside objects,2,2,Reversing,Male,31-50,3,Moving Backward,Slight Injury,Owner,Unknown,No Casualty,Not a Pedestrian,Slight Injury
21:30:00,Monday,18-30,Male,2-5yr,Automobile,Church areas,Asphalt roads,Dry,Normal,Darkness - lights lit,Vehicle with vehicle collision,2,2,Other,na,No Casualty,na,Changing lane to the right,Slight Injury,Owner,Above 10yr,Normal,Not a Pedestrian,No Casualty
09:30:00,Tuesday,31-50,Male,Below 1yr,Public (13-45 seats),Office areas,Asphalt roads,Dry,Normal,Daylight,Vehicle with vehicle collision,2,1,Going straight,na,No Casualty,na,No priority to vehicle,Slight Injury,Owner,Unknown,Normal,Not a Pedestrian,No Casualty
09:30:00,Tuesday,18-30,Male,Below 1yr,Lorry (41-100Q),Office areas,Asphalt roads,Dry,Normal,Daylight,Vehicle with vehicle collision,2,1,Going straight,Male,Under 18,3,Overspeed,Slight Injury,Governmental,Unknown,No Casualty,Not a Pedestrian,Slight Injury
20:55:00,Friday,31-50,Male,5-10yr,Automobile,School areas,Asphalt roads,Wet or damp,Normal,Daylight,Collision with pedestrians,2,1,Going straight,Male,Under 18,3,Driving under the influence of drugs,Slight Injury,Owner,1-2yr,No Casualty,Not a Pedestrian,Slight Injury
20:55:00,Friday,31-50,Male,5-10yr,Automobile,Residential areas,Asphalt roads,Wet or damp,Normal,Daylight,Vehicle with vehicle collision,2,1,Going straight,Female,Over 51,3,Changing lane to the right,Slight Injury,Owner,Below 1yr,Normal,Not a Pedestrian,Slight Injury
18:10:00,Tuesday,18-30,Female,Below 1yr,Automobile,Office areas,Asphalt roads,Wet or damp,Cloudy,Darkness - lights lit,Vehicle with vehicle collision,2,1,Going straight,na,No Casualty,na,Driving carelessly,Slight Injury,Owner,Unknown,Normal,Not a Pedestrian,No Casualty
18:10:00,Tuesday,Under 18,Male,Below 1yr,Lorry (41-100Q),Rural village areas,Asphalt roads,Wet or damp,Cloudy,Darkness - lights lit,Vehicle with vehicle collision,2,1,Going straight,na,No Casualty,na,No distancing,Slight Injury,Owner,Unknown,No Casualty,Not a Pedestrian,No Casualty
13:15:00,Friday,31-50,Male,1-2yr,Automobile,Other,Asphalt roads,Wet or damp,Normal,Daylight,Collision with pedestrians,2,1,Going straight,na,No Casualty,na,Changing lane to the left,Slight Injury,Owner,Unknown,No Casualty,Not a Pedestrian,No Casualty
13:15:00,Friday,18-30,Male,Above 10yr,Lorry (41-100Q),Residential areas,Asphalt roads,Wet or damp,Normal,Daylight,Collision with roadside objects,2,1,Going straight,Female,31-50,3,No distancing,Slight Injury,Owner,Unknown,Normal,Not a Pedestrian,Slight Injury
17:15:00,Tuesday,31-50,Male,Above 10yr,Taxi,Office areas,Asphalt roads,Wet or damp,Normal,Darkness - lights lit,Vehicle with vehicle collision,4,1,Going straight,Female,18-30,3,No distancing,Slight Injury,Owner,Unknown,Normal,Not a Pedestrian,Slight Injury
17:15:00,Tuesday,18-30,Male,Below 1yr,Lorry (41-100Q),Office areas,Asphalt roads,Wet or damp,Normal,Darkness - lights lit,Vehicle with vehicle collision,4,1,Going straight,Female,31-50,3,Getting off the vehicle improperly,Slight Injury,Owner,Unknown,Normal,Not a Pedestrian,Slight Injury
17:15:00,Tuesday,31-50,Male,2-5yr,Lorry (41-100Q),Residential areas,Asphalt roads,Wet or damp,Normal,Darkness - lights lit,Vehicle with vehicle collision,4,1,Going straight,na,No Casualty,na,Overtaking,Slight Injury,Owner,Unknown,Normal,Not a Pedestrian,No Casualty
17:15:00,Tuesday,31-50,Male,2-5yr,Other,Office areas,Asphalt roads,Wet or damp,Normal,Darkness - lights lit,Vehicle with vehicle collision,4,1,Going straight,Male,31-50,3,Driving carelessly,Slight Injury,Owner,Unknown,No Casualty,Not a Pedestrian,Slight Injury
17:55:00,Tuesday,Over 51,Male,Above 10yr,Stationwagen,Office areas,Asphalt roads,Dry,Normal,Darkness - lights lit,Vehicle with vehicle collision,2,1,Going straight,na,No Casualty,na,Driving under the influence of drugs,Slight Injury,Owner,Unknown,No Casualty,Not a Pedestrian,No Casualty
17:55:00,Tuesday,18-30,Male,2-5yr,Stationwagen,Office areas,Asphalt roads,Dry,Normal,Darkness - lights lit,Vehicle with vehicle collision,2,1,Going straight,Female,Over 51,3,Moving Backward,Slight Injury,Owner,Unknown,Normal,Unknown or other,Slight Injury
07:54:00,Wednesday,Under 18,Male,2-5yr,Lorry (41-100Q),Office areas,Asphalt roads,Wet or damp,Normal,Daylight,Vehicle with vehicle collision,2,1,Going straight,na,No Casualty,na,Overturning,Slight Injury,Owner,Unknown,Normal,Not a Pedestrian,No Casualty
07:54:00,Wednesday,18-30,Male,1-2yr,Lorry (41-100Q),Other,Asphalt roads,Wet or damp,Normal,Daylight,Collision with roadside objects,2,1,Going straight,Male,Under 18,3,Driving under the influence of drugs,Slight Injury,Owner,Unknown,Normal,Not a Pedestrian,Slight Injury
12:43:00,Wednesday,18-30,Male,5-10yr,Other,Other,Asphalt roads,Dry,Normal,Daylight,Collision with roadside objects,1,1,Moving Backward,Female,Over 51,3,Changing lane to the right,Serious Injury,Owner,Unknown,Normal,Not a Pedestrian,Slight Injury
17:25:00,Wednesday,31-50,Male,Below 1yr,Automobile,Other,Asphalt roads,Wet or damp,Other,Daylight,Vehicle with vehicle collision,2,1,Going straight,na,No Casualty,na,Changing lane to the left,Serious Injury,Owner,2-5yrs,Normal,Not a Pedestrian,No Casualty
17:25:00,Wednesday,18-30,Male,Below 1yr,Automobile,Residential areas,Asphalt roads,Wet or damp,Other,Daylight,Vehicle with vehicle collision,2,1,Going straight,Male,18-30,3,No distancing,Serious Injury,Owner,2-5yrs,Normal,Not a Pedestrian,Slight Injury
10:35:00,Sunday,31-50,Male,5-10yr,Taxi,School areas,Asphalt roads,Dry,Normal,Daylight,Vehicle with vehicle collision,2,1,Going straight,Male,Over 51,3,No distancing,Serious Injury,Owner,2-5yrs,Normal,Not a Pedestrian,Slight Injury
10:35:00,Sunday,18-30,Male,Below 1yr,Lorry (41-100Q),Residential areas,Asphalt roads,Dry,Normal,Daylight,Vehicle with vehicle collision,2,1,Going straight,Male,Over 51,3,No priority to vehicle,Serious Injury,Owner,2-5yrs,Normal,Not a Pedestrian,Slight Injury
07:45:00,Monday,18-30,Female,1-2yr,Other,Office areas,Asphalt roads,Dry,Other,Daylight,Vehicle with vehicle collision,2,1,Turnover,na,No Casualty,na,Moving Backward,Slight Injury,Owner,2-5yrs,Normal,Not a Pedestrian,No Casualty
07:45:00,Monday,18-30,Male,2-5yr,Automobile,Church areas,Asphalt roads,Dry,Other,Daylight,Rollover,2,1,Going straight,Male,18-30,3,Moving Backward,Slight Injury,Owner,Unknown,No Casualty,Not a Pedestrian,Slight Injury
08:40:00,Wednesday,18-30,Female,1-2yr,Public (> 45 seats),Other,Asphalt roads,Dry,Normal,Daylight,Vehicle with vehicle collision,1,1,Going straight,Female,Under 18,3,Getting off the vehicle improperly,Slight Injury,Owner,Unknown,Normal,Not a Pedestrian,Slight Injury
07:45:00,Thursday,18-30,Male,5-10yr,Stationwagen,Other,Asphalt roads,Dry,Normal,Daylight,Collision with roadside objects,1,1,Going straight,na,No Casualty,na,Changing lane to the left,Slight Injury,Owner,2-5yrs,Normal,Not a Pedestrian,No Casualty
15:50:00,Wednesday,18-30,Male,Below 1yr,Automobile,Other,Asphalt roads,Dry,Normal,Daylight,Collision with pedestrians,2,3,Going straight,na,No Casualty,na,Changing lane to the left,Slight Injury,Owner,5-10yrs,Normal,Not a Pedestrian,No Casualty
15:50:00,Wednesday,31-50,Male,Above 10yr,Lorry (41-100Q),Other,Asphalt roads,Dry,Normal,Daylight,Vehicle with vehicle collision,2,3,Going straight,Male,18-30,3,No priority to vehicle,Slight Injury,Owner,Unknown,Normal,Not a Pedestrian,Slight Injury
15:50:00,Wednesday,31-50,Male,5-10yr,Other,Office areas,Asphalt roads,Dry,Normal,Daylight,Vehicle with vehicle collision,2,3,Going straight,Female,18-30,3,Changing lane to the right,Slight Injury,Owner,Unknown,No Casualty,Crossing from driver's nearside,Slight Injury
15:50:00,Wednesday,31-50,Male,Below 1yr,Public (13-45 seats),Office areas,Asphalt roads,Dry,Normal,Daylight,Vehicle with vehicle collision,2,3,Going straight,na,No Casualty,na,Changing lane to the right,Slight Injury,Owner,Unknown,Normal,Not a Pedestrian,No Casualty
17:00:00,Tuesday,18-30,Male,5-10yr,Other,Residential areas,Asphalt roads,Wet or damp,Normal,Darkness - lights lit,Vehicle with vehicle collision,2,1,Going straight,Male,18-30,3,Driving carelessly,Slight Injury,Owner,Unknown,No Casualty,Not a Pedestrian,Slight Injury
17:00:00,Tuesday,18-30,Male,5-10yr,Other,Office areas,Asphalt roads,Wet or damp,Normal,Darkness - lights lit,Vehicle with vehicle collision,2,1,Going straight,na,No Casualty,na,Changing lane to the left,Slight Injury,Owner,Unknown,Normal,Not a Pedestrian,No Casualty
17:55:00,Sunday,31-50,Male,2-5yr,Ridden horse,Residential areas,Asphalt roads,Dry,Normal,Darkness - lights lit,Vehicle with vehicle collision,1,1,Turnover,Male,31-50,3,Changing lane to the right,Serious Injury,Owner,Unknown,Normal,Not a Pedestrian,Slight Injury
11:10:00,Friday,18-30,Male,Above 10yr,Lorry (41-100Q),Office areas,Asphalt roads,Wet or damp,Rain,Daylight,Vehicle with vehicle collision,2,3,Going straight,na,No Casualty,na,Driving under the influence of drugs,Slight Injury,Owner,Unknown,Normal,Not a Pedestrian,No Casualty
11:10:00,Friday,18-30,Male,5-10yr,Lorry (41-100Q),Other,Asphalt roads,Wet or damp,Rain,Daylight,Collision with roadside objects,2,3,Reversing,Male,18-30,3,Driving carelessly,Slight Injury,Owner,Unknown,Normal,Not a Pedestrian,Slight Injury
11:10:00,Friday,31-50,Male,1-2yr,Pick up upto 10Q,Office areas,Asphalt roads,Wet or damp,Rain,Daylight,Rollover,2,3,Other,Male,Over 51,3,No distancing,Slight Injury,Owner,Unknown,Normal,Crossing from nearside - masked by parked or statioNot a Pedestrianry vehicle,Slight Injury
18:00:00,Tuesday,18-30,Male,Above 10yr,Lorry (11-40Q),School areas,Asphalt roads,Dry,Normal,Darkness - lights lit,Vehicle with vehicle collision,2,5,Going straight,Male,Over 51,3,No priority to vehicle,Slight Injury,Owner,Unknown,Normal,Not a Pedestrian,Slight Injury
18:00:00,Tuesday,Under 18,Male,2-5yr,Automobile,Residential areas,Asphalt roads,Dry,Normal,Darkness - lights lit,Collision with pedestrians,2,5,Going straight,Female,Over 51,3,No priority to vehicle,Slight Injury,Owner,Unknown,Normal,Not a Pedestrian,Slight Injury
18:00:00,Tuesday,Under 18,Male,5-10yr,Automobile,Office areas,Asphalt roads,Dry,Normal,Darkness - lights lit,Vehicle with vehicle collision,2,5,Turnover,na,No Casualty,na,No priority to vehicle,Slight Injury,Owner,Unknown,Normal,Not a Pedestrian,No Casualty
18:00:00,Tuesday,Under 18,Male,Below 1yr,Pick up upto 10Q,Residential areas,Asphalt roads,Dry,Normal,Darkness - lights lit,Vehicle with vehicle collision,2,5,Other,Female,Under 18,2,Changing lane to the left,Slight Injury,Owner,Unknown,No Casualty,Not a Pedestrian,Serious Injury
18:00:00,Tuesday,Under 18,Male,5-10yr,Automobile,Office areas,Asphalt roads,Dry,Normal,Darkness - lights lit,Collision with pedestrians,2,5,Going straight,Male,Over 51,3,Moving Backward,Slight Injury,Owner,Above 10yr,Normal,Not a Pedestrian,Slight Injury
18:00:00,Tuesday,Under 18,Male,Above 10yr,Other,Residential areas,Asphalt roads,Dry,Normal,Darkness - lights lit,Collision with pedestrians,2,5,Going straight,na,No Casualty,na,Driving carelessly,Slight Injury,Owner,Above 10yr,Normal,Not a Pedestrian,No Casualty
15:35:00,Friday,18-30,Male,5-10yr,Lorry (41-100Q),Other,Asphalt roads,Dry,Normal,Daylight,Vehicle with vehicle collision,2,1,Other,na,No Casualty,na,Driving under the influence of drugs,Slight Injury,Owner,Unknown,Normal,Not a Pedestrian,No Casualty
15:35:00,Friday,18-30,Male,1-2yr,Public (13-45 seats),Other,Asphalt roads,Dry,Normal,Daylight,Vehicle with vehicle collision,2,1,Going straight,Male,31-50,3,Changing lane to the right,Slight Injury,Other,Unknown,Normal,Not a Pedestrian,Slight Injury
18:30:00,Thursday,18-30,Male,5-10yr,Pick up upto 10Q,Office areas,Asphalt roads,Dry,Normal,Darkness - lights lit,Vehicle with vehicle collision,2,2,Turnover,Female,Over 51,3,No priority to vehicle,Slight Injury,Owner,5-10yrs,No Casualty,Crossing from nearside - masked by parked or statioNot a Pedestrianry vehicle,Slight Injury
18:30:00,Thursday,31-50,Male,1-2yr,Stationwagen,Office areas,Asphalt roads,Dry,Normal,Darkness - lights lit,Vehicle with vehicle collision,2,2,Going straight,Male,Under 18,3,Changing lane to the right,Slight Injury,Owner,Above 10yr,Normal,Not a Pedestrian,Slight Injury
18:30:00,Thursday,31-50,Male,Above 10yr,Other,Residential areas,Asphalt roads,Dry,Normal,Darkness - lights lit,Vehicle with vehicle collision,2,2,Turnover,Male,18-30,3,Driving to the left,Slight Injury,Owner,2-5yrs,Normal,Not a Pedestrian,Slight Injury
13:50:00,Wednesday,18-30,Male,1-2yr,Pick up upto 10Q,Other,Asphalt roads,Dry,Normal,Daylight,Collision with roadside objects,2,2,Going straight,Male,18-30,3,Moving Backward,Serious Injury,Owner,Unknown,No Casualty,Crossing from offside - masked by  parked or statioNot a Pedestrianry vehicle,Slight Injury
13:50:00,Wednesday,Under 18,Male,5-10yr,Public (13-45 seats),Other,Asphalt roads,Dry,Normal,Daylight,Vehicle with vehicle collision,2,2,Moving Backward,Male,31-50,3,No priority to vehicle,Serious Injury,Governmental,Unknown,Normal,Not a Pedestrian,Slight Injury
13:50:00,Wednesday,Under 18,Male,2-5yr,Public (12 seats),Office areas,Asphalt roads,Dry,Normal,Daylight,Vehicle with vehicle collision,2,2,Going straight,na,No Casualty,na,No distancing,Serious Injury,Owner,Unknown,Normal,Not a Pedestrian,No Casualty
18:15:00,Tuesday,18-30,Male,5-10yr,Lorry (41-100Q),Office areas,Asphalt roads,Dry,Normal,Darkness - lights lit,Vehicle with vehicle collision,2,1,Going straight,Male,31-50,3,Driving carelessly,Slight Injury,Owner,Unknown,Normal,Not a Pedestrian,Slight Injury
18:15:00,Tuesday,18-30,Male,2-5yr,Pick up upto 10Q,Church areas,Asphalt roads,Dry,Normal,Darkness - lights lit,Vehicle with vehicle collision,2,1,Going straight,na,No Casualty,na,Changing lane to the left,Slight Injury,Owner,Unknown,Normal,Not a Pedestrian,No Casualty
15:45:00,Friday,31-50,Male,2-5yr,Lorry (41-100Q),Other,Asphalt roads,Dry,Normal,Daylight,Vehicle with vehicle collision,2,2,Reversing,Male,18-30,3,No priority to vehicle,Slight Injury,Governmental,Unknown,No Casualty,Not a Pedestrian,Slight Injury
15:45:00,Friday,18-30,Male,Above 10yr,Pick up upto 10Q,Office areas,Asphalt roads,Dry,Normal,Daylight,Vehicle with vehicle collision,2,2,Reversing,na,No Casualty,na,No priority to vehicle,Slight Injury,Owner,Unknown,Normal,Not a Pedestrian,No Casualty
14:20:00,Tuesday,18-30,Male,1-2yr,Long lorry,Office areas,Asphalt roads,Wet or damp,Other,Daylight,Vehicle with vehicle collision,2,1,Reversing,Male,31-50,3,No distancing,Slight Injury,Owner,1-2yr,Normal,Not a Pedestrian,Slight Injury
14:20:00,Tuesday,18-30,Male,1-2yr,Automobile,Residential areas,Asphalt roads,Wet or damp,Other,Daylight,Vehicle with vehicle collision,2,1,Going straight,Male,18-30,3,Driving to the left,Slight Injury,Owner,Below 1yr,Normal,Not a Pedestrian,Slight Injury
22:04:00,Monday,18-30,Male,5-10yr,Other,Other,Asphalt roads,Snow,Snow,Darkness - lights lit,Vehicle with vehicle collision,2,2,Going straight,na,No Casualty,na,Driving carelessly,Serious Injury,Owner,Unknown,Normal,Not a Pedestrian,No Casualty
22:04:00,Monday,31-50,Male,1-2yr,Automobile,Residential areas,Asphalt roads,Snow,Snow,Darkness - lights lit,Vehicle with vehicle collision,2,2,Going straight,na,No Casualty,na,Driving carelessly,Serious Injury,Owner,5-10yrs,Normal,Not a Pedestrian,No Casualty
22:04:00,Monday,31-50,Male,5-10yr,Public (13-45 seats),Office areas,Asphalt roads,Snow,Snow,Darkness - lights lit,Vehicle with vehicle collision,2,2,Going straight,Male,18-30,3,Changing lane to the right,Serious Injury,Governmental,Unknown,Normal,Not a Pedestrian,Slight Injury
17:10:00,Tuesday,18-30,Female,Above 10yr,Special vehicle,Office areas,Asphalt roads,Dry,Normal,Darkness - lights lit,Vehicle with vehicle collision,2,1,Moving Backward,Male,31-50,3,Driving carelessly,Slight Injury,Owner,5-10yrs,Normal,Not a Pedestrian,Slight Injury
17:10:00,Tuesday,31-50,Male,Above 10yr,Lorry (41-100Q),Other,Asphalt roads,Dry,Normal,Darkness - lights lit,Vehicle with vehicle collision,2,1,Going straight,na,No Casualty,na,Changing lane to the left,Slight Injury,Owner,Above 10yr,Normal,Not a Pedestrian,No Casualty
09:00:00,Wednesday,Under 18,Male,5-10yr,Lorry (41-100Q),Other,Asphalt roads,Wet or damp,Normal,Daylight,Vehicle with vehicle collision,2,1,Moving Backward,Male,31-50,3,Driving carelessly,Slight Injury,Owner,1-2yr,Normal,Not a Pedestrian,Slight Injury
09:00:00,Wednesday,31-50,Male,2-5yr,Public (> 45 seats),Office areas,Asphalt roads,Wet or damp,Normal,Daylight,Vehicle with vehicle collision,2,1,Moving Backward,na,No Casualty,na,Driving carelessly,Slight Injury,Owner,2-5yrs,Normal,Not a Pedestrian,No Casualty
03:59:00,Sunday,18-30,Male,2-5yr,Automobile,Residential areas,Asphalt roads,Dry,Other,Darkness - lights lit,Collision with roadside objects,2,2,Going straight,Female,18-30,3,Driving under the influence of drugs,Slight Injury,Owner,Unknown,Normal,Not a Pedestrian,Slight Injury
03:59:00,Sunday,18-30,Male,Below 1yr,Automobile,Other,Asphalt roads,Dry,Other,Darkness - lights lit,Vehicle with vehicle collision,2,2,Other,Male,18-30,3,Driving carelessly,Slight Injury,Owner,Unknown,Normal,Crossing from nearside - masked by parked or statioNot a Pedestrianry vehicle,Slight Injury
15:15:00,Sunday,18-30,Male,2-5yr,Automobile,Residential areas,Asphalt roads,Wet or damp,Windy,Daylight,Vehicle with vehicle collision,2,3,Going straight,na,No Casualty,na,No distancing,Serious Injury,Organization,2-5yrs,Normal,Not a Pedestrian,No Casualty