Time,Day_of_week,Age_band_of_driver,Sex_of_driver,Driving_experience,Type_of_vehicle,Area_accident_occured,Road_surface_type,Road_surface_conditions,Weather_conditions,Light_conditions,Type_of_collision,Number_of_vehicles_involved,Number_of_casualties,Vehicle_movement,Sex_of_casualty,Age_band_of_casualty,Casualty_severity,Cause_of_accident,Accident_severity,Owner_of_vehicle,Service_year_of_vehicle,Fitness_of_casuality,Pedestrian_movement,Casualty_severity_label
08:40:00,Tuesday,18-30,Male,2-5yr,Automobile,Other,Asphalt roads,Wet or damp,Normal,Daylight,Vehicle with vehicle collision,2,3,Going straight,Female,Under 18,3,Driving under the influence of drugs,Slight Injury,Owner,Unknown,Normal,Not a Pedestrian,Slight Injury
08:40:00,Tuesday,Over 51,Male,Above 10yr,Taxi,Residential areas,Asphalt roads,Wet or damp,Normal,Daylight,Vehicle with vehicle collision,2,3,Going straight,na,No Casualty,na,Changing lane to the right,Slight Injury,Owner,Unknown,Normal,Not a Pedestrian,No Casualty
08:40:00,Tuesday,Over 51,Male,2-5yr,Taxi,Residential areas,Asphalt roads,Wet or damp,Normal,Daylight,Collision with pedestrians,2,3,Going straight,Female,18-30,3,Changing lane to the right,Slight Injury,Owner,2-5yrs,No Casualty,Not a Pedestrian,Slight Injury
21:10:00,Monday,Under 18,Male,Above 10yr,Long lorry,Church areas,Asphalt roads,Dry,Normal,Darkness - lights lit,Collision with pedestrians,2,2,Going straight,Male,18-30,3,Changing lane to the right,Slight Injury,Owner,5-10yrs,Normal,Not a Pedestrian,Slight Injury
21:10:00,Monday,Under 18,Male,Below 1yr,Lorry (11-40Q),Other,Asphalt roads,Dry,Normal,Darkness - lights lit,Vehicle with vehicle collision,2,2,Turnover,na,No Casualty,na,Changing lane to the right,Slight Injury,Owner,5-10yrs,No Casualty,Not a Pedestrian,No Casualty
21:10:00,Monday,31-50,Male,2-5yr,Lorry (11-40Q),Residential areas,Asphalt roads,Dry,Normal,Darkness - lights lit,Vehicle with vehicle collision,2,2,Moving Backward,Female,18-30,3,Moving Backward,Slight Injury,Owner,Unknown,Normal,Crossing from nearside - masked by parked or statioNot a Pedestrianry vehicle,Slight Injury
07:16:00,Friday,18-30,Male,5-10yr,Long lorry,Other,Asphalt roads,Dry,Normal,Daylight,Vehicle with vehicle collision,2,1,Going straight,Female,18-30,3,No distancing,Slight Injury,Owner,2-5yrs,Normal,Not a Pedestrian,Slight Injury
07:16:00,Friday,31-50,Male,5-10yr,Turbo,Residential areas,Asphalt roads,Dry,Normal,Daylight,Collision with roadside objects,2,1,Going straight,na,No Casualty,na,Overspeed,Slight Injury,Owner,2-5yrs,Normal,Not a Pedestrian,No Casualty
12:50:00,Friday,18-30,Female,1-2yr,Long lorry,Residential areas,Asphalt roads,Dry,Normal,Daylight,Vehicle with vehicle collision,1,1,Moving Backward,Male,18-30,3,No distancing,Slight Injury,Owner,2-5yrs,Normal,Not a Pedestrian,Slight Injury
17:20:00,Friday,18-30,Male,5-10yr,Long lorry,Other,Asphalt roads,Dry,Normal,Darkness - lights lit,Collision with roadside objects,2,1,Going straight,na,No Casualty,na,Driving carelessly,Slight Injury,Owner,5-10yrs,Normal,Not a Pedestrian,No Casualty
17:20:00,Friday,Over 51,Male,1-2yr,Public (13-45 seats),Other,Asphalt roads,Dry,Normal,Darkness - lights lit,Vehicle with vehicle collision,2,1,Moving Backward,Male,31-50,3,No distancing,Slight Injury,Owner,Unknown,Normal,Unknown or other,Slight Injury
10:50:00,Thursday,Over 51,Male,5-10yr,Automobile,Other,Asphalt roads,Dry,Normal,Daylight,Collision with pedestrians,2,2,Going straight,Female,31-50,3,No distancing,Slight Injury,Owner,Unknown,Normal,Not a Pedestrian,Slight Injury
10:50:00,Thursday,18-30,Male,1-2yr,Automobile,Other,Asphalt roads,Dry,Normal,Daylight,Vehicle with vehicle collision,2,2,Going straight,Female,18-30,3,No distancing,Slight Injury,Owner,Unknown,Normal,Not a Pedestrian,Slight Injury
11:52:00,Sunday,31-50,Male,5-10yr,Pick up upto 10Q,Residential areas,Asphalt roads,Wet or damp,Normal,Daylight,Vehicle with vehicle collision,2,1,Going straight,na,No Casualty,na,Changing lane to the right,Serious Injury,Owner,Unknown,Normal,Not a Pedestrian,No Casualty
11:52:00,Sunday,18-30,Male,2-5yr,Automobile,Recreational areas,Asphalt roads,Wet or damp,Normal,Daylight,Vehicle with vehicle collision,2,1,Other,Female,Over 51,3,No distancing,Serious Injury,Owner,2-5yrs,Normal,Not a Pedestrian,Slight Injury
21:42:00,Friday,31-50,Male,2-5yr,Stationwagen,Other,Asphalt roads,Wet or damp,Normal,Darkness - lights lit,Vehicle with vehicle collision,1,1,Other,Female,Over 51,3,No priority to vehicle,Serious Injury,Owner,Unknown,Normal,Not a Pedestrian,Slight Injury
19:17:00,Monday,Under 18,Male,5-10yr,Automobile,Office areas,Asphalt roads,Wet or damp,Rain,Darkness - lights lit,Vehicle with vehicle collision,2,1,Going straight,Male,31-50,3,Changing lane to the left,Serious Injury,Owner,Unknown,Normal,Crossing from nearside - masked by parked or statioNot a Pedestrianry vehicle,Slight Injury
19:17:00,Monday,18-30,Male,Below 1yr,Automobile,Other,Asphalt roads,Wet or damp,Rain,Darkness - lights lit,Collision with roadside objects,2,1,Reversing,Male,18-30,3,Moving Backward,Serious Injury,Owner,Unknown,Normal,Not a Pedestrian,Slight Injury
15:19:00,Friday,31-50,Male,Below 1yr,Automobile,Office areas,Asphalt roads,Dry,Normal,Daylight,Collision with roadside objects,1,1,Going straight,na,No Casualty,na,Driving carelessly,Slight Injury,Owner,Unknown,Normal,Not a Pedestrian,No Casualty
13:25:00,Monday,31-50,Male,5-10yr,Long lorry,Office areas,Asphalt roads,Dry,Normal,Daylight,Vehicle with vehicle collision,4,1,Going straight,na,No Casualty,na,Changing lane to the left,Slight Injury,Owner,Unknown,Normal,Not a Pedestrian,No Casualty
13:25:00,Monday,31-50,Male,Below 1yr,Public (13-45 seats),Office areas,Asphalt roads,Dry,Normal,Daylight,Vehicle with vehicle collision,4,1,Going straight,Male,Under 18,3,No priority to pedestrian,Slight Injury,Owner,Unknown,Normal,Not a Pedestrian,Slight Injury
13:25:00,Monday,31-50,Male,2-5yr,Public (13-45 seats),Other,Asphalt roads,Dry,Normal,Daylight,Vehicle with vehicle collision,4,1,Going straight,na,No Casualty,na,No distancing,Slight Injury,Owner,Unknown,Normal,Not a Pedestrian,No Casualty
13:25:00,Monday,31-50,Male,2-5yr,Lorry (11-40Q),Other,Asphalt roads,Dry,Normal,Daylight,Vehicle with vehicle collision,4,1,Moving Backward,Male,31-50,3,No distancing,Slight Injury,Governmental,Unknown,Normal,Not a Pedestrian,Slight Injury
14:30:00,Thursday,18-30,Male,5-10yr,Lorry (11-40Q),Office areas,Asphalt roads,Dry,Normal,Daylight,Vehicle with vehicle collision,1,1,Going straight,Male,18-30,2,Overturning,Slight Injury,Owner,Unknown,Normal,Not a Pedestrian,Serious Injury
19:57:00,Friday,31-50,Male,5-10yr,Pick up upto 10Q,Residential areas,Asphalt roads,Wet or damp,Rain,Darkness - lights lit,Vehicle with vehicle collision,1,2,Going straight,na,No Casualty,na,No distancing,Serious Injury,Owner,Unknown,Normal,Not a Pedestrian,No Casualty
19:57:00,Friday,31-50,Male,5-10yr,Automobile,Recreational areas,Asphalt roads,Wet or damp,Rain,Darkness - lights lit,Vehicle with vehicle collision,1,2,Going straight,Male,18-30,3,Drunk driving,Serious Injury,Governmental,2-5yrs,Normal,Crossing from nearside - masked by parked or statioNot a Pedestrianry vehicle,Slight Injury
18:00:00,Monday,18-30,Male,5-10yr,Automobile,Other,Asphalt roads,Wet or damp,Rain,Darkness - lights lit,Vehicle with vehicle collision,2,1,Going straight,Female,18-30,3,Moving Backward,Slight Injury,Owner,1-2yr,Normal,Not a Pedestrian,Slight Injury
18:00:00,Monday,18-30,Male,5-10yr,Automobile,Residential areas,Asphalt roads,Wet or damp,Rain,Darkness - lights lit,Vehicle with vehicle collision,2,1,Going straight,Male,Under 18,3,No priority to pedestrian,Slight Injury,Owner,Above 10yr,Normal,Not a Pedestrian,Slight Injury
13:25:00,Tuesday,Over 51,Male,2-5yr,Long lorry,Other,Asphalt roads,Dry,Normal,Daylight,Vehicle with vehicle collision,1,1,Moving Backward,na,No Casualty,na,Changing lane to the left,Slight Injury,Owner,Unknown,Normal,Not a Pedestrian,No Casualty
14:44:00,Tuesday,Over 51,Male,5-10yr,Long lorry,Other,Asphalt roads,Dry,Normal,Daylight,Other,2,1,Going straight,Male,18-30,3,Changing lane to the left,Slight Injury,Owner,Unknown,Normal,Not a Pedestrian,Slight Injury
14:44:00,Tuesday,31-50,Male,Below 1yr,Automobile,Other,Asphalt roads,Dry,Normal,Daylight,Vehicle with vehicle collision,2,1,Going straight,na,No Casualty,na,Getting off the vehicle improperly,Slight Injury,Owner,5-10yrs,No Casualty,Not a Pedestrian,No Casualty
17:13:00,Sunday,Over 51,Male,1-2yr,Stationwagen,Other,Asphalt roads,Wet or damp,Rain,Daylight,Collision with roadside objects,1,2,Moving Backward,Male,18-30,3,No distancing,Serious Injury,Owner,Unknown,Normal,Not a Pedestrian,Slight Injury
17:13:00,Sunday,Over 51,Male,2-5yr,Automobile,Other,Asphalt roads,Wet or damp,Rain,Daylight,Vehicle with vehicle collision,1,2,Moving Backward,na,No Casualty,na,Changing lane to the right,Serious Injury,Owner,2-5yrs,Normal,Not a Pedestrian,No Casualty
10:45:00,Friday,31-50,Male,2-5yr,Other,School areas,Asphalt roads,Dry,Normal,Daylight,Vehicle with vehicle collision,2,1,Going straight,na,No Casualty,na,Changing lane to the right,Slight Injury,Owner,Unknown,Normal,Not a Pedestrian,No Casualty
10:45:00,Friday,Over 51,Male,5-10yr,Special vehicle,Office areas,Asphalt roads,Dry,Normal,Daylight,Vehicle with vehicle collision,2,1,Turnover,Male,Over 51,3,Moving Backward,Slight Injury,Owner,Unknown,Normal,Not a Pedestrian,Slight Injury
19:20:00,Monday,31-50,Male,5-10yr,Lorry (41-100Q),Office areas,Asphalt roads,Wet or damp,Normal,Darkness - lights lit,Vehicle with vehicle collision,2,1,Turnover,na,No Casualty,na,Overspeed,Slight Injury,Owner,Unknown,No Casualty,Not a Pedestrian,No Casualty
19:20:00,Monday,18-30,Male,5-10yr,Pick up upto 10Q,Office areas,Asphalt roads,Wet or damp,Normal,Darkness - lights lit,Vehicle with vehicle collision,2,1,Going straight,Male,31-50,3,Changing lane to the left,Slight Injury,Owner,5-10yrs,Normal,Not a Pedestrian,Slight Injury
00:06:00,Tuesday,Under 18,Male,Above 10yr,Lorry (11-40Q),School areas,Asphalt roads,Dry,Other,Darkness - lights lit,Vehicle with vehicle collision,1,1,Going straight,Male,18-30,3,Changing lane to the right,Slight Injury,Owner,Unknown,Normal,Not a Pedestrian,Slight Injury
01:15:00,Friday,18-30,Female,Above 10yr,Lorry (41-100Q),School areas,Asphalt roads,Dry,Unknown,Darkness - lights lit,Collision with roadside objects,2,1,Going straight,na,No Casualty,na,No distancing,Slight Injury,Governmental,Unknown,No Casualty,Not a Pedestrian,No Casualty
01:15:00,Friday,31-50,Male,Above 10yr,Motorcycle,Office areas,Asphalt roads with some distress,Dry,Unknown,Darkness - lights lit,Collision with roadside objects,2,1,Going straight,Male,31-50,2,Changing lane to the right,Slight Injury,Owner,Unknown,Normal,Not a Pedestrian,Serious Injury
18:22:00,Wednesday,18-30,Male,5-10yr,Automobile,Office areas,Asphalt roads,Dry,Normal,Daylight,Vehicle with vehicle collision,2,1,Going straight,na,No Casualty,na,Changing lane to the right,Slight Injury,Owner,Unknown,Normal,Not a Pedestrian,No Casualty
18:22:00,Wednesday,31-50,Male,5-10yr,Automobile,School areas,Asphalt roads,Dry,Normal,Daylight,Collision with roadside objects,2,1,Going straight,Male,18-30,3,No distancing,Slight Injury,Governmental,Above 10yr,Normal,Not a Pedestrian,Slight Injury
14:45:00,Monday,31-50,Male,2-5yr,Automobile,Other,Asphalt roads,Dry,Normal,Daylight,Collision with roadside objects,1,1,Getting off,Female,18-30,3,Changing lane to the right,Slight Injury,Owner,1-2yr,Normal,Not a Pedestrian,Slight Injury
10:50:00,Monday,18-30,Male,5-10yr,Stationwagen,Other,Asphalt roads,Dry,Normal,Daylight,Vehicle with vehicle collision,2,1,Moving Backward,Male,18-30,3,Driving carelessly,Slight Injury,Owner,Above 10yr,Normal,Not a Pedestrian,Slight Injury
10:50:00,Monday,18-30,Female,2-5yr,Automobile,Other,Gravel roads,Dry,Normal,Daylight,Vehicle with vehicle collision,2,1,Other,na,No Casualty,na,Driving carelessly,Slight Injury,Owner,Below 1yr,Normal,Not a Pedestrian,No Casualty
16:41:00,Tuesday,18-30,Male,5-10yr,Public (> 45 seats),Other,Asphalt roads,Dry,Normal,Daylight,Collision with roadside objects,2,1,Going straight,Female,31-50,3,Changing lane to the right,Slight Injury,Owner,Above 10yr,Normal,Not a Pedestrian,Slight Injury
16:41:00,Tuesday,18-30,Male,Above 10yr,Public (> 45 seats),Residential areas,Asphalt roads,Dry,Normal,Daylight,Vehicle with vehicle collision,2,1,Going straight,Male,Under 18,3,Overturning,Slight Injury,Owner,Unknown,No Casualty,Not a Pedestrian,Slight Injury
14:45:00,Thursday,Under 18,Male,2-5yr,Stationwagen,Other,Asphalt roads,Dry,Normal,Daylight,Vehicle with vehicle collision,2,1,Going straight,Male,Under 18,3,Changing lane to the right,Slight Injury,Governmental,1-2yr,No Casualty,Not a Pedestrian,Slight Injury
14:45:00,Thursday,18-30,Male,2-5yr,Automobile,Other,Asphalt roads,Dry,Normal,Daylight,Vehicle with vehicle collision,2,1,Going straight,Male,31-50,3,Moving Backward,Slight Injury,Owner,1-2yr,Normal,Not a Pedestrian,Slight Injury
16:55:00,Friday,Over 51,Male,Above 10yr,Bicycle,Industrial areas,Asphalt roads,Wet or damp,Normal,Darkness - lights lit,Vehicle with vehicle collision,2,2,Going straight,na,No Casualty,na,No distancing,Slight Injury,Owner,Unknown,Normal,Not a Pedestrian,No Casualty
16:55:00,Friday,18-30,Male,1-2yr,Automobile,Recreational areas,Asphalt roads,Wet or damp,Normal,Darkness - lights lit,Vehicle with vehicle collision,2,2,Going straight,Female,31-50,3,Overturning,Slight Injury,Owner,Unknown,Normal,Not a Pedestrian,Slight Injury
14:40:00,Friday,18-30,Male,Above 10yr,Lorry (41-100Q),Church areas,Asphalt roads,Wet or damp,Normal,Daylight,Vehicle with vehicle collision,2,2,Going straight,Male,Over 51,3,Driving carelessly,Slight Injury,Owner,Above 10yr,No Casualty,Not a Pedestrian,Slight Injury
14:40:00,Friday,18-30,Male,5-10yr,Automobile,Office areas,Asphalt roads,Wet or damp,Normal,Daylight,Collision with pedestrians,2,2,Going straight,Male,31-50,3,Changing lane to the right,Slight Injury,Owner,Unknown,Normal,Not a Pedestrian,Slight Injury
11:05:00,Friday,31-50,Male,5-10yr,Public (13-45 seats),Other,Asphalt roads,Dry,Normal,Daylight,Vehicle with vehicle collision,3,1,Going straight,na,No Casualty,na,Overspeed,Slight Injury,Owner,Unknown,Normal,Not a Pedestrian,No Casualty
11:05:00,Friday,31-50,Male,5-10yr,Special vehicle,Office areas,Asphalt roads,Dry,Normal,Daylight,Collision with roadside objects,3,1,Going straight,Male,31-50,2,Changing lane to the left,Slight Injury,Owner,Unknown,Normal,Unknown or other,Serious Injury
11:05:00,Friday,18-30,Female,5-10yr,Automobile,Office areas,Asphalt roads,Dry,Normal,Daylight,Vehicle with vehicle collision,3,1,Going straight,Male,Under 18,3,Driving carelessly,Slight Injury,Owner,Unknown,No Casualty,Crossing from nearside - masked by parked or statioNot a Pedestrianry vehicle,Slight Injury
17:23:00,Thursday,Under 18,Male,Above 10yr,Public (13-45 seats),Other,Asphalt roads,Dry,Normal,Darkness - lights lit,Vehicle with vehicle collision,2,1,Going straight,na,No Casualty,na,No distancing,Slight Injury,Owner,Unknown,Normal,Not a Pedestrian,No Casualty
17:23:00,Thursday,18-30,Male,1-2yr,Automobile,Residential areas,Asphalt roads,Dry,Normal,Darkness - lights lit,Vehicle with vehicle collision,2,1,Moving Backward,Male,31-50,3,Moving Backward,Slight Injury,Owner,Above 10yr,Normal,Not a Pedestrian,Slight Injury
09:15:00,Tuesday,31-50,Male,2-5yr,Lorry (41-100Q),Office areas,Asphalt roads,Dry,Normal,Daylight,Vehicle with vehicle collision,2,1,Going straight,na,No Casualty,na,No priority to pedestrian,Slight Injury,Owner,Above 10yr,Normal,Not a Pedestrian,No Casualty
09:15:00,Tuesday,31-50,Male,Below 1yr,Lorry (41-100Q),Residential areas,Asphalt roads,Dry,Normal,Daylight,Vehicle with vehicle collision,2,1,Moving Backward,Male,18-30,3,Moving Backward,Slight Injury,Owner,Above 10yr,Normal,Not a Pedestrian,Slight Injury
12:40:00,Wednesday,31-50,Male,Above 10yr,Public (12 seats),School areas,Asphalt roads,Wet or damp,Rain,Daylight,Vehicle with vehicle collision,2,1,Moving Backward,Male,Over 51,3,Moving Backward,Slight Injury,Owner,Unknown,Normal,Not a Pedestrian,Slight Injury
12:40:00,Wednesday,Over 51,Male,1-2yr,Lorry (41-100Q),Office areas,Asphalt roads,Wet or damp,Rain,Daylight,Vehicle with vehicle collision,2,1,Going straight,Male,18-30,3,Overtaking,Slight Injury,Owner,Above 10yr,No Casualty,Not a Pedestrian,Slight Injury
04:30:00,Friday,18-30,Female,5-10yr,Lorry (41-100Q),Other,Asphalt roads,Dry,Normal,Darkness - lights lit,Vehicle with vehicle collision,2,1,Going straight,na,No Casualty,na,Changing lane to the left,Slight Injury,Owner,5-10yrs,Normal,Not a Pedestrian,No Casualty
04:30:00,Friday,31-50,Male,5-10yr,Public (12 seats),Other,Asphalt roads,Dry,Normal,Darkness - lights lit,Vehicle with vehicle collision,2,1,Going straight,Male,18-30,3,Changing lane to the right,Slight Injury,Owner,Above 10yr,Normal,Not a Pedestrian,Slight Injury
17:52:00,Friday,18-30,Male,Below 1yr,Public (> 45 seats),Church areas,Asphalt roads,Dry,Normal,Darkness - lights lit,Collision with roadside objects,3,2,Going straight,na,No Casualty,na,Overtaking,Slight Injury,Owner,Above 10yr,Normal,Not a Pedestrian,No Casualty
17:52:00,Friday,18-30,Male,5-10yr,Automobile,Office areas,Earth roads,Dry,Normal,Darkness - lights lit,Vehicle with vehicle collision,3,2,Going straight,Female,Over 51,3,Overloading,Slight Injury,Owner,Unknown,Normal,Not a Pedestrian,Slight Injury
17:52:00,Friday,31-50,Male,Above 10yr,Pick up upto 10Q,Other,Asphalt roads,Dry,Normal,Darkness - lights lit,Collision with roadside objects,3,2,Going straight,Male,Under 18,3,Other,Slight Injury,Owner,Unknown,Normal,Not a Pedestrian,Slight Injury
23:39:00,Sunday,18-30,Male,5-10yr,Stationwagen,Office areas,Asphalt roads,Dry,Normal,Darkness - lights lit,Vehicle with vehicle collision,2,1,Going straight,na,No Casualty,na,No priority to vehicle,Serious Injury,Owner,Unknown,Normal,Not a Pedestrian,No Casualty
23:39:00,Sunday,31-50,Male,1-2yr,Other,Office areas,Asphalt roads,Dry,Normal,Darkness - lights lit,Vehicle with vehicle collision,2,1,Other,Male,18-30,3,Changing lane to the right,Serious Injury,Owner,Unknown,No Casualty,Not a Pedestrian,Slight Injury
14:43:00,Thursday,18-30,Male,2-5yr,Automobile,Office areas,Asphalt roads,Dry,Normal,Daylight,Vehicle with vehicle collision,2,1,Going straight,Male,31-50,3,Moving Backward,Slight Injury,Owner,Above 10yr,Normal,Unknown or other,Slight Injury
14:43:00,Thursday,31-50,Male,5-10yr,Automobile,Church areas,Asphalt roads,Dry,Normal,Daylight,Collision with pedestrians,2,1,Going straight,Male,18-30,2,Changing lane to the left,Slight Injury,Owner,Above 10yr,No Casualty,Not a Pedestrian,Serious Injury
16:10:00,Monday,Under 18,Male,Above 10yr,Stationwagen,Office areas,Asphalt roads,Dry,Normal,Daylight,Vehicle with vehicle collision,2,5,Overtaking,na,No Casualty,na,No priority to pedestrian,Slight Injury,Owner,Above 10yr,Normal,Not a Pedestrian,No Casualty
16:10:00,Monday,31-50,Male,2-5yr,Pick up upto 10Q,Other,Asphalt roads,Dry,Normal,Daylight,Vehicle with vehicle collision,2,5,Reversing,Male,31-50,3,No distancing,Slight Injury,Owner,5-10yrs,Normal,Not a Pedestrian,Slight Injury
16:10:00,Monday,31-50,Male,5-10yr,Lorry (41-100Q),Other,Asphalt roads,Dry,Normal,Daylight,Vehicle with vehicle collision,2,5,Going straight,na,No Casualty,na,No priority to vehicle,Slight Injury,Owner,Unknown,Normal,Not a Pedestrian,No Casualty
16:10:00,Monday,31-50,Male,2-5yr,Automobile,Church areas,Asphalt roads,Dry,Normal,Daylight,Collision with pedestrians,2,5,Other,na,No Casualty,na,No distancing,Slight Injury,Owner,5-10yrs,Normal,Not a Pedestrian,No Casualty
16:10:00,Monday,31-50,Male,1-2yr,Automobile,School areas,Asphalt roads with some distress,Dry,Normal,Daylight,Collision with roadside objects,2,5,Moving Backward,Male,18-30,3,No distancing,Slight Injury,Owner,1-2yr,No Casualty,Not a Pedestrian,Slight Injury
00:45:00,Thursday,18-30,Male,5-10yr,Lorry (41-100Q),Church areas,Asphalt roads,Wet or damp,Other,Darkness - no lighting,Vehicle with vehicle collision,2,1,Going straight,na,No Casualty,na,Moving Backward,Slight Injury,Owner,Unknown,No Casualty,Not a Pedestrian,No Casualty
00:45:00,Thursday,Over 51,Male,2-5yr,Lorry (41-100Q),Office areas,Asphalt roads,Wet or damp,Other,Darkness - no lighting,Vehicle with vehicle collision,2,1,Other,Male,31-50,3,Changing lane to the right,Slight Injury,Owner,Above 10yr,Normal,Not a Pedestrian,Slight Injury
15:15:00,Wednesday,18-30,Male,5-10yr,Lorry (41-100Q),Other,Asphalt roads,Dry,Normal,Daylight,Vehicle with vehicle collision,2,1,Moving Backward,Male,18-30,3,No priority to pedestrian,Serious Injury,Owner,2-5yrs,Normal,Not a Pedestrian,Slight Injury
15:15:00,Wednesday,31-50,Male,5-10yr,Pick up upto 10Q,Church areas,Asphalt roads,Dry,Normal,Daylight,Vehicle with vehicle collision,2,1,Going straight,na,No Casualty,na,Moving Backward,Serious Injury,Owner,Above 10yr,Normal,Not a Pedestrian,No Casualty
03:00:00,Friday,18-30,Male,2-5yr,Pick up upto 10Q,Other,Asphalt roads,Dry,Normal,Darkness - lights lit,Vehicle with vehicle collision,2,1,Going straight,Male,18-30,3,Getting off the vehicle improperly,Slight Injury,Governmental,1-2yr,No Casualty,Unknown or other,Slight Injury
03:00:00,Friday,18-30,Male,2-5yr,Automobile,Other,Asphalt roads,Dry,Normal,Darkness - lights lit,Vehicle with vehicle collision,2,1,Moving Backward,na,No Casualty,na,Overtaking,Slight Injury,Governmental,Above 10yr,Normal,Not a Pedestrian,No Casualty
22:17:00,Friday,18-30,Male,2-5yr,Other,Office areas,Asphalt roads,Dry,Normal,Darkness - lights lit,Vehicle with vehicle collision,3,6,Going straight,Male,18-30,3,Overloading,Slight Injury,Organization,5-10yrs,No Casualty,Not a Pedestrian,Slight Injury
22:17:00,Friday,18-30,Male,5-10yr,Automobile,Other,Asphalt roads,Dry,Normal,Darkness - lights lit,Collision with roadside objects,3,6,Getting off,Female,31-50,3,Changing lane to the right,Slight Injury,Organization,Above 10yr,Normal,Not a Pedestrian,Slight Injury
22:17:00,Friday,18-30,Male,1-2yr,Automobile,Other,Asphalt roads,Dry,Normal,Darkness - lights lit,Collision with roadside objects,3,6,Going straight,Female,18-30,3,Improper parking,Slight Injury,Owner,2-5yrs,Normal,Not a Pedestrian,Slight Injury
22:17:00,Friday,18-30,Male,2-5yr,Automobile,Residential areas,Asphalt roads,Dry,Normal,Darkness - lights lit,Vehicle with vehicle collision,3,6,Going straight,na,No Casualty,na,Other,Slight Injury,Governmental,Unknown,No Casualty,Not a Pedestrian,No Casualty
22:17:00,Friday,18-30,Male,2-5yr,Public (> 45 seats),Office areas,Asphalt roads,Dry,Normal,Darkness - lights lit,Vehicle with vehicle collision,3,6,Moving Backward,Female,Over 51,3,Changing lane to the left,Slight Injury,Owner,2-5yrs,No Casualty,Unknown or other,Slight Injury
22:17:00,Friday,18-30,Male,5-10yr,Lorry (41-100Q),Church areas,Asphalt roads,Dry,Normal,Darkness - lights lit,Vehicle with vehicle collision,3,6,Going straight,Female,Under 18,3,Changing lane to the right,Slight Injury,Owner,2-5yrs,No Casualty,Not a Pedestrian,Slight Injury
22:17:00,Friday,18-30,Male,1-2yr,Public (> 45 seats),Other,Asphalt roads,Dry,Normal,Darkness - lights lit,Vehicle with vehicle collision,3,6,Going straight,Male,31-50,2,No priority to pedestrian,Slight Injury,Owner,1-2yr,No Casualty,Not a Pedestrian,Serious Injury
17:14:00,Tuesday,Under 18,Male,Below 1yr,Automobile,Market areas,Asphalt roads,Dry,Normal,Daylight,Vehicle with vehicle collision,1,1,Going straight,na,No Casualty,na,Overspeed,Serious Injury,Owner,Above 10yr,Normal,Not a Pedestrian,No Casualty
20:20:00,Thursday,Over 51,Male,1-2yr,Automobile,Residential areas,Asphalt roads,Wet or damp,Normal,Darkness - lights lit,Rollover,2,2,Going straight,Male,18-30,3,Changing lane to the left,Slight Injury,Owner,Above 10yr,Normal,Not a Pedestrian,Slight Injury
20:20:00,Thursday,18-30,Male,1-2yr,Automobile,Office areas,Asphalt roads,Wet or damp,Normal,Darkness - lights lit,Vehicle with vehicle collision,2,2,Going straight,na,No Casualty,na,No priority to vehicle,Slight Injury,Owner,5-10yrs,No Casualty,Not a Pedestrian,No Casualty
16:00:00,Monday,Over 51,Male,Above 10yr,Automobile,Recreational areas,Asphalt roads,Dry,Normal,Daylight,Collision with roadside objects,1,1,Moving Backward,na,No Casualty,na,Changing lane to the right,Slight Injury,Owner,Unknown,Normal,Not a Pedestrian,No Casualty
17:00:00,Wednesday,18-30,Male,1-2yr,Lorry (41-100Q),Office areas,Asphalt roads,Dry,Normal,Daylight,Collision with pedestrians,2,1,Going straight,Male,18-30,3,No distancing,Slight Injury,Governmental,Unknown,Normal,Not a Pedestrian,Slight Injury
17:00:00,Wednesday,18-30,Male,2-5yr,Automobile,Industrial areas,Asphalt roads,Dry,Normal,Daylight,Vehicle with vehicle collision,2,1,Going straight,Male,31-50,3,No priority to pedestrian,Slight Injury,Owner,5-10yrs,Normal,Not a Pedestrian,Slight Injury
09:01:00,Friday,31-50,Male,2-5yr,Public (13-45 seats),Other,Asphalt roads,Dry,Normal,Daylight,Vehicle with vehicle collision,1,1,Moving Backward,Female,31-50,3,No distancing,Serious Injury,Owner,Unknown,Normal,Unknown or other,Slight Injury
07:55:00,Thursday,31-50,Male,Above 10yr,Automobile,Residential areas,Asphalt roads,Dry,Normal,Daylight,Vehicle with vehicle collision,2,1,Moving Backward,Male,18-30,3,No priority to vehicle,Slight Injury,Owner,Unknown,Normal,Not a Pedestrian,Slight Injury
07:55:00,Thursday,31-50,Male,5-10yr,Public (> 45 seats),Residential areas,Asphalt roads,Dry,Normal,Daylight,Vehicle with vehicle collision,2,1,Going straight,Female,18-30,3,Other,Slight Injury,Governmental,Above 10yr,Normal,Not a Pedestrian,Slight Injury
08:50:00,Monday,18-30,Male,1-2yr,Lorry (41-100Q),Industrial areas,Asphalt roads,Dry,Normal,Daylight,Vehicle with vehicle collision,1,1,Going straight,na,No Casualty,na,Driving carelessly,Slight Injury,Owner,1-2yr,Normal,Not a Pedestrian,No Casualty
18:12:00,Friday,Under 18,Male,5-10yr,Automobile,Residential areas,Asphalt roads,Dry,Normal,Daylight,Vehicle with vehicle collision,2,1,Going straight,Male,Under 18,3,Changing lane to the left,Slight Injury,Owner,2-5yrs,Normal,Crossing from nearside - masked by parked or statioNot a Pedestrianry vehicle,Slight Injury