Time,Day_of_week,Age_band_of_driver,Sex_of_driver,Driving_experience,Type_of_vehicle,Area_accident_occured,Road_surface_type,Road_surface_conditions,Weather_conditions,Light_conditions,Type_of_collision,Number_of_vehicles_involved,Number_of_casualties,Vehicle_movement,Sex_of_casualty,Age_band_of_casualty,Casualty_severity,Cause_of_accident,Accident_severity,Owner_of_vehicle,Service_year_of_vehicle,Fitness_of_casuality,Pedestrian_movement,Casualty_severity_label
18:12:00,Friday,31-50,Male,2-5yr,Lorry (11-40Q),Residential areas,Asphalt roads,Dry,Normal,Daylight,Vehicle with vehicle collision,2,1,Going straight,Male,31-50,3,Driving carelessly,Slight Injury,Owner,Unknown,Normal,Not a Pedestrian,Slight Injury
10:35:00,Friday,18-30,Male,1-2yr,Public (13-45 seats),Office areas,Asphalt roads,Dry,Normal,Daylight,Collision with roadside objects,2,1,Going straight,Male,31-50,3,Changing lane to the left,Slight Injury,Owner,Unknown,Normal,"Walking along in carriageway, facing traffic",Slight Injury
10:35:00,Friday,Over 51,Male,Above 10yr,Public (13-45 seats),Office areas,Asphalt roads,Dry,Normal,Daylight,Rollover,2,1,Going straight,Female,Over 51,3,No priority to vehicle,Slight Injury,Owner,2-5yrs,No Casualty,"Walking along in carriageway, back to traffic",Slight Injury
23:30:00,Sunday,18-30,Female,2-5yr,Automobile,Office areas,Asphalt roads,Dry,Normal,Darkness - lights lit,Vehicle with vehicle collision,2,1,Going straight,Female,31-50,3,No distancing,Slight Injury,Owner,Above 10yr,No Casualty,Not a Pedestrian,Slight Injury
23:30:00,Sunday,Under 18,Unknown,5-10yr,Long lorry,Office areas,Asphalt roads,Dry,Normal,Darkness - lights lit,Collision with pedestrians,2,1,Going straight,Male,18-30,3,Changing lane to the right,Slight Injury,Owner,1-2yr,Normal,Not a Pedestrian,Slight Injury
13:36:00,Wednesday,31-50,Male,1-2yr,Lorry (41-100Q),Office areas,Asphalt roads,Dry,Normal,Daylight,Vehicle with vehicle collision,4,2,Going straight,na,No Casualty,na,Changing lane to the right,Slight Injury,Owner,Unknown,Normal,Not a Pedestrian,No Casualty
13:36:00,Wednesday,Under 18,Male,5-10yr,Lorry (11-40Q),Office areas,Asphalt roads,Dry,Normal,Daylight,Vehicle with vehicle collision,4,2,Going straight,Male,31-50,3,Overspeed,Slight Injury,Owner,Unknown,Normal,Not a Pedestrian,Slight Injury
13:36:00,Wednesday,Over 51,Male,5-10yr,Lorry (41-100Q),Office areas,Asphalt roads,Dry,Normal,Daylight,Collision with pedestrians,4,2,Other,na,No Casualty,na,No distancing,Slight Injury,Owner,Unknown,Normal,Not a Pedestrian,No Casualty
13:36:00,Wednesday,18-30,Unknown,5-10yr,Public (12 seats),Residential areas,Asphalt roads,Dry,Normal,Daylight,Collision with pedestrians,4,2,Going straight,Male,18-30,3,Changing lane to the right,Slight Injury,Owner,Above 10yr,Normal,Not a Pedestrian,Slight Injury
19:45:00,Thursday,18-30,Male,2-5yr,Automobile,Residential areas,Asphalt roads,Dry,Normal,Daylight,Vehicle with vehicle collision,2,1,Reversing,na,No Casualty,na,Changing lane to the left,Slight Injury,Owner,5-10yrs,Normal,Not a Pedestrian,No Casualty
19:45:00,Thursday,Under 18,Male,5-10yr,Taxi,Other,Asphalt roads,Dry,Normal,Daylight,Vehicle with vehicle collision,2,1,Going straight,Male,18-30,3,Getting off the vehicle improperly,Slight Injury,Owner,Unknown,Normal,Not a Pedestrian,Slight Injury
06:27:00,Friday,Over 51,Male,2-5yr,Automobile,Church areas,Asphalt roads,Dry,Normal,Daylight,Vehicle with vehicle collision,2,1,Reversing,na,No Casualty,na,Other,Slight Injury,Owner,5-10yrs,Normal,Not a Pedestrian,No Casualty
06:27:00,Friday,31-50,Male,1-2yr,Automobile,Recreational areas,Asphalt roads,Dry,Normal,Daylight,Vehicle with vehicle collision,2,1,Going straight,Male,31-50,3,Other,Slight Injury,Owner,Unknown,Normal,Not a Pedestrian,Slight Injury
18:20:00,Thursday,31-50,Male,1-2yr,Automobile,Industrial areas,Asphalt roads,Dry,Normal,Darkness - lights lit,Vehicle with vehicle collision,2,2,Reversing,na,No Casualty,na,No distancing,Slight Injury,Owner,Unknown,Normal,Not a Pedestrian,No Casualty
18:20:00,Thursday,18-30,Male,5-10yr,Lorry (41-100Q),Residential areas,Asphalt roads,Dry,Normal,Darkness - lights lit,Collision with roadside objects,2,2,Going straight,Male,31-50,3,No priority to vehicle,Slight Injury,Owner,Unknown,Normal,Not a Pedestrian,Slight Injury
17:00:00,Friday,Over 51,Male,5-10yr,Automobile,Residential areas,Asphalt roads,Dry,Unknown,Daylight,Vehicle with vehicle collision,1,1,Going straight,na,No Casualty,na,Overtaking,Slight Injury,Owner,Above 10yr,Normal,Not a Pedestrian,No Casualty
11:00:00,Sunday,18-30,Male,5-10yr,Automobile,Office areas,Asphalt roads,Dry,Normal,Daylight,Vehicle with vehicle collision,2,3,Reversing,Female,31-50,3,No priority to pedestrian,Slight Injury,Owner,2-5yrs,Normal,"Walking along in carriageway, facing traffic",Slight Injury
11:00:00,Sunday,18-30,Male,1-2yr,Lorry (41-100Q),Market areas,Asphalt roads,Dry,Normal,Daylight,Vehicle with vehicle collision,2,3,Other,na,No Casualty,na,No distancing,Slight Injury,Owner,2-5yrs,Normal,Not a Pedestrian,No Casualty
11:00:00,Sunday,18-30,Male,2-5yr,Automobile,Unknown,Asphalt roads,Dry,Normal,Daylight,Vehicle with vehicle collision,2,3,Going straight,Male,18-30,3,Changing lane to the right,Slight Injury,Owner,Unknown,Normal,Not a Pedestrian,Slight Injury
11:00:00,Sunday,18-30,Male,Above 10yr,Automobile,Industrial areas,Asphalt roads,Dry,Normal,Daylight,Vehicle with vehicle collision,2,3,Going straight,Female,Over 51,3,Driving carelessly,Slight Injury,Owner,Unknown,Normal,Not a Pedestrian,Slight Injury
17:21:00,Thursday,18-30,Male,5-10yr,Automobile,Residential areas,Asphalt roads,Dry,Normal,Daylight,Vehicle with vehicle collision,4,2,Going straight,Female,Under 18,3,Changing lane to the right,Slight Injury,Owner,Unknown,Normal,Not a Pedestrian,Slight Injury
17:21:00,Thursday,31-50,Male,1-2yr,Taxi,Residential areas,Asphalt roads,Dry,Normal,Daylight,Vehicle with vehicle collision,4,2,Moving Backward,Male,18-30,3,Overtaking,Slight Injury,Governmental,Below 1yr,Normal,Not a Pedestrian,Slight Injury
17:21:00,Thursday,Over 51,Male,Above 10yr,Automobile,Other,Asphalt roads,Dry,Normal,Daylight,Vehicle with vehicle collision,4,2,Going straight,na,No Casualty,na,Other,Slight Injury,Owner,5-10yrs,Normal,Not a Pedestrian,No Casualty
17:21:00,Thursday,18-30,Male,1-2yr,Automobile,Residential areas,Asphalt roads,Dry,Normal,Daylight,Vehicle with vehicle collision,4,2,Going straight,Male,18-30,3,Driving to the left,Slight Injury,Governmental,Unknown,No Casualty,Not a Pedestrian,Slight Injury
22:15:00,Friday,18-30,Female,2-5yr,Automobile,Rural village areas,Asphalt roads,Dry,Normal,Darkness - lights lit,Vehicle with vehicle collision,1,1,Going straight,Female,31-50,3,Overspeed,Slight Injury,Owner,1-2yr,No Casualty,Not a Pedestrian,Slight Injury
08:45:00,Tuesday,18-30,Male,Above 10yr,Pick up upto 10Q,Rural village areas,Asphalt roads,Dry,Normal,Daylight,Vehicle with vehicle collision,1,1,Going straight,Female,31-50,3,Unknown,Slight Injury,Owner,2-5yrs,Normal,Not a Pedestrian,Slight Injury
09:43:00,Thursday,31-50,Male,2-5yr,Automobile,Office areas,Asphalt roads,Dry,Normal,Daylight,Vehicle with vehicle collision,2,2,Other,Male,18-30,3,Changing lane to the right,Slight Injury,Owner,Unknown,Normal,Not a Pedestrian,Slight Injury
09:43:00,Thursday,18-30,Male,5-10yr,Automobile,Residential areas,Asphalt roads,Dry,Normal,Daylight,Vehicle with vehicle collision,2,2,Going straight,Female,Under 18,3,No distancing,Slight Injury,Owner,2-5yrs,Normal,Not a Pedestrian,Slight Injury
09:43:00,Thursday,18-30,Male,5-10yr,Public (12 seats),Residential areas,Asphalt roads,Dry,Normal,Daylight,Vehicle with vehicle collision,2,2,Going straight,Male,Over 51,3,Other,Slight Injury,Owner,Unknown,Normal,Not a Pedestrian,Slight Injury
09:00:00,Friday,18-30,Female,1-2yr,Public (13-45 seats),Outside rural areas,Asphalt roads,Dry,Normal,Daylight,Vehicle with vehicle collision,1,1,Turnover,Female,Over 51,3,No priority to vehicle,Slight Injury,Owner,Unknown,Normal,Not a Pedestrian,Slight Injury
17:29:00,Wednesday,31-50,Male,5-10yr,Lorry (11-40Q),Residential areas,Asphalt roads,Dry,Normal,Daylight,Collision with roadside objects,1,1,Going straight,Male,18-30,3,Changing lane to the left,Slight Injury,Owner,Above 10yr,Normal,Not a Pedestrian,Slight Injury
08:49:00,Wednesday,Under 18,Male,5-10yr,Stationwagen,Church areas,Asphalt roads,Wet or damp,Normal,Daylight,Vehicle with vehicle collision,2,1,Moving Backward,Male,18-30,3,No priority to pedestrian,Slight Injury,Owner,5-10yrs,Normal,Not a Pedestrian,Slight Injury
08:49:00,Wednesday,18-30,Male,1-2yr,Ridden horse,Office areas,Asphalt roads,Wet or damp,Normal,Daylight,Vehicle with vehicle collision,2,1,Moving Backward,na,No Casualty,na,Overtaking,Slight Injury,Owner,Unknown,Normal,Not a Pedestrian,No Casualty
16:50:00,Friday,18-30,Male,5-10yr,Stationwagen,Office areas,Asphalt roads,Dry,Normal,Daylight,Vehicle with vehicle collision,2,1,Going straight,Male,18-30,3,Driving carelessly,Slight Injury,Owner,Unknown,Normal,Not a Pedestrian,Slight Injury
16:50:00,Friday,Under 18,Male,5-10yr,Automobile,Office areas,Asphalt roads,Dry,Normal,Daylight,Vehicle with vehicle collision,2,1,Other,na,No Casualty,na,No priority to vehicle,Slight Injury,Governmental,Unknown,Normal,Not a Pedestrian,No Casualty
20:40:00,Sunday,18-30,Male,2-5yr,Automobile,Other,Asphalt roads,Dry,Normal,Daylight,Collision with pedestrians,2,1,Going straight,na,No Casualty,na,No priority to pedestrian,Slight Injury,Owner,2-5yrs,No Casualty,Not a Pedestrian,No Casualty
20:40:00,Sunday,18-30,Male,1-2yr,Other,Other,Asphalt roads,Dry,Normal,Daylight,Vehicle with vehicle collision,2,1,Going straight,Male,31-50,3,Changing lane to the right,Slight Injury,Owner,2-5yrs,Normal,Not a Pedestrian,Slight Injury
10:30:00,Monday,18-30,Male,5-10yr,Taxi,Residential areas,Asphalt roads,Dry,Normal,Daylight,Vehicle with vehicle collision,1,1,Going straight,Male,18-30,3,Driving carelessly,Serious Injury,Owner,Unknown,Normal,Not a Pedestrian,Slight Injury
19:45:00,Tuesday,18-30,Male,Below 1yr,Automobile,Other,Asphalt roads,Wet or damp,Windy,Darkness - lights unlit,Vehicle with vehicle collision,1,1,Going straight,na,No Casualty,na,Changing lane to the right,Slight Injury,Owner,Unknown,Normal,Not a Pedestrian,No Casualty
09:00:00,Tuesday,18-30,Male,5-10yr,Stationwagen,Other,Asphalt roads,Wet or damp,Normal,Daylight,Vehicle with vehicle collision,3,1,Going straight,Male,18-30,3,Changing lane to the right,Slight Injury,Owner,Below 1yr,Normal,Not a Pedestrian,Slight Injury
09:00:00,Tuesday,Over 51,Male,5-10yr,Automobile,Other,Asphalt roads,Wet or damp,Normal,Daylight,Vehicle with vehicle collision,3,1,Going straight,na,No Casualty,na,Changing lane to the left,Slight Injury,Owner,5-10yrs,Normal,Not a Pedestrian,No Casualty
09:00:00,Tuesday,18-30,Male,5-10yr,Public (12 seats),Other,Asphalt roads,Wet or damp,Normal,Daylight,Vehicle with vehicle collision,3,1,Going straight,Male,18-30,3,Overturning,Slight Injury,Governmental,5-10yrs,Normal,Not a Pedestrian,Slight Injury
18:00:00,Sunday,18-30,Male,5-10yr,Automobile,Other,Asphalt roads,Dry,Normal,Daylight,Vehicle with vehicle collision,2,1,Going straight,na,No Casualty,na,Driving carelessly,Slight Injury,Owner,2-5yrs,No Casualty,Not a Pedestrian,No Casualty
18:00:00,Sunday,Under 18,Male,2-5yr,Automobile,Other,Asphalt roads,Dry,Normal,Daylight,Vehicle with vehicle collision,2,1,Other,Male,18-30,3,No distancing,Slight Injury,Owner,Unknown,Normal,Not a Pedestrian,Slight Injury
03:00:00,Sunday,18-30,Male,5-10yr,Lorry (41-100Q),Church areas,Asphalt roads,Wet or damp,Normal,Darkness - lights lit,Collision with pedestrians,1,2,Going straight,na,No Casualty,na,Driving carelessly,Serious Injury,Owner,2-5yrs,Normal,Not a Pedestrian,No Casualty
03:00:00,Sunday,18-30,Male,Above 10yr,Automobile,Other,Asphalt roads,Wet or damp,Normal,Darkness - lights lit,Vehicle with vehicle collision,1,2,Overtaking,Male,31-50,3,Changing lane to the left,Serious Injury,Owner,5-10yrs,No Casualty,Not a Pedestrian,Slight Injury
12:05:00,Monday,Over 51,Male,Below 1yr,Public (> 45 seats),Industrial areas,Asphalt roads,Wet or damp,Windy,Daylight,Vehicle with vehicle collision,2,1,Going straight,Male,31-50,3,No priority to vehicle,Slight Injury,Organization,2-5yrs,No Casualty,Not a Pedestrian,Slight Injury
12:05:00,Monday,31-50,Male,5-10yr,Automobile,Residential areas,Asphalt roads,Wet or damp,Windy,Daylight,Vehicle with vehicle collision,2,1,Going straight,Male,31-50,3,Changing lane to the right,Slight Injury,Owner,Unknown,Normal,Not a Pedestrian,Slight Injury
12:14:00,Friday,18-30,Male,2-5yr,Public (12 seats),Other,Asphalt roads,Dry,Normal,Daylight,Vehicle with vehicle collision,2,3,Going straight,Female,Over 51,3,No distancing,Serious Injury,Governmental,Above 10yr,Normal,Not a Pedestrian,Slight Injury
12:14:00,Friday,31-50,Male,2-5yr,Public (12 seats),Office areas,Asphalt roads,Dry,Normal,Daylight,Collision with roadside objects,2,3,U-Turn,Female,18-30,3,Moving Backward,Serious Injury,Owner,Unknown,No Casualty,Not a Pedestrian,Slight Injury
12:14:00,Friday,31-50,Male,1-2yr,Automobile,Industrial areas,Asphalt roads,Dry,Normal,Daylight,Vehicle with vehicle collision,2,3,Going straight,na,No Casualty,na,Moving Backward,Serious Injury,Owner,Unknown,No Casualty,Not a Pedestrian,No Casualty
06:45:00,Tuesday,18-30,Female,2-5yr,Automobile,Industrial areas,Asphalt roads,Dry,Normal,Daylight,Vehicle with vehicle collision,2,1,Going straight,Male,31-50,3,No distancing,Slight Injury,Owner,1-2yr,Normal,Not a Pedestrian,Slight Injury
06:45:00,Tuesday,18-30,Male,2-5yr,Automobile,Other,Asphalt roads,Dry,Normal,Daylight,Vehicle with vehicle collision,2,1,Going straight,na,No Casualty,na,No distancing,Slight Injury,Owner,Unknown,Normal,Not a Pedestrian,No Casualty
15:45:00,Friday,18-30,Male,Above 10yr,Lorry (41-100Q),Hospital areas,Asphalt roads,Dry,Normal,Daylight,Vehicle with vehicle collision,2,1,Going straight,Male,18-30,3,No distancing,Slight Injury,Organization,Above 10yr,No Casualty,Not a Pedestrian,Slight Injury
15:45:00,Friday,Over 51,Male,Below 1yr,Public (12 seats),Office areas,Asphalt roads,Dry,Normal,Daylight,Vehicle with vehicle collision,2,1,Turnover,na,No Casualty,na,No priority to pedestrian,Slight Injury,Owner,Unknown,No Casualty,Not a Pedestrian,No Casualty
06:21:00,Friday,Over 51,Male,2-5yr,Lorry (11-40Q),Church areas,Asphalt roads,Wet or damp,Normal,Darkness - lights lit,Vehicle with vehicle collision,2,1,Going straight,na,No Casualty,na,Driving carelessly,Slight Injury,Owner,2-5yrs,Normal,Not a Pedestrian,No Casualty
06:21:00,Friday,31-50,Male,Above 10yr,Automobile,Hospital areas,Asphalt roads,Wet or damp,Normal,Darkness - lights lit,Vehicle with vehicle collision,2,1,Going straight,Male,Under 18,3,Changing lane to the right,Slight Injury,Organization,5-10yrs,Normal,Not a Pedestrian,Slight Injury
08:21:00,Tuesday,Under 18,Male,Above 10yr,Automobile,Office areas,Asphalt roads,Wet or damp,Rain,Daylight,Collision with roadside objects,3,1,Moving Backward,Male,18-30,3,Changing lane to the left,Slight Injury,Owner,Above 10yr,No Casualty,Not a Pedestrian,Slight Injury
08:21:00,Tuesday,18-30,Male,5-10yr,Automobile,Other,Asphalt roads,Wet or damp,Rain,Daylight,Vehicle with vehicle collision,3,1,Going straight,Male,18-30,3,Driving carelessly,Slight Injury,Owner,2-5yrs,No Casualty,Not a Pedestrian,Slight Injury
08:21:00,Tuesday,18-30,Male,Above 10yr,Bajaj,Office areas,Asphalt roads,Wet or damp,Rain,Daylight,Vehicle with vehicle collision,3,1,Moving Backward,Female,31-50,2,Driving carelessly,Slight Injury,Owner,1-2yr,Normal,Not a Pedestrian,Serious Injury
13:30:00,Sunday,18-30,Female,1-2yr,Public (12 seats),Office areas,Asphalt roads,Dry,Unknown,Daylight,Vehicle with vehicle collision,1,1,Going straight,Male,31-50,3,No distancing,Slight Injury,Owner,2-5yrs,Normal,Not a Pedestrian,Slight Injury
09:30:00,Thursday,18-30,Female,2-5yr,Lorry (11-40Q),Other,Asphalt roads,Dry,Normal,Daylight,Vehicle with vehicle collision,2,1,Going straight,na,No Casualty,na,Other,Slight Injury,Owner,Unknown,Normal,Not a Pedestrian,No Casualty
09:30:00,Thursday,31-50,Male,2-5yr,Automobile,Office areas,Asphalt roads,Dry,Normal,Daylight,Rollover,2,1,Going straight,Male,18-30,3,Changing lane to the right,Slight Injury,Owner,1-2yr,Normal,Not a Pedestrian,Slight Injury
16:20:00,Monday,18-30,Male,5-10yr,Automobile,Residential areas,Asphalt roads,Wet or damp,Normal,Daylight,Vehicle with vehicle collision,2,3,Going straight,Male,Under 18,3,Changing lane to the right,Serious Injury,Owner,Unknown,No Casualty,Not a Pedestrian,Slight Injury
16:20:00,Monday,18-30,Male,5-10yr,Automobile,Other,Asphalt roads,Wet or damp,Normal,Daylight,Vehicle with vehicle collision,2,3,U-Turn,na,No Casualty,na,No distancing,Serious Injury,Owner,Unknown,Normal,Not a Pedestrian,No Casualty
16:20:00,Monday,31-50,Male,5-10yr,Lorry (11-40Q),Office areas,Asphalt roads,Wet or damp,Normal,Daylight,Collision with roadside objects,2,3,Going straight,na,No Casualty,na,No distancing,Serious Injury,Owner,2-5yrs,No Casualty,Not a Pedestrian,No Casualty
17:30:00,Thursday,31-50,Male,Above 10yr,Lorry (41-100Q),Office areas,Asphalt roads,Dry,Normal,Daylight,Vehicle with vehicle collision,1,1,Going straight,Male,18-30,3,Overturning,Serious Injury,Owner,5-10yrs,No Casualty,Not a Pedestrian,Slight Injury
06:26:00,Friday,31-50,Male,Below 1yr,Pick up upto 10Q,Office areas,Asphalt roads,Wet or damp,Normal,Darkness - lights lit,Vehicle with vehicle collision,3,1,Going straight,Male,31-50,3,Overspeed,Slight Injury,Owner,Unknown,Normal,Not a Pedestrian,Slight Injury
06:26:00,Friday,Over 51,Male,Below 1yr,Lorry (11-40Q),Other,Earth roads,Wet or damp,Normal,Darkness - lights lit,Vehicle with vehicle collision,3,1,Going straight,Female,18-30,3,No priority to vehicle,Slight Injury,Owner,5-10yrs,Normal,Not a Pedestrian,Slight Injury
06:26:00,Friday,31-50,Male,Above 10yr,Stationwagen,Church areas,Asphalt roads,Wet or damp,Normal,Darkness - lights lit,Collision with roadside objects,3,1,Going straight,na,No Casualty,na,No priority to pedestrian,Slight Injury,Owner,Unknown,Normal,Not a Pedestrian,No Casualty
06:26:00,Friday,18-30,Male,5-10yr,Other,Industrial areas,Asphalt roads,Wet or damp,Normal,Darkness - lights lit,Collision with roadside objects,3,1,Going straight,Male,31-50,3,No priority to vehicle,Slight Injury,Owner,Unknown,No Casualty,Not a Pedestrian,Slight Injury
06:26:00,Friday,31-50,Male,5-10yr,Other,Office areas,Asphalt roads,Wet or damp,Normal,Darkness - lights lit,Vehicle with vehicle collision,3,1,Stopping,Female,Under 18,3,Other,Slight Injury,Owner,1-2yr,No Casualty,Not a Pedestrian,Slight Injury
08:45:00,Thursday,18-30,Female,2-5yr,Lorry (11-40Q),Church areas,Asphalt roads,Wet or damp,Rain,Daylight,Vehicle with vehicle collision,2,1,Turnover,Female,Over 51,3,Other,Slight Injury,Owner,Unknown,No Casualty,Not a Pedestrian,Slight Injury
08:45:00,Thursday,31-50,Male,2-5yr,Automobile,Office areas,Asphalt roads,Wet or damp,Rain,Daylight,Collision with roadside objects,2,1,Getting off,na,No Casualty,na,Moving Backward,Slight Injury,Owner,Unknown,No Casualty,Not a Pedestrian,No Casualty
20:05:00,Friday,31-50,Male,5-10yr,Automobile,Office areas,Asphalt roads,Dry,Normal,Darkness - lights lit,Collision with roadside objects,2,2,Moving Backward,Female,Over 51,3,No distancing,Slight Injury,Owner,Unknown,Normal,Crossing from nearside - masked by parked or statioNot a Pedestrianry vehicle,Slight Injury
20:05:00,Friday,31-50,Male,2-5yr,Lorry (41-100Q),Residential areas,Asphalt roads,Dry,Normal,Darkness - lights lit,Vehicle with vehicle collision,2,2,Moving Backward,Female,Under 18,3,Moving Backward,Slight Injury,Owner,Unknown,Normal,Not a Pedestrian,Slight Injury
10:00:00,Friday,18-30,Male,5-10yr,Other,Office areas,Asphalt roads,Dry,Normal,Daylight,Vehicle with vehicle collision,1,1,Going straight,Female,18-30,3,No priority to vehicle,Slight Injury,Owner,5-10yrs,Normal,Not a Pedestrian,Slight Injury
20:10:00,Friday,18-30,Male,2-5yr,Lorry (41-100Q),Residential areas,Asphalt roads,Dry,Normal,Daylight,Vehicle with vehicle collision,3,5,Turnover,na,No Casualty,na,Driving carelessly,Serious Injury,Owner,5-10yrs,Normal,Not a Pedestrian,No Casualty
20:10:00,Friday,18-30,Male,5-10yr,Automobile,Office areas,Asphalt roads,Dry,Normal,Daylight,Collision with roadside objects,3,5,Going straight,na,No Casualty,na,No distancing,Serious Injury,Owner,2-5yrs,Normal,Not a Pedestrian,No Casualty
20:10:00,Friday,18-30,Male,2-5yr,Pick up upto 10Q,Office areas,Asphalt roads,Dry,Normal,Daylight,Vehicle with vehicle collision,3,5,Going straight,Male,18-30,3,Other,Serious Injury,Owner,2-5yrs,No Casualty,Not a Pedestrian,Slight Injury
20:10:00,Friday,18-30,Male,1-2yr,Lorry (41-100Q),Other,Asphalt roads,Dry,Normal,Daylight,Vehicle with vehicle collision,3,5,U-Turn,na,No Casualty,na,Changing lane to the right,Serious Injury,Owner,Unknown,Normal,Not a Pedestrian,No Casualty
20:10:00,Friday,18-30,Male,5-10yr,Public (13-45 seats),Other,Asphalt roads,Dry,Normal,Daylight,Vehicle with vehicle collision,3,5,Going straight,Male,18-30,3,No distancing,Serious Injury,Owner,Unknown,Normal,Not a Pedestrian,Slight Injury
20:10:00,Friday,18-30,Male,1-2yr,Long lorry,Residential areas,Asphalt roads,Dry,Normal,Daylight,Rollover,3,5,Going straight,na,No Casualty,na,Driving carelessly,Serious Injury,Owner,Above 10yr,Normal,Not a Pedestrian,No Casualty
20:10:00,Friday,18-30,Male,2-5yr,Automobile,Church areas,Asphalt roads,Dry,Normal,Daylight,Vehicle with vehicle collision,3,5,U-Turn,Male,Over 51,3,No distancing,Serious Injury,Owner,Unknown,Normal,Not a Pedestrian,Slight Injury
11:58:00,Friday,18-30,Male,1-2yr,Automobile,Church areas,Asphalt roads,Dry,Normal,Daylight,Vehicle with vehicle collision,2,2,Stopping,Male,31-50,3,No priority to vehicle,Slight Injury,Governmental,Unknown,Normal,Not a Pedestrian,Slight Injury
11:58:00,Friday,Over 51,Male,Above 10yr,Other,Residential areas,Asphalt roads,Dry,Normal,Daylight,Collision with pedestrians,2,2,Going straight,na,No Casualty,na,Changing lane to the right,Slight Injury,Owner,2-5yrs,Normal,Not a Pedestrian,No Casualty
16:00:00,Monday,18-30,Male,2-5yr,Automobile,Office areas,Asphalt roads,Dry,Normal,Daylight,Vehicle with vehicle collision,2,1,Moving Backward,Male,18-30,2,No priority to pedestrian,Slight Injury,Owner,Unknown,Normal,Not a Pedestrian,Serious Injury
16:00:00,Monday,Under 18,Male,2-5yr,Long lorry,Office areas,Asphalt roads,Dry,Normal,Daylight,Vehicle with vehicle collision,2,1,Getting off,Female,18-30,3,No priority to vehicle,Slight Injury,Owner,5-10yrs,Normal,Not a Pedestrian,Slight Injury
16:35:00,Monday,31-50,Male,2-5yr,Public (12 seats),Residential areas,Asphalt roads,Dry,Normal,Daylight,Vehicle with vehicle collision,2,1,Going straight,Female,31-50,3,Changing lane to the left,Slight Injury,Owner,2-5yrs,Normal,Not a Pedestrian,Slight Injury
16:35:00,Monday,18-30,Male,2-5yr,Public (12 seats),Church areas,Asphalt roads,Dry,Normal,Daylight,Vehicle with vehicle collision,2,1,Going straight,na,No Casualty,na,Turnover,Slight Injury,Owner,5-10yrs,Normal,Not a Pedestrian,No Casualty
19:15:00,Sunday,Under 18,Male,2-5yr,Other,Other,Asphalt roads,Wet or damp,Normal,Daylight,Collision with roadside objects,2,2,Turnover,Male,Over 51,3,Driving to the left,Slight Injury,Owner,Unknown,Normal,Not a Pedestrian,Slight Injury
19:15:00,Sunday,31-50,Male,2-5yr,Other,Office areas,Asphalt roads,Wet or damp,Normal,Daylight,Vehicle with vehicle collision,2,2,Moving Backward,na,No Casualty,na,Driving carelessly,Slight Injury,Owner,Unknown,Normal,Not a Pedestrian,No Casualty
19:15:00,Sunday,31-50,Male,5-10yr,Other,Other,Asphalt roads,Wet or damp,Normal,Daylight,Vehicle with vehicle collision,2,2,Going straight,Male,18-30,3,Driving to the left,Slight Injury,Owner,Unknown,No Casualty,Not a Pedestrian,Slight Injury
08:28:00,Tuesday,18-30,Male,2-5yr,Public (12 seats),Other,Asphalt roads,Dry,Normal,Daylight,Vehicle with vehicle collision,2,1,Moving Backward,Male,31-50,3,Driving carelessly,Slight Injury,Owner,Unknown,Normal,Not a Pedestrian,Slight Injury
08:28:00,Tuesday,Under 18,Male,Above 10yr,Lorry (41-100Q),Other,Asphalt roads,Dry,Normal,Daylight,Vehicle with vehicle collision,2,1,Going straight,na,No Casualty,na,No priority to pedestrian,Slight Injury,Owner,Unknown,No Casualty,Not a Pedestrian,No Casualty
21:05:00,Friday,18-30,Male,Above 10yr,Other,Residential areas,Asphalt roads,Dry,Unknown,Darkness - lights lit,Collision with roadside objects,2,2,Going straight,Male,18-30,3,Driving carelessly,Slight Injury,Governmental,2-5yrs,No Casualty,Not a Pedestrian,Slight Injury
21:05:00,Friday,31-50,Male,Above 10yr,Public (12 seats),Church areas,Asphalt roads,Dry,Unknown,Darkness - lights lit,Vehicle with vehicle collision,2,2,Going straight,Male,18-30,3,Changing lane to the right,Slight Injury,Owner,Below 1yr,Normal,Not a Pedestrian,Slight Injury
21:05:00,Friday,31-50,Male,5-10yr,Other,Other,Asphalt roads,Dry,Unknown,Darkness - lights lit,Collision with roadside objects,2,2,Going straight,Male,31-50,2,Moving Backward,Slight Injury,Owner,Unknown,Normal,Not a Pedestrian,Serious Injury
12:40:00,Friday,Under 18,Male,2-5yr,Lorry (11-40Q),Other,Asphalt roads,Dry,Normal,Daylight,Vehicle with vehicle collision,2,1,Going straight,Male,18-30,3,Driving carelessly,Serious Injury,Owner,Unknown,Normal,Not a Pedestrian,Slight Injury
12:40:00,Friday,Over 51,Male,1-2yr,Other,Residential areas,Asphalt roads,Dry,Normal,Daylight,Rollover,2,1,Going straight,na,No Casualty,na,Changing lane to the right,Serious Injury,Owner,Unknown,Normal,Not a Pedestrian,No Casualty
13:02:00,Wednesday,31-50,Male,2-5yr,Other,Office areas,Asphalt roads,Dry,Normal,Daylight,Vehicle with vehicle collision,2,2,Going straight,Male,31-50,3,Driving carelessly,Slight Injury,Owner,Unknown,Normal,Not a Pedestrian,Slight Injury
13:02:00,Wednesday,Under 18,Male,5-10yr,Other,Industrial areas,Asphalt roads,Dry,Normal,Daylight,Vehicle with vehicle collision,2,2,Going straight,Male,18-30,3,Driving carelessly,Slight Injury,Owner,Unknown,Normal,Not a Pedestrian,Slight Injury