Time,Day_of_week,Age_band_of_driver,Sex_of_driver,Driving_experience,Type_of_vehicle,Area_accident_occured,Road_surface_type,Road_surface_conditions,Weather_conditions,Light_conditions,Type_of_collision,Number_of_vehicles_involved,Number_of_casualties,Vehicle_movement,Sex_of_casualty,Age_band_of_casualty,Casualty_severity,Cause_of_accident,Accident_severity,Owner_of_vehicle,Service_year_of_vehicle,Fitness_of_casuality,Pedestrian_movement,Casualty_severity_label
13:02:00,Wednesday,Under 18,Male,5-10yr,Pick up upto 10Q,Residential areas,Asphalt roads,Dry,Normal,Daylight,Vehicle with vehicle collision,2,2,Going straight,Male,Under 18,3,Driving carelessly,Slight Injury,Governmental,Unknown,Normal,Not a Pedestrian,Slight Injury
11:00:00,Friday,18-30,Male,5-10yr,Automobile,Office areas,Asphalt roads,Dry,Normal,Daylight,Vehicle with vehicle collision,2,1,Going straight,na,No Casualty,na,Changing lane to the right,Slight Injury,Owner,Unknown,Normal,Not a Pedestrian,No Casualty
11:00:00,Friday,18-30,Male,Above 10yr,Other,Other,Asphalt roads,Dry,Normal,Daylight,Vehicle with vehicle collision,2,1,Going straight,Female,Over 51,3,Changing lane to the right,Slight Injury,Owner,2-5yrs,Normal,Not a Pedestrian,Slight Injury
18:55:00,Friday,18-30,Male,Above 10yr,Lorry (41-100Q),Church areas,Asphalt roads,Wet or damp,Normal,Daylight,Collision with pedestrians,2,1,Other,na,No Casualty,na,Driving carelessly,Slight Injury,Owner,Unknown,Normal,Not a Pedestrian,No Casualty
18:55:00,Friday,31-50,Male,1-2yr,Public (13-45 seats),Industrial areas,Asphalt roads,Wet or damp,Normal,Daylight,Rollover,2,1,Other,Male,Under 18,3,Overtaking,Slight Injury,Owner,Above 10yr,No Casualty,Not a Pedestrian,Slight Injury
18:10:00,Monday,18-30,Male,5-10yr,Automobile,Recreational areas,Asphalt roads,Dry,Normal,Daylight,Vehicle with vehicle collision,3,3,Going straight,na,No Casualty,na,Changing lane to the right,Slight Injury,Owner,Unknown,Normal,Not a Pedestrian,No Casualty
18:10:00,Monday,Under 18,Male,2-5yr,Pick up upto 10Q,Market areas,Asphalt roads,Dry,Normal,Daylight,Rollover,3,3,Going straight,Male,31-50,3,No distancing,Slight Injury,Owner,Unknown,No Casualty,Not a Pedestrian,Slight Injury
18:10:00,Monday,Under 18,Male,5-10yr,Lorry (41-100Q),Other,Asphalt roads,Dry,Normal,Daylight,Vehicle with vehicle collision,3,3,Getting off,Female,Under 18,3,Other,Slight Injury,Owner,Unknown,Normal,Not a Pedestrian,Slight Injury
18:10:00,Monday,31-50,Male,2-5yr,Public (12 seats),Other,Asphalt roads,Dry,Normal,Daylight,Vehicle with vehicle collision,3,3,Going straight,Male,Under 18,3,Changing lane to the right,Slight Injury,Owner,Unknown,No Casualty,Not a Pedestrian,Slight Injury
07:47:00,Friday,Under 18,Male,Above 10yr,Other,Industrial areas,Asphalt roads,Dry,Normal,Daylight,Vehicle with vehicle collision,2,1,Going straight,na,No Casualty,na,Changing lane to the right,Slight Injury,Owner,Unknown,Normal,Not a Pedestrian,No Casualty
07:47:00,Friday,Over 51,Male,5-10yr,Lorry (41-100Q),Other,Asphalt roads,Dry,Normal,Daylight,Fall from vehicles,2,1,Going straight,Male,18-30,3,Overtaking,Slight Injury,Governmental,2-5yrs,No Casualty,Not a Pedestrian,Slight Injury
17:28:00,Monday,18-30,Female,5-10yr,Pick up upto 10Q,Office areas,Asphalt roads,Dry,Normal,Daylight,Vehicle with vehicle collision,2,1,Going straight,na,No Casualty,na,Other,Slight Injury,Governmental,Unknown,No Casualty,Not a Pedestrian,No Casualty
17:28:00,Monday,18-30,Male,1-2yr,Other,Other,Asphalt roads,Dry,Normal,Daylight,Collision with roadside objects,2,1,Going straight,Female,18-30,3,Driving to the left,Slight Injury,Owner,Unknown,Normal,Not a Pedestrian,Slight Injury
16:06:00,Friday,31-50,Male,Above 10yr,Lorry (41-100Q),Office areas,Asphalt roads,Dry,Normal,Daylight,Vehicle with vehicle collision,2,1,Getting off,na,No Casualty,na,Overtaking,Slight Injury,Owner,Unknown,Normal,Not a Pedestrian,No Casualty
16:06:00,Friday,31-50,Male,5-10yr,Ridden horse,Office areas,Asphalt roads,Dry,Normal,Daylight,Vehicle with vehicle collision,2,1,Going straight,na,No Casualty,na,No priority to vehicle,Slight Injury,Owner,Unknown,Normal,Not a Pedestrian,No Casualty
14:43:00,Monday,31-50,Male,2-5yr,Automobile,Other,Asphalt roads,Dry,Normal,Daylight,Vehicle with vehicle collision,1,1,Going straight,Male,18-30,3,Moving Backward,Slight Injury,Organization,Unknown,Normal,Not a Pedestrian,Slight Injury
17:00:00,Monday,18-30,Male,2-5yr,Automobile,Other,Asphalt roads,Wet or damp,Rain,Daylight,Collision with pedestrians,2,1,Other,Male,Over 51,3,Other,Slight Injury,Governmental,2-5yrs,No Casualty,Not a Pedestrian,Slight Injury
17:00:00,Monday,18-30,Male,5-10yr,Stationwagen,Other,Asphalt roads,Wet or damp,Rain,Daylight,Vehicle with vehicle collision,2,1,Going straight,Male,Over 51,3,No priority to vehicle,Slight Injury,Owner,Unknown,Normal,Not a Pedestrian,Slight Injury
08:30:00,Wednesday,18-30,Male,1-2yr,Other,Other,Asphalt roads,Dry,Normal,Daylight,Vehicle with vehicle collision,2,1,Going straight,Female,Over 51,3,No priority to pedestrian,Slight Injury,Owner,Above 10yr,No Casualty,Not a Pedestrian,Slight Injury
08:30:00,Wednesday,18-30,Male,5-10yr,Lorry (41-100Q),Residential areas,Asphalt roads,Dry,Normal,Daylight,Vehicle with vehicle collision,2,1,Going straight,na,No Casualty,na,Changing lane to the right,Slight Injury,Owner,Unknown,Normal,Not a Pedestrian,No Casualty
08:02:00,Friday,Over 51,Male,5-10yr,Lorry (41-100Q),Church areas,Asphalt roads,Dry,Normal,Daylight,Rollover,1,1,Going straight,Male,18-30,3,Changing lane to the right,Slight Injury,Owner,2-5yrs,Normal,Not a Pedestrian,Slight Injury
12:30:00,Friday,Over 51,Male,5-10yr,Long lorry,Office areas,Asphalt roads,Dry,Normal,Daylight,Collision with roadside objects,1,1,Going straight,na,No Casualty,na,Changing lane to the right,Slight Injury,Owner,2-5yrs,Normal,Not a Pedestrian,No Casualty
10:30:00,Sunday,18-30,Male,Above 10yr,Stationwagen,Church areas,Asphalt roads,Wet or damp,Rain,Daylight,Vehicle with vehicle collision,2,1,Reversing,Male,18-30,3,Driving to the left,Serious Injury,Owner,2-5yrs,Normal,Not a Pedestrian,Slight Injury
10:30:00,Sunday,31-50,Male,2-5yr,Public (12 seats),Other,Asphalt roads,Wet or damp,Rain,Daylight,Vehicle with vehicle collision,2,1,Other,Male,Over 51,2,Changing lane to the left,Serious Injury,Owner,2-5yrs,Normal,Not a Pedestrian,Serious Injury
08:36:00,Friday,18-30,Male,5-10yr,Automobile,Other,Asphalt roads,Dry,Normal,Daylight,Collision with roadside objects,3,1,Going straight,na,No Casualty,na,Moving Backward,Slight Injury,Owner,Unknown,Normal,Not a Pedestrian,No Casualty
08:36:00,Friday,Under 18,Male,5-10yr,Public (12 seats),School areas,Asphalt roads,Dry,Normal,Daylight,Vehicle with vehicle collision,3,1,Going straight,Male,31-50,3,Overspeed,Slight Injury,Owner,1-2yr,Normal,Not a Pedestrian,Slight Injury
08:36:00,Friday,31-50,Male,5-10yr,Lorry (41-100Q),Office areas,Asphalt roads,Dry,Normal,Daylight,Vehicle with vehicle collision,3,1,Going straight,na,No Casualty,na,Moving Backward,Slight Injury,Owner,5-10yrs,Normal,Not a Pedestrian,No Casualty
17:55:00,Thursday,18-30,Male,5-10yr,Automobile,Other,Asphalt roads,Wet or damp,Rain,Daylight,Vehicle with vehicle collision,1,1,Going straight,Male,Under 18,3,No distancing,Serious Injury,Owner,Below 1yr,No Casualty,Not a Pedestrian,Slight Injury
04:40:00,Monday,31-50,Male,5-10yr,Lorry (41-100Q),Office areas,Asphalt roads,Wet or damp,Normal,Darkness - lights lit,Rollover,2,1,Going straight,na,No Casualty,na,Other,Slight Injury,Owner,Unknown,No Casualty,Not a Pedestrian,No Casualty
04:40:00,Monday,31-50,Male,1-2yr,Lorry (41-100Q),Other,Asphalt roads,Wet or damp,Normal,Darkness - lights lit,Rollover,2,1,Going straight,Male,Under 18,3,No priority to vehicle,Slight Injury,Owner,Unknown,Normal,Not a Pedestrian,Slight Injury
08:41:00,Friday,18-30,Male,5-10yr,Pick up upto 10Q,Other,Asphalt roads,Wet or damp,Rain,Daylight,Collision with pedestrians,1,1,Going straight,na,No Casualty,na,Changing lane to the right,Slight Injury,Owner,2-5yrs,Normal,Not a Pedestrian,No Casualty
06:20:00,Friday,18-30,Male,2-5yr,Other,Office areas,Asphalt roads,Wet or damp,Rain,Daylight,Vehicle with vehicle collision,2,1,Going straight,Male,18-30,3,Other,Slight Injury,Owner,Unknown,Normal,Not a Pedestrian,Slight Injury
06:20:00,Friday,31-50,Male,5-10yr,Automobile,Other,Asphalt roads,Wet or damp,Rain,Daylight,Vehicle with vehicle collision,2,1,Going straight,Male,18-30,3,No distancing,Slight Injury,Owner,Unknown,Normal,Not a Pedestrian,Slight Injury
13:55:00,Sunday,18-30,Male,2-5yr,Automobile,Church areas,Asphalt roads,Dry,Normal,Daylight,Vehicle with vehicle collision,2,1,Moving Backward,Male,18-30,2,Driving carelessly,Slight Injury,Owner,Unknown,No Casualty,Not a Pedestrian,Serious Injury
13:55:00,Sunday,31-50,Male,Above 10yr,Lorry (11-40Q),Office areas,Asphalt roads,Dry,Normal,Daylight,Collision with pedestrians,2,1,Moving Backward,Female,Under 18,2,No distancing,Slight Injury,Owner,Unknown,Normal,Not a Pedestrian,Serious Injury
11:30:00,Tuesday,18-30,Male,Below 1yr,Bajaj,Office areas,Asphalt roads,Dry,Normal,Daylight,Collision with pedestrians,2,2,Turnover,Female,18-30,3,Moving Backward,Slight Injury,Owner,Above 10yr,Normal,Crossing from nearside - masked by parked or statioNot a Pedestrianry vehicle,Slight Injury
11:30:00,Tuesday,18-30,Male,Below 1yr,Automobile,Other,Asphalt roads,Dry,Normal,Daylight,Vehicle with vehicle collision,2,2,Other,na,No Casualty,na,No distancing,Slight Injury,Owner,2-5yrs,Normal,Not a Pedestrian,No Casualty
15:45:00,Wednesday,18-30,Male,5-10yr,Lorry (41-100Q),Residential areas,Asphalt roads,Dry,Normal,Daylight,Vehicle with vehicle collision,1,1,Other,Male,Under 18,3,Moving Backward,Slight Injury,Owner,2-5yrs,Normal,Not a Pedestrian,Slight Injury
23:49:00,Friday,18-30,Male,2-5yr,Lorry (11-40Q),Residential areas,Asphalt roads,Dry,Normal,Darkness - lights lit,Vehicle with vehicle collision,1,1,Going straight,Female,Under 18,3,No priority to pedestrian,Slight Injury,Owner,Unknown,Normal,Not a Pedestrian,Slight Injury
17:00:00,Friday,18-30,Male,5-10yr,Lorry (11-40Q),Other,Asphalt roads,Dry,Normal,Daylight,Collision with roadside objects,3,2,Going straight,Male,Under 18,3,Changing lane to the left,Slight Injury,Owner,5-10yrs,Normal,Unknown or other,Slight Injury
17:00:00,Friday,18-30,Male,5-10yr,Automobile,Other,Asphalt roads,Dry,Normal,Daylight,Vehicle with vehicle collision,3,2,Other,Female,31-50,3,No distancing,Slight Injury,Owner,Unknown,No Casualty,Not a Pedestrian,Slight Injury
17:00:00,Friday,18-30,Male,Above 10yr,Automobile,Office areas,Asphalt roads,Dry,Normal,Daylight,Collision with roadside objects,3,2,Other,Male,18-30,3,Other,Slight Injury,Owner,Unknown,Normal,Not a Pedestrian,Slight Injury
17:00:00,Friday,18-30,Male,Above 10yr,Automobile,School areas,Asphalt roads,Dry,Normal,Daylight,Vehicle with vehicle collision,3,2,Going straight,na,No Casualty,na,No distancing,Slight Injury,Governmental,Unknown,Normal,Not a Pedestrian,No Casualty
14:00:00,Friday,18-30,Male,Above 10yr,Public (13-45 seats),Other,Asphalt roads,Dry,Normal,Daylight,Vehicle with vehicle collision,1,1,Reversing,Male,18-30,3,No priority to pedestrian,Slight Injury,Owner,Unknown,No Casualty,Not a Pedestrian,Slight Injury
15:46:00,Friday,31-50,Male,Above 10yr,Public (12 seats),Other,Asphalt roads,Dry,Normal,Daylight,Collision with roadside objects,1,1,Other,na,No Casualty,na,Moving Backward,Slight Injury,Owner,5-10yrs,No Casualty,Not a Pedestrian,No Casualty
19:40:00,Friday,Over 51,Male,5-10yr,Other,Church areas,Asphalt roads,Dry,Normal,Daylight,Vehicle with vehicle collision,2,1,Turnover,Male,18-30,3,No priority to pedestrian,Slight Injury,Governmental,Unknown,Normal,Not a Pedestrian,Slight Injury
19:40:00,Friday,31-50,Male,Below 1yr,Automobile,Office areas,Asphalt roads,Dry,Normal,Daylight,Vehicle with vehicle collision,2,1,Going straight,Male,18-30,3,No distancing,Slight Injury,Owner,Unknown,No Casualty,Not a Pedestrian,Slight Injury
08:00:00,Monday,18-30,Male,2-5yr,Automobile,Other,Asphalt roads,Dry,Normal,Daylight,Collision with roadside objects,2,1,Going straight,na,No Casualty,na,No priority to pedestrian,Slight Injury,Owner,Unknown,Normal,Not a Pedestrian,No Casualty
08:00:00,Monday,31-50,Male,5-10yr,Public (13-45 seats),Residential areas,Asphalt roads,Dry,Normal,Daylight,Collision with roadside objects,2,1,Going straight,Male,18-30,3,Driving carelessly,Slight Injury,Governmental,Unknown,Normal,Not a Pedestrian,Slight Injury
17:25:00,Wednesday,31-50,Male,1-2yr,Public (13-45 seats),Office areas,Asphalt roads,Dry,Normal,Daylight,Vehicle with vehicle collision,2,1,Going straight,na,No Casualty,na,Getting off the vehicle improperly,Slight Injury,Owner,Unknown,Normal,Not a Pedestrian,No Casualty
17:25:00,Wednesday,18-30,Male,1-2yr,Automobile,Office areas,Asphalt roads,Dry,Normal,Daylight,Vehicle with vehicle collision,2,1,Going straight,Female,Over 51,3,Driving carelessly,Slight Injury,Owner,Unknown,Normal,Not a Pedestrian,Slight Injury
12:45:00,Friday,31-50,Male,1-2yr,Other,Office areas,Asphalt roads,Dry,Normal,Daylight,Vehicle with vehicle collision,2,1,Going straight,na,No Casualty,na,Changing lane to the left,Slight Injury,Owner,Below 1yr,Normal,Not a Pedestrian,No Casualty
12:45:00,Friday,18-30,Male,5-10yr,Pick up upto 10Q,Church areas,Asphalt roads,Dry,Normal,Daylight,Vehicle with vehicle collision,2,1,Going straight,Male,31-50,3,No priority to vehicle,Slight Injury,Organization,1-2yr,Normal,Not a Pedestrian,Slight Injury
07:49:00,Wednesday,18-30,Male,Above 10yr,Lorry (41-100Q),Office areas,Asphalt roads,Dry,Normal,Daylight,Vehicle with vehicle collision,3,2,Going straight,Male,31-50,3,Changing lane to the right,Serious Injury,Owner,Unknown,Normal,Not a Pedestrian,Slight Injury
07:49:00,Wednesday,31-50,Male,Above 10yr,Automobile,Office areas,Asphalt roads,Dry,Normal,Daylight,Vehicle with vehicle collision,3,2,Going straight,na,No Casualty,na,Changing lane to the right,Serious Injury,Owner,1-2yr,Normal,Not a Pedestrian,No Casualty
07:49:00,Wednesday,Under 18,Male,5-10yr,Automobile,Office areas,Asphalt roads,Dry,Normal,Daylight,Vehicle with vehicle collision,3,2,Other,Female,18-30,3,No distancing,Serious Injury,Owner,Unknown,No Casualty,Not a Pedestrian,Slight Injury
18:48:00,Monday,18-30,Male,2-5yr,Lorry (41-100Q),Office areas,Asphalt roads,Dry,Normal,Daylight,Vehicle with vehicle collision,4,5,Going straight,na,No Casualty,na,No distancing,Slight Injury,Owner,5-10yrs,Normal,Not a Pedestrian,No Casualty
18:48:00,Monday,18-30,Male,Below 1yr,Automobile,Other,Asphalt roads,Dry,Normal,Daylight,Vehicle with vehicle collision,4,5,Going straight,na,No Casualty,na,Changing lane to the left,Slight Injury,Owner,Unknown,Normal,Not a Pedestrian,No Casualty
18:48:00,Monday,18-30,Male,1-2yr,Other,Residential areas,Asphalt roads,Dry,Normal,Daylight,Vehicle with vehicle collision,4,5,Moving Backward,Female,31-50,3,Changing lane to the right,Slight Injury,Owner,Unknown,Normal,Not a Pedestrian,Slight Injury
18:48:00,Monday,18-30,Male,5-10yr,Automobile,Church areas,Asphalt roads,Dry,Normal,Daylight,Vehicle with vehicle collision,4,5,Going straight,Male,18-30,3,No priority to vehicle,Slight Injury,Owner,Unknown,Normal,Not a Pedestrian,Slight Injury
18:48:00,Monday,18-30,Male,Below 1yr,Automobile,Other,Asphalt roads,Dry,Normal,Daylight,Vehicle with vehicle collision,4,5,Moving Backward,na,No Casualty,na,Changing lane to the left,Slight Injury,Owner,Unknown,No Casualty,Not a Pedestrian,No Casualty
18:48:00,Monday,18-30,Male,5-10yr,Automobile,Recreational areas,Asphalt roads,Dry,Normal,Daylight,Vehicle with vehicle collision,4,5,Other,Female,Over 51,3,No priority to vehicle,Slight Injury,Owner,Unknown,Normal,Not a Pedestrian,Slight Injury
18:48:00,Monday,18-30,Female,2-5yr,Automobile,Other,Asphalt roads,Dry,Normal,Daylight,Vehicle with vehicle collision,4,5,Going straight,Female,18-30,3,Moving Backward,Slight Injury,Owner,Unknown,Normal,Not a Pedestrian,Slight Injury
08:15:00,Monday,18-30,Male,5-10yr,Lorry (41-100Q),Industrial areas,Asphalt roads,Dry,Normal,Daylight,Vehicle with vehicle collision,2,1,Reversing,na,No Casualty,na,Turnover,Slight Injury,Owner,Unknown,Normal,Not a Pedestrian,No Casualty
08:15:00,Monday,31-50,Male,5-10yr,Other,Other,Asphalt roads,Dry,Normal,Daylight,Vehicle with vehicle collision,2,1,Going straight,Male,31-50,3,No distancing,Slight Injury,Owner,Unknown,Normal,Not a Pedestrian,Slight Injury
13:54:00,Tuesday,18-30,Female,Above 10yr,Pick up upto 10Q,Other,Asphalt roads,Dry,Normal,Daylight,Vehicle with vehicle collision,1,1,Other,Female,31-50,3,No distancing,Slight Injury,Owner,Unknown,Normal,Not a Pedestrian,Slight Injury
21:34:00,Friday,18-30,Male,1-2yr,Stationwagen,Church areas,Asphalt roads,Dry,Normal,Darkness - lights lit,Vehicle with vehicle collision,1,3,Other,na,No Casualty,na,No distancing,Slight Injury,Owner,5-10yrs,Normal,Not a Pedestrian,No Casualty
21:34:00,Friday,18-30,Male,Below 1yr,Other,Church areas,Asphalt roads,Dry,Normal,Darkness - lights lit,Collision with roadside objects,1,3,Other,Male,Under 18,3,Changing lane to the left,Slight Injury,Owner,5-10yrs,No Casualty,Not a Pedestrian,Slight Injury
21:34:00,Friday,18-30,Male,Above 10yr,Pick up upto 10Q,Other,Asphalt roads,Dry,Normal,Darkness - lights lit,Vehicle with vehicle collision,1,3,Stopping,na,No Casualty,na,No priority to vehicle,Slight Injury,Owner,Unknown,Normal,Not a Pedestrian,No Casualty
14:50:00,Friday,18-30,Male,1-2yr,Stationwagen,Other,Asphalt roads,Dry,Normal,Daylight,Collision with pedestrians,2,1,Other,Female,Over 51,3,Overspeed,Slight Injury,Owner,Unknown,Normal,Not a Pedestrian,Slight Injury
14:50:00,Friday,18-30,Male,2-5yr,Lorry (41-100Q),Recreational areas,Asphalt roads,Dry,Normal,Daylight,Vehicle with vehicle collision,2,1,Other,Female,31-50,3,Overtaking,Slight Injury,Governmental,2-5yrs,Normal,Not a Pedestrian,Slight Injury
14:20:00,Sunday,18-30,Male,5-10yr,Automobile,Other,Asphalt roads,Dry,Normal,Daylight,Collision with roadside objects,2,1,Other,Male,31-50,3,Other,Slight Injury,Owner,2-5yrs,Normal,Not a Pedestrian,Slight Injury
14:20:00,Sunday,18-30,Male,2-5yr,Automobile,Office areas,Asphalt roads,Dry,Normal,Daylight,Vehicle with vehicle collision,2,1,Going straight,na,No Casualty,na,Changing lane to the left,Slight Injury,Owner,5-10yrs,No Casualty,Not a Pedestrian,No Casualty
15:28:00,Thursday,31-50,Male,Above 10yr,Automobile,Church areas,Asphalt roads,Dry,Normal,Daylight,Vehicle with vehicle collision,1,1,Going straight,na,No Casualty,na,No priority to pedestrian,Serious Injury,Owner,5-10yrs,Normal,Not a Pedestrian,No Casualty
13:46:00,Thursday,Over 51,Male,1-2yr,Automobile,Office areas,Asphalt roads,Dry,Normal,Daylight,Vehicle with vehicle collision,2,3,Going straight,Female,18-30,2,Changing lane to the left,Serious Injury,Owner,2-5yrs,Normal,Not a Pedestrian,Serious Injury
13:46:00,Thursday,Over 51,Male,1-2yr,Turbo,Office areas,Asphalt roads,Dry,Normal,Daylight,Vehicle with vehicle collision,2,3,Going straight,Female,18-30,3,No distancing,Serious Injury,Owner,Unknown,Normal,Not a Pedestrian,Slight Injury
13:46:00,Thursday,Over 51,Male,1-2yr,Automobile,Other,Asphalt roads,Dry,Normal,Daylight,Vehicle with vehicle collision,2,3,Going straight,na,No Casualty,na,Moving Backward,Serious Injury,Owner,2-5yrs,No Casualty,Not a Pedestrian,No Casualty
13:50:00,Monday,18-30,Male,5-10yr,Stationwagen,Residential areas,Asphalt roads,Dry,Normal,Daylight,Rollover,2,1,Going straight,Female,18-30,3,Changing lane to the left,Slight Injury,Governmental,Unknown,Normal,Not a Pedestrian,Slight Injury
13:50:00,Monday,Under 18,Male,5-10yr,Automobile,Office areas,Asphalt roads,Dry,Normal,Daylight,Collision with roadside objects,2,1,Going straight,na,No Casualty,na,Other,Slight Injury,Owner,2-5yrs,Normal,Not a Pedestrian,No Casualty
15:27:00,Monday,31-50,Male,5-10yr,Automobile,Residential areas,Asphalt roads,Wet or damp,Normal,Daylight,Vehicle with vehicle collision,1,1,Going straight,na,No Casualty,na,No distancing,Serious Injury,Owner,2-5yrs,Normal,Not a Pedestrian,No Casualty
08:29:00,Thursday,31-50,Male,5-10yr,Automobile,Residential areas,Gravel roads,Dry,Normal,Daylight,Collision with roadside objects,2,1,Going straight,Male,31-50,3,Moving Backward,Serious Injury,Owner,Unknown,No Casualty,Not a Pedestrian,Slight Injury
08:29:00,Thursday,Over 51,Male,5-10yr,Pick up upto 10Q,Other,Asphalt roads,Dry,Normal,Daylight,Vehicle with vehicle collision,2,1,Going straight,na,No Casualty,na,No distancing,Serious Injury,Owner,Unknown,Normal,Not a Pedestrian,No Casualty
18:10:00,Thursday,31-50,Male,5-10yr,Lorry (41-100Q),Hospital areas,Asphalt roads,Dry,Normal,Daylight,Vehicle with vehicle collision,1,1,Going straight,Female,18-30,3,Changing lane to the left,Slight Injury,Owner,Unknown,Normal,Not a Pedestrian,Slight Injury
05:05:00,Wednesday,Under 18,Male,5-10yr,Lorry (41-100Q),Other,Asphalt roads,Dry,Normal,Daylight,Vehicle with vehicle collision,2,4,Reversing,Male,31-50,3,Changing lane to the left,Slight Injury,Governmental,Unknown,Normal,Not a Pedestrian,Slight Injury
05:05:00,Wednesday,Under 18,Male,1-2yr,Automobile,Other,Asphalt roads,Dry,Normal,Daylight,Vehicle with vehicle collision,2,4,Going straight,na,No Casualty,na,No priority to pedestrian,Slight Injury,Owner,Unknown,No Casualty,Not a Pedestrian,No Casualty
05:05:00,Wednesday,Under 18,Male,2-5yr,Lorry (41-100Q),Recreational areas,Asphalt roads,Dry,Normal,Daylight,Vehicle with vehicle collision,2,4,Other,Male,18-30,3,Changing lane to the left,Slight Injury,Owner,Unknown,Normal,Not a Pedestrian,Slight Injury
05:05:00,Wednesday,18-30,Male,5-10yr,Lorry (41-100Q),Other,Asphalt roads,Dry,Normal,Daylight,Collision with roadside objects,2,4,Going straight,na,No Casualty,na,Driving carelessly,Slight Injury,Owner,Unknown,Normal,Not a Pedestrian,No Casualty
08:44:00,Tuesday,18-30,Male,Above 10yr,Lorry (41-100Q),Other,Asphalt roads,Wet or damp,Cloudy,Daylight,Vehicle with vehicle collision,2,1,Getting off,Female,18-30,3,Driving carelessly,Slight Injury,Owner,Unknown,Normal,Not a Pedestrian,Slight Injury
08:44:00,Tuesday,18-30,Female,5-10yr,Lorry (41-100Q),Other,Asphalt roads,Wet or damp,Cloudy,Daylight,Collision with roadside objects,2,1,Going straight,na,No Casualty,na,No priority to pedestrian,Slight Injury,Owner,Unknown,Normal,Not a Pedestrian,No Casualty
17:30:00,Tuesday,18-30,Male,2-5yr,Automobile,Office areas,Asphalt roads,Dry,Normal,Daylight,Vehicle with vehicle collision,1,1,Going straight,Male,31-50,3,Getting off the vehicle improperly,Slight Injury,Owner,Below 1yr,No Casualty,Not a Pedestrian,Slight Injury
19:50:00,Thursday,18-30,Male,5-10yr,Automobile,Other,Asphalt roads with some distress,Dry,Normal,Darkness - lights lit,Vehicle with vehicle collision,2,1,Going straight,na,No Casualty,na,No distancing,Slight Injury,Owner,2-5yrs,Normal,Not a Pedestrian,No Casualty
19:50:00,Thursday,18-30,Male,2-5yr,Automobile,Residential areas,Asphalt roads,Dry,Normal,Darkness - lights lit,Vehicle with vehicle collision,2,1,Going straight,Male,31-50,3,Changing lane to the left,Slight Injury,Owner,Unknown,Normal,Not a Pedestrian,Slight Injury
10:00:00,Tuesday,Under 18,Male,5-10yr,Public (13-45 seats),Other,Asphalt roads,Dry,Normal,Daylight,Vehicle with vehicle collision,2,1,Turnover,na,No Casualty,na,No priority to vehicle,Slight Injury,Owner,5-10yrs,Deaf,Not a Pedestrian,No Casualty
10:00:00,Tuesday,18-30,Male,1-2yr,Automobile,Other,Asphalt roads,Dry,Normal,Daylight,Vehicle with vehicle collision,2,1,Entering a junction,na,No Casualty,na,No distancing,Slight Injury,Owner,Unknown,Normal,Not a Pedestrian,No Casualty
14:11:00,Monday,18-30,Male,5-10yr,Public (13-45 seats),Church areas,Asphalt roads,Wet or damp,Normal,Daylight,Vehicle with vehicle collision,1,1,Entering a junction,Female,18-30,3,No priority to pedestrian,Serious Injury,Owner,Unknown,Normal,Not a Pedestrian,Slight Injury
22:00:00,Sunday,Under 18,Male,5-10yr,Public (13-45 seats),Office areas,Asphalt roads,Dry,Normal,Darkness - lights lit,Vehicle with vehicle collision,2,1,Entering a junction,Male,18-30,3,No priority to pedestrian,Slight Injury,Owner,1-2yr,Normal,Not a Pedestrian,Slight Injury
22:00:00,Sunday,Under 18,Male,Above 10yr,Automobile,School areas,Asphalt roads,Dry,Normal,Darkness - lights lit,Vehicle with vehicle collision,2,1,Entering a junction,na,No Casualty,na,No priority to vehicle,Slight Injury,Owner,Above 10yr,Normal,Not a Pedestrian,No Casualty
23:00:00,Thursday,18-30,Female,Below 1yr,Lorry (11-40Q),Other,Asphalt roads,Dry,Normal,Darkness - lights lit,Vehicle with vehicle collision,2,4,Other,Female,31-50,3,Driving carelessly,Slight Injury,Owner,2-5yrs,Normal,Not a Pedestrian,Slight Injury
23:00:00,Thursday,18-30,Male,2-5yr,Automobile,Office areas,Asphalt roads,Dry,Normal,Darkness - lights lit,Vehicle with vehicle collision,2,4,Entering a junction,na,No Casualty,na,Changing lane to the right,Slight Injury,Owner,1-2yr,No Casualty,Not a Pedestrian,No Casualty
23:00:00,Thursday,18-30,Male,1-2yr,Lorry (41-100Q),Residential areas,Asphalt roads,Dry,Normal,Darkness - lights lit,Vehicle with vehicle collision,2,4,Turnover,Male,18-30,3,Changing lane to the left,Slight Injury,Owner,1-2yr,Normal,Not a Pedestrian,Slight Injury
23:00:00,Thursday,18-30,Male,5-10yr,Other,Industrial areas,Asphalt roads,Dry,Normal,Darkness - lights lit,Rollover,2,4,Entering a junction,Male,18-30,3,Moving Backward,Slight Injury,Owner,1-2yr,Normal,Not a Pedestrian,Slight Injury
23:00:00,Thursday,18-30,Male,2-5yr,Pick up upto 10Q,Other,Asphalt roads,Dry,Normal,Darkness - lights lit,Collision with roadside objects,2,4,Entering a junction,na,No Casualty,na,Driving carelessly,Slight Injury,Owner,2-5yrs,Normal,Not a Pedestrian,No Casualty
08:10:00,Tuesday,18-30,Male,2-5yr,Lorry (11-40Q),Residential areas,Asphalt roads,Dry,Normal,Daylight,Vehicle with vehicle collision,3,1,Entering a junction,na,No Casualty,na,Driving to the left,Slight Injury,Owner,1-2yr,Normal,Not a Pedestrian,No Casualty
08:10:00,Tuesday,18-30,Male,2-5yr,Motorcycle,Recreational areas,Asphalt roads,Dry,Normal,Daylight,Vehicle with vehicle collision,3,1,Entering a junction,Male,18-30,3,Driving to the left,Slight Injury,Owner,1-2yr,Normal,Not a Pedestrian,Slight Injury