Time,Day_of_week,Age_band_of_driver,Sex_of_driver,Driving_experience,Type_of_vehicle,Area_accident_occured,Road_surface_type,Road_surface_conditions,Weather_conditions,Light_conditions,Type_of_collision,Number_of_vehicles_involved,Number_of_casualties,Vehicle_movement,Sex_of_casualty,Age_band_of_casualty,Casualty_severity,Cause_of_accident,Accident_severity,Owner_of_vehicle,Service_year_of_vehicle,Fitness_of_casuality,Pedestrian_movement,Casualty_severity_label
07:00:00,Friday,18-30,Male,Above 10yr,Stationwagen,Other,Asphalt roads,Dry,Normal,Daylight,Collision with animals,2,1,Turnover,Male,Under 18,3,Moving Backward,Slight Injury,Owner,Unknown,Normal,Not a Pedestrian,Slight Injury
07:00:00,Friday,Under 18,Male,Above 10yr,Lorry (41-100Q),Other,Asphalt roads,Dry,Normal,Daylight,Collision with animals,2,1,Moving Backward,Male,Under 18,3,No distancing,Slight Injury,Owner,Unknown,Normal,Not a Pedestrian,Slight Injury
15:20:00,Tuesday,Under 18,Male,Above 10yr,Public (> 45 seats),Other,Asphalt roads,Dry,Normal,Daylight,Collision with animals,2,1,Going straight,na,No Casualty,na,Changing lane to the left,Slight Injury,Owner,5-10yrs,Normal,Not a Pedestrian,No Casualty
15:20:00,Tuesday,Under 18,Male,Above 10yr,Automobile,Other,Asphalt roads,Dry,Normal,Daylight,Collision with animals,2,1,Moving Backward,na,No Casualty,na,Changing lane to the left,Slight Injury,Owner,Unknown,Normal,Not a Pedestrian,No Casualty
13:03:00,Thursday,18-30,Male,Above 10yr,Automobile,Other,Asphalt roads,Dry,Normal,Daylight,Collision with animals,2,1,Going straight,Male,18-30,3,No priority to pedestrian,Slight Injury,Owner,2-5yrs,Normal,Not a Pedestrian,Slight Injury
13:03:00,Thursday,18-30,Male,5-10yr,Automobile,Office areas,Asphalt roads,Dry,Normal,Daylight,Collision with animals,2,1,Going straight,na,No Casualty,na,Moving Backward,Slight Injury,Owner,2-5yrs,Normal,Not a Pedestrian,No Casualty
22:54:00,Friday,18-30,Female,2-5yr,Automobile,Office areas,Asphalt roads,Dry,Normal,Darkness - lights lit,Collision with animals,1,1,Going straight,Male,31-50,3,Changing lane to the left,Slight Injury,Owner,Above 10yr,Normal,Not a Pedestrian,Slight Injury
21:43:00,Sunday,Over 51,Male,Below 1yr,Lorry (41-100Q),Office areas,Asphalt roads,Dry,Normal,Darkness - lights lit,Collision with animals,2,1,Going straight,Female,31-50,3,No distancing,Slight Injury,Owner,Unknown,Normal,Not a Pedestrian,Slight Injury
21:43:00,Sunday,18-30,Male,Below 1yr,Lorry (41-100Q),Residential areas,Asphalt roads,Dry,Normal,Darkness - lights lit,Collision with animals,2,1,Going straight,Female,18-30,3,No priority to vehicle,Slight Injury,Owner,Above 10yr,Normal,Not a Pedestrian,Slight Injury
15:10:00,Friday,18-30,Male,2-5yr,Automobile,Recreational areas,Asphalt roads,Dry,Normal,Daylight,Collision with animals,2,1,Going straight,Male,31-50,3,Changing lane to the right,Slight Injury,Governmental,Below 1yr,Normal,Not a Pedestrian,Slight Injury
15:10:00,Friday,18-30,Male,Below 1yr,Stationwagen,Church areas,Asphalt roads,Dry,Normal,Daylight,Collision with animals,2,1,Going straight,na,No Casualty,na,No distancing,Slight Injury,Owner,Unknown,Normal,Not a Pedestrian,No Casualty
08:46:00,Friday,Over 51,Male,Below 1yr,Public (12 seats),Office areas,Asphalt roads,Dry,Normal,Daylight,Collision with animals,2,1,Going straight,Female,18-30,3,No distancing,Slight Injury,Owner,Unknown,Normal,Not a Pedestrian,Slight Injury
08:46:00,Friday,Under 18,Male,5-10yr,Public (12 seats),Other,Asphalt roads,Dry,Normal,Daylight,Other,2,1,Going straight,na,No Casualty,na,Getting off the vehicle improperly,Slight Injury,Owner,Unknown,Normal,Not a Pedestrian,No Casualty
10:29:00,Friday,18-30,Male,5-10yr,Automobile,Residential areas,Asphalt roads,Dry,Normal,Daylight,Rollover,2,2,Going straight,Male,31-50,3,No priority to pedestrian,Slight Injury,Owner,Unknown,Normal,Not a Pedestrian,Slight Injury
10:29:00,Friday,18-30,Male,Below 1yr,Public (12 seats),School areas,Asphalt roads,Dry,Normal,Daylight,Collision with animals,2,2,Going straight,Female,18-30,3,Changing lane to the left,Slight Injury,Owner,Unknown,Normal,Not a Pedestrian,Slight Injury
20:20:00,Thursday,18-30,Male,Below 1yr,Public (12 seats),Office areas,Earth roads,Dry,Normal,Daylight,Rollover,2,3,Other,Male,Under 18,3,No distancing,Slight Injury,Owner,1-2yr,Normal,Unknown or other,Slight Injury
20:20:00,Thursday,31-50,Male,1-2yr,Lorry (41-100Q),Other,Asphalt roads,Dry,Normal,Daylight,Collision with animals,2,3,Other,na,No Casualty,na,Driving carelessly,Slight Injury,Owner,Above 10yr,Normal,Not a Pedestrian,No Casualty
20:20:00,Thursday,31-50,Male,Above 10yr,Automobile,Other,Asphalt roads,Dry,Normal,Daylight,Collision with animals,2,3,Going straight,Female,31-50,3,No distancing,Slight Injury,Owner,Unknown,Normal,Not a Pedestrian,Slight Injury
16:10:00,Sunday,18-30,Male,Above 10yr,Lorry (41-100Q),Office areas,Asphalt roads,Dry,Normal,Daylight,Vehicle with vehicle collision,4,1,Going straight,Male,18-30,2,Changing lane to the right,Slight Injury,Organization,2-5yrs,Normal,Crossing from nearside - masked by parked or statioNot a Pedestrianry vehicle,Serious Injury
16:10:00,Sunday,Over 51,Male,Below 1yr,Automobile,Office areas,Asphalt roads,Dry,Normal,Daylight,Fall from vehicles,4,1,Getting off,na,No Casualty,na,Overtaking,Slight Injury,Owner,Unknown,Normal,Not a Pedestrian,No Casualty
16:10:00,Sunday,18-30,Male,2-5yr,Automobile,Other,Asphalt roads,Dry,Normal,Daylight,Collision with roadside-parked vehicles,4,1,Going straight,Male,18-30,3,Driving carelessly,Slight Injury,Owner,5-10yrs,Normal,Not a Pedestrian,Slight Injury
16:10:00,Sunday,18-30,Male,2-5yr,Stationwagen,Office areas,Asphalt roads,Dry,Normal,Daylight,Collision with roadside-parked vehicles,4,1,Going straight,Male,Over 51,2,Moving Backward,Slight Injury,Owner,5-10yrs,Normal,Not a Pedestrian,Serious Injury
16:30:00,Tuesday,18-30,Male,Above 10yr,Automobile,Industrial areas,Asphalt roads,Dry,Normal,Daylight,Rollover,3,1,Going straight,na,No Casualty,na,No distancing,Slight Injury,Owner,2-5yrs,No Casualty,Not a Pedestrian,No Casualty
16:30:00,Tuesday,18-30,Female,2-5yr,Automobile,Office areas,Asphalt roads,Dry,Normal,Daylight,Collision with animals,3,1,Going straight,na,No Casualty,na,Overtaking,Slight Injury,Owner,Unknown,No Casualty,Not a Pedestrian,No Casualty
16:30:00,Tuesday,31-50,Male,2-5yr,Automobile,Other,Asphalt roads,Dry,Normal,Daylight,Collision with animals,3,1,Going straight,na,No Casualty,na,Driving carelessly,Slight Injury,Owner,Unknown,No Casualty,Not a Pedestrian,No Casualty
20:35:00,Tuesday,31-50,Male,1-2yr,Stationwagen,Other,Asphalt roads,Wet or damp,Rain,Daylight,Fall from vehicles,1,1,Getting off,na,No Casualty,na,Driving carelessly,Slight Injury,Owner,Above 10yr,Normal,Not a Pedestrian,No Casualty
11:37:00,Monday,31-50,Male,5-10yr,Automobile,Office areas,Asphalt roads,Wet or damp,Rain,Daylight,Collision with roadside-parked vehicles,1,1,Going straight,Female,18-30,3,Moving Backward,Slight Injury,Owner,Unknown,Normal,Not a Pedestrian,Slight Injury
08:52:00,Wednesday,31-50,Male,Below 1yr,Other,Church areas,Gravel roads,Wet or damp,Other,Daylight,Collision with animals,3,2,Going straight,na,No Casualty,na,Driving carelessly,Slight Injury,Owner,Unknown,Normal,Not a Pedestrian,No Casualty
08:52:00,Wednesday,31-50,Male,Below 1yr,Other,Office areas,Asphalt roads,Wet or damp,Other,Daylight,Collision with animals,3,2,Other,Female,18-30,3,Driving to the left,Slight Injury,Owner,Unknown,Normal,Not a Pedestrian,Slight Injury
08:52:00,Wednesday,31-50,Male,5-10yr,Automobile,Residential areas,Asphalt roads,Wet or damp,Other,Daylight,Collision with pedestrians,3,2,Going straight,na,No Casualty,na,Changing lane to the left,Slight Injury,Owner,Unknown,Normal,Not a Pedestrian,No Casualty
16:50:00,Thursday,18-30,Male,Below 1yr,Lorry (41-100Q),Recreational areas,Asphalt roads,Dry,Normal,Daylight,Vehicle with vehicle collision,2,1,Going straight,Female,31-50,3,No distancing,Slight Injury,Owner,Unknown,Normal,Not a Pedestrian,Slight Injury
16:50:00,Thursday,18-30,Male,1-2yr,Lorry (41-100Q),Other,Asphalt roads,Dry,Normal,Daylight,Vehicle with vehicle collision,2,1,Going straight,na,No Casualty,na,No distancing,Slight Injury,Governmental,5-10yrs,Normal,Not a Pedestrian,No Casualty
20:30:00,Friday,18-30,Male,2-5yr,Lorry (41-100Q),Church areas,Asphalt roads,Dry,Normal,Daylight,Collision with pedestrians,4,3,Going straight,Male,Under 18,3,Changing lane to the right,Serious Injury,Owner,Unknown,Normal,Not a Pedestrian,Slight Injury
20:30:00,Friday,18-30,Male,1-2yr,Automobile,Other,Asphalt roads,Dry,Normal,Daylight,Vehicle with vehicle collision,4,3,Going straight,Male,18-30,3,Driving under the influence of drugs,Serious Injury,Owner,Unknown,Normal,Not a Pedestrian,Slight Injury
20:30:00,Friday,18-30,Male,5-10yr,Automobile,Other,Asphalt roads,Dry,Normal,Daylight,Collision with roadside objects,4,3,Reversing,na,No Casualty,na,Changing lane to the right,Serious Injury,Owner,Above 10yr,Normal,Not a Pedestrian,No Casualty
20:30:00,Friday,18-30,Male,Below 1yr,Public (13-45 seats),Church areas,Asphalt roads,Dry,Normal,Daylight,Vehicle with vehicle collision,4,3,Other,Male,18-30,3,Changing lane to the left,Serious Injury,Owner,5-10yrs,Normal,Not a Pedestrian,Slight Injury
20:30:00,Friday,18-30,Male,Above 10yr,Public (13-45 seats),Office areas,Asphalt roads,Dry,Normal,Daylight,Vehicle with vehicle collision,4,3,Going straight,na,No Casualty,na,Moving Backward,Serious Injury,Owner,Unknown,Normal,Not a Pedestrian,No Casualty
09:35:00,Tuesday,18-30,Male,5-10yr,Lorry (41-100Q),Office areas,Asphalt roads,Wet or damp,Other,Daylight,Vehicle with vehicle collision,2,1,Going straight,na,No Casualty,na,No distancing,Slight Injury,Owner,Unknown,Normal,Not a Pedestrian,No Casualty
09:35:00,Tuesday,31-50,Male,Below 1yr,Lorry (41-100Q),Church areas,Asphalt roads,Wet or damp,Other,Daylight,Rollover,2,1,Going straight,Male,31-50,3,Changing lane to the right,Slight Injury,Organization,5-10yrs,Normal,Not a Pedestrian,Slight Injury
14:11:00,Wednesday,18-30,Male,5-10yr,Public (12 seats),Other,Asphalt roads,Dry,Normal,Daylight,Vehicle with vehicle collision,1,1,Going straight,Female,Under 18,3,Moving Backward,Slight Injury,Organization,2-5yrs,Normal,Not a Pedestrian,Slight Injury
14:45:00,Thursday,18-30,Male,5-10yr,Other,Other,Asphalt roads,Dry,Normal,Daylight,Vehicle with vehicle collision,3,1,Going straight,Female,Over 51,3,No distancing,Slight Injury,Owner,Unknown,Normal,Not a Pedestrian,Slight Injury
14:45:00,Thursday,31-50,Male,2-5yr,Lorry (41-100Q),Church areas,Asphalt roads,Dry,Normal,Daylight,Vehicle with vehicle collision,3,1,Going straight,na,No Casualty,na,Driving to the left,Slight Injury,Owner,Unknown,Normal,Not a Pedestrian,No Casualty
14:45:00,Thursday,Over 51,Male,Above 10yr,Automobile,Industrial areas,Asphalt roads,Dry,Normal,Daylight,Collision with pedestrians,3,1,Going straight,Male,31-50,3,Driving to the left,Slight Injury,Owner,5-10yrs,Normal,Not a Pedestrian,Slight Injury
01:50:00,Sunday,18-30,Female,5-10yr,Other,Office areas,Asphalt roads,Dry,Normal,Darkness - lights lit,Vehicle with vehicle collision,1,1,Going straight,Male,Over 51,2,Moving Backward,Serious Injury,Owner,Unknown,Normal,Not a Pedestrian,Serious Injury
22:45:00,Friday,18-30,Male,1-2yr,Motorcycle,School areas,Asphalt roads,Dry,Normal,Darkness - lights lit,Collision with roadside objects,2,4,Going straight,Male,Under 18,3,Moving Backward,Slight Injury,Owner,Unknown,Normal,Not a Pedestrian,Slight Injury
22:45:00,Friday,18-30,Male,5-10yr,Automobile,Other,Other,Dry,Normal,Darkness - lights lit,Vehicle with vehicle collision,2,4,Moving Backward,Female,18-30,3,Overtaking,Slight Injury,Owner,Unknown,Normal,Not a Pedestrian,Slight Injury
22:45:00,Friday,18-30,Male,2-5yr,Automobile,Church areas,Asphalt roads,Dry,Normal,Darkness - lights lit,Rollover,2,4,Moving Backward,Male,18-30,3,Driving carelessly,Slight Injury,Owner,Unknown,Normal,Not a Pedestrian,Slight Injury
22:45:00,Friday,18-30,Male,Below 1yr,Lorry (41-100Q),Office areas,Asphalt roads,Dry,Normal,Darkness - lights lit,Vehicle with vehicle collision,2,4,Turnover,Male,31-50,3,Changing lane to the left,Slight Injury,Owner,Unknown,Normal,Not a Pedestrian,Slight Injury
21:10:00,Friday,31-50,Male,Below 1yr,Automobile,Other,Asphalt roads,Dry,Normal,Darkness - lights lit,Vehicle with vehicle collision,4,1,Other,na,No Casualty,na,Driving under the influence of drugs,Slight Injury,Owner,Unknown,Normal,Not a Pedestrian,No Casualty
21:10:00,Friday,18-30,Female,5-10yr,Public (> 45 seats),Other,Asphalt roads,Dry,Normal,Darkness - lights lit,Vehicle with vehicle collision,4,1,Other,Male,18-30,3,No distancing,Slight Injury,Owner,2-5yrs,Normal,Not a Pedestrian,Slight Injury
21:10:00,Friday,18-30,Female,5-10yr,Lorry (41-100Q),Other,Asphalt roads,Dry,Normal,Darkness - lights lit,Vehicle with vehicle collision,4,1,Going straight,Male,18-30,3,Moving Backward,Slight Injury,Owner,Unknown,Normal,Not a Pedestrian,Slight Injury
21:10:00,Friday,18-30,Female,1-2yr,Public (> 45 seats),Other,Asphalt roads,Dry,Normal,Darkness - lights lit,Vehicle with vehicle collision,4,1,Going straight,na,No Casualty,na,Changing lane to the left,Slight Injury,Owner,2-5yrs,Normal,Not a Pedestrian,No Casualty
09:51:00,Friday,31-50,Male,5-10yr,Lorry (41-100Q),Church areas,Asphalt roads,Dry,Normal,Daylight,Collision with roadside objects,2,1,Other,Male,Over 51,3,Changing lane to the right,Slight Injury,Owner,Above 10yr,Normal,Not a Pedestrian,Slight Injury
09:51:00,Friday,Over 51,Male,Above 10yr,Lorry (41-100Q),Residential areas,Asphalt roads,Dry,Normal,Daylight,Vehicle with vehicle collision,2,1,Other,na,No Casualty,na,No distancing,Slight Injury,Governmental,2-5yrs,Normal,Not a Pedestrian,No Casualty
21:25:00,Thursday,Under 18,Male,1-2yr,Lorry (41-100Q),Office areas,Asphalt roads,Dry,Other,Darkness - lights lit,Vehicle with vehicle collision,2,1,Going straight,na,No Casualty,na,Overspeed,Slight Injury,Owner,2-5yrs,Normal,Not a Pedestrian,No Casualty
21:25:00,Thursday,18-30,Male,5-10yr,Public (12 seats),Other,Asphalt roads,Dry,Other,Darkness - lights lit,Collision with roadside objects,2,1,Reversing,Male,Under 18,2,Changing lane to the right,Slight Injury,Owner,2-5yrs,Normal,Not a Pedestrian,Serious Injury
16:48:00,Sunday,18-30,Male,Above 10yr,Public (12 seats),Office areas,Earth roads,Dry,Normal,Daylight,Collision with roadside objects,2,1,Other,Male,31-50,3,No priority to vehicle,Serious Injury,Owner,2-5yrs,No Casualty,Not a Pedestrian,Slight Injury
16:48:00,Sunday,31-50,Male,2-5yr,Stationwagen,Other,Asphalt roads,Dry,Normal,Daylight,Vehicle with vehicle collision,2,1,Turnover,na,No Casualty,na,No distancing,Serious Injury,Owner,2-5yrs,Normal,Not a Pedestrian,No Casualty
15:42:00,Thursday,18-30,Male,5-10yr,Lorry (41-100Q),Church areas,Asphalt roads,Dry,Normal,Daylight,Vehicle with vehicle collision,1,1,Going straight,Male,18-30,3,Turnover,Slight Injury,Owner,1-2yr,Normal,Not a Pedestrian,Slight Injury
00:29:00,Wednesday,18-30,Male,Below 1yr,Automobile,Office areas,Asphalt roads,Dry,Normal,Darkness - lights lit,Vehicle with vehicle collision,2,2,Going straight,na,No Casualty,na,No distancing,Slight Injury,Owner,Unknown,No Casualty,Not a Pedestrian,No Casualty
00:29:00,Wednesday,Under 18,Male,5-10yr,Pick up upto 10Q,Other,Asphalt roads,Dry,Normal,Darkness - lights lit,Vehicle with vehicle collision,2,2,Going straight,Female,18-30,3,Changing lane to the right,Slight Injury,Owner,Unknown,Normal,Not a Pedestrian,Slight Injury
00:29:00,Wednesday,Under 18,Male,Above 10yr,Automobile,Other,Earth roads,Dry,Normal,Darkness - lights lit,Collision with roadside objects,2,2,Going straight,Male,31-50,3,No distancing,Slight Injury,Owner,Unknown,Normal,Not a Pedestrian,Slight Injury
20:05:00,Monday,18-30,Male,5-10yr,Public (13-45 seats),School areas,Asphalt roads,Dry,Normal,Daylight,Vehicle with vehicle collision,2,1,Going straight,na,No Casualty,na,Changing lane to the left,Serious Injury,Owner,Above 10yr,Normal,Not a Pedestrian,No Casualty
20:05:00,Monday,Under 18,Male,1-2yr,Public (> 45 seats),Church areas,Asphalt roads,Dry,Normal,Daylight,Vehicle with vehicle collision,2,1,Going straight,na,No Casualty,na,Driving carelessly,Serious Injury,Owner,Unknown,Normal,Not a Pedestrian,No Casualty
08:04:00,Monday,18-30,Male,5-10yr,Stationwagen,School areas,Earth roads,Wet or damp,Rain,Daylight,Vehicle with vehicle collision,1,1,Going straight,Male,18-30,3,Changing lane to the right,Slight Injury,Owner,Unknown,Normal,Not a Pedestrian,Slight Injury
20:04:00,Wednesday,Over 51,Male,1-2yr,Automobile,Residential areas,Asphalt roads,Dry,Normal,Daylight,Vehicle with vehicle collision,2,1,Going straight,Female,31-50,3,No priority to vehicle,Slight Injury,Owner,2-5yrs,No Casualty,Not a Pedestrian,Slight Injury
20:04:00,Wednesday,18-30,Male,1-2yr,Lorry (41-100Q),Office areas,Asphalt roads,Dry,Normal,Daylight,Vehicle with vehicle collision,2,1,Going straight,Female,31-50,3,No distancing,Slight Injury,Owner,Unknown,No Casualty,Not a Pedestrian,Slight Injury
20:40:00,Friday,Under 18,Male,1-2yr,Stationwagen,Office areas,Asphalt roads,Dry,Normal,Daylight,Vehicle with vehicle collision,2,1,Other,na,No Casualty,na,No priority to pedestrian,Slight Injury,Owner,Unknown,Normal,Not a Pedestrian,No Casualty
20:40:00,Friday,18-30,Male,5-10yr,Lorry (41-100Q),Church areas,Asphalt roads,Dry,Normal,Daylight,Collision with roadside objects,2,1,Going straight,Male,31-50,3,No priority to pedestrian,Slight Injury,Governmental,5-10yrs,Normal,Not a Pedestrian,Slight Injury
07:36:00,Thursday,Under 18,Male,5-10yr,Public (12 seats),Residential areas,Asphalt roads,Dry,Normal,Daylight,Vehicle with vehicle collision,2,2,Going straight,Male,18-30,3,No priority to vehicle,Slight Injury,Owner,2-5yrs,No Casualty,Not a Pedestrian,Slight Injury
07:36:00,Thursday,18-30,Male,5-10yr,Lorry (41-100Q),Office areas,Asphalt roads,Dry,Normal,Daylight,Collision with pedestrians,2,2,Moving Backward,na,No Casualty,na,Changing lane to the left,Slight Injury,Owner,Unknown,Normal,Not a Pedestrian,No Casualty
11:50:00,Friday,31-50,Male,Below 1yr,Other,Residential areas,Asphalt roads,Dry,Normal,Daylight,Collision with roadside objects,2,1,Going straight,Female,Over 51,3,Changing lane to the left,Slight Injury,Owner,2-5yrs,No Casualty,Not a Pedestrian,Slight Injury
11:50:00,Friday,18-30,Male,Above 10yr,Stationwagen,Other,Asphalt roads,Dry,Normal,Daylight,Collision with roadside objects,2,1,Moving Backward,Male,Over 51,3,No distancing,Slight Injury,Owner,2-5yrs,No Casualty,Not a Pedestrian,Slight Injury
17:35:00,Friday,18-30,Male,5-10yr,Automobile,Other,Asphalt roads,Dry,Normal,Daylight,Vehicle with vehicle collision,3,2,Other,Male,18-30,3,No priority to vehicle,Serious Injury,Governmental,2-5yrs,Normal,Not a Pedestrian,Slight Injury
17:35:00,Friday,Over 51,Male,Below 1yr,Public (> 45 seats),Residential areas,Asphalt roads,Dry,Normal,Daylight,Rollover,3,2,Going straight,na,No Casualty,na,No distancing,Serious Injury,Owner,Unknown,Normal,Not a Pedestrian,No Casualty
17:35:00,Friday,18-30,Female,Above 10yr,Other,Industrial areas,Asphalt roads,Dry,Normal,Daylight,Vehicle with vehicle collision,3,2,Reversing,Male,31-50,3,No distancing,Serious Injury,Owner,5-10yrs,Normal,Not a Pedestrian,Slight Injury
17:24:00,Tuesday,18-30,Male,5-10yr,Lorry (41-100Q),Other,Asphalt roads,Dry,Normal,Daylight,Vehicle with vehicle collision,1,1,Going straight,Male,31-50,3,Changing lane to the right,Slight Injury,Owner,2-5yrs,Normal,Not a Pedestrian,Slight Injury
22:30:00,Sunday,31-50,Male,Above 10yr,Automobile,Office areas,Asphalt roads with some distress,Wet or damp,Rain,Darkness - lights lit,Vehicle with vehicle collision,2,1,Other,na,No Casualty,na,Changing lane to the left,Slight Injury,Owner,1-2yr,Normal,Not a Pedestrian,No Casualty
22:30:00,Sunday,31-50,Male,5-10yr,Public (> 45 seats),Other,Asphalt roads,Wet or damp,Rain,Darkness - lights lit,Vehicle with vehicle collision,2,1,Other,Male,18-30,3,No distancing,Slight Injury,Organization,2-5yrs,Normal,Not a Pedestrian,Slight Injury
16:32:00,Sunday,18-30,Female,1-2yr,Automobile,Other,Asphalt roads,Dry,Normal,Daylight,Vehicle with vehicle collision,1,1,Other,na,No Casualty,na,Overturning,Slight Injury,Governmental,1-2yr,Normal,Not a Pedestrian,No Casualty
09:34:00,Wednesday,31-50,Male,1-2yr,Automobile,Other,Asphalt roads,Dry,Normal,Daylight,Vehicle with vehicle collision,3,1,Stopping,Female,18-30,3,No priority to vehicle,Slight Injury,Owner,Unknown,Normal,Not a Pedestrian,Slight Injury
09:34:00,Wednesday,18-30,Male,1-2yr,Pick up upto 10Q,Other,Asphalt roads,Dry,Normal,Daylight,Vehicle with vehicle collision,3,1,Other,Male,18-30,3,Moving Backward,Slight Injury,Owner,2-5yrs,Normal,Not a Pedestrian,Slight Injury
09:34:00,Wednesday,31-50,Male,2-5yr,Public (12 seats),Office areas,Asphalt roads,Dry,Normal,Daylight,Vehicle with vehicle collision,3,1,Other,na,No Casualty,na,Driving under the influence of drugs,Slight Injury,Owner,Unknown,No Casualty,Not a Pedestrian,No Casualty
21:40:00,Friday,31-50,Male,Above 10yr,Lorry (41-100Q),Other,Asphalt roads,Dry,Normal,Darkness - lights lit,Collision with roadside objects,1,1,Other,Female,18-30,3,Moving Backward,Slight Injury,Governmental,1-2yr,Normal,Not a Pedestrian,Slight Injury
16:10:00,Friday,18-30,Male,2-5yr,Lorry (41-100Q),Other,Asphalt roads,Dry,Normal,Daylight,Vehicle with vehicle collision,2,1,Going straight,Male,31-50,3,Changing lane to the right,Slight Injury,Owner,Unknown,Normal,Not a Pedestrian,Slight Injury
16:10:00,Friday,18-30,Male,Above 10yr,Lorry (41-100Q),Other,Asphalt roads,Dry,Normal,Daylight,Vehicle with vehicle collision,2,1,Going straight,Male,31-50,3,Overspeed,Slight Injury,Organization,Unknown,Normal,Not a Pedestrian,Slight Injury
16:45:00,Wednesday,18-30,Male,2-5yr,Public (13-45 seats),Other,Asphalt roads,Dry,Normal,Daylight,Vehicle with vehicle collision,2,1,Going straight,Male,Over 51,3,Driving under the influence of drugs,Slight Injury,Owner,Above 10yr,No Casualty,Not a Pedestrian,Slight Injury
16:45:00,Wednesday,31-50,Male,5-10yr,Lorry (41-100Q),Office areas,Asphalt roads,Dry,Normal,Daylight,Vehicle with vehicle collision,2,1,Going straight,na,No Casualty,na,Driving carelessly,Slight Injury,Owner,Unknown,Normal,Not a Pedestrian,No Casualty
17:20:00,Friday,31-50,Male,1-2yr,Lorry (41-100Q),Office areas,Asphalt roads,Wet or damp,Rain,Daylight,Collision with pedestrians,2,4,Going straight,na,No Casualty,na,No distancing,Slight Injury,Owner,Unknown,Normal,Not a Pedestrian,No Casualty
17:20:00,Friday,31-50,Male,5-10yr,Motorcycle,Church areas,Asphalt roads,Wet or damp,Rain,Daylight,Vehicle with vehicle collision,2,4,Going straight,Male,18-30,3,No priority to vehicle,Slight Injury,Owner,Above 10yr,Normal,Not a Pedestrian,Slight Injury
17:20:00,Friday,18-30,Male,1-2yr,Lorry (41-100Q),Office areas,Asphalt roads,Wet or damp,Rain,Daylight,Vehicle with vehicle collision,2,4,Going straight,Male,18-30,3,Overspeed,Slight Injury,Owner,Unknown,Normal,Crossing from nearside - masked by parked or statioNot a Pedestrianry vehicle,Slight Injury
17:20:00,Friday,18-30,Male,Above 10yr,Ridden horse,Office areas,Asphalt roads,Wet or damp,Rain,Daylight,Vehicle with vehicle collision,2,4,Going straight,Female,18-30,3,Driving under the influence of drugs,Slight Injury,Owner,Above 10yr,Normal,Not a Pedestrian,Slight Injury
23:20:00,Sunday,18-30,Female,1-2yr,Automobile,Office areas,Asphalt roads,Dry,Normal,Darkness - lights lit,Vehicle with vehicle collision,2,1,Going straight,na,No Casualty,na,Changing lane to the right,Slight Injury,Owner,Unknown,Normal,Not a Pedestrian,No Casualty
23:20:00,Sunday,Over 51,Male,1-2yr,Lorry (41-100Q),Office areas,Asphalt roads,Dry,Normal,Darkness - lights lit,Vehicle with vehicle collision,2,1,Going straight,Female,18-30,3,Changing lane to the right,Slight Injury,Owner,Unknown,Normal,Not a Pedestrian,Slight Injury
15:48:00,Tuesday,18-30,Male,2-5yr,Pick up upto 10Q,Residential areas,Asphalt roads,Dry,Normal,Daylight,Vehicle with vehicle collision,2,1,Going straight,na,No Casualty,na,Changing lane to the right,Slight Injury,Owner,2-5yrs,Normal,Not a Pedestrian,No Casualty
15:48:00,Tuesday,Under 18,Male,1-2yr,Public (> 45 seats),Residential areas,Asphalt roads,Dry,Normal,Daylight,Collision with roadside objects,2,1,Reversing,Male,18-30,3,Changing lane to the right,Slight Injury,Owner,Above 10yr,Normal,Not a Pedestrian,Slight Injury
00:55:00,Sunday,18-30,Female,1-2yr,Stationwagen,Residential areas,Asphalt roads,Wet or damp,Rain,Darkness - lights lit,Vehicle with vehicle collision,2,1,Going straight,na,No Casualty,na,Moving Backward,Slight Injury,Owner,5-10yrs,Normal,Not a Pedestrian,No Casualty
00:55:00,Sunday,31-50,Male,Above 10yr,Automobile,Office areas,Gravel roads,Wet or damp,Rain,Darkness - lights lit,Vehicle with vehicle collision,2,1,Other,na,No Casualty,na,No distancing,Slight Injury,Owner,5-10yrs,Normal,Not a Pedestrian,No Casualty
15:50:00,Friday,31-50,Male,Above 10yr,Public (12 seats),Residential areas,Asphalt roads,Dry,Normal,Daylight,Vehicle with vehicle collision,2,1,Going straight,Male,18-30,3,Overspeed,Slight Injury,Owner,Unknown,Normal,Not a Pedestrian,Slight Injury
15:50:00,Friday,18-30,Male,Above 10yr,Automobile,Other,Asphalt roads,Dry,Normal,Daylight,Vehicle with vehicle collision,2,1,Getting off,Male,31-50,3,No distancing,Slight Injury,Governmental,Unknown,Normal,Crossing from nearside - masked by parked or statioNot a Pedestrianry vehicle,Slight Injury
19:10:00,Friday,18-30,Male,Above 10yr,Automobile,Other,Asphalt roads,Wet or damp,Other,Daylight,Vehicle with vehicle collision,1,1,Going straight,Female,Under 18,3,Driving carelessly,Slight Injury,Governmental,Below 1yr,Normal,Crossing from nearside - masked by parked or statioNot a Pedestrianry vehicle,Slight Injury
11:04:00,Sunday,31-50,Male,1-2yr,Automobile,Other,Asphalt roads,Wet or damp,Rain,Daylight,Vehicle with vehicle collision,2,1,Going straight,na,No Casualty,na,No distancing,Slight Injury,Owner,Unknown,Normal,Not a Pedestrian,No Casualty
11:04:00,Sunday,31-50,Male,5-10yr,Lorry (41-100Q),School areas,Asphalt roads,Wet or damp,Rain,Daylight,Vehicle with vehicle collision,2,1,Going straight,Male,31-50,3,No distancing,Slight Injury,Owner,Unknown,Normal,Not a Pedestrian,Slight Injury