Time,Day_of_week,Age_band_of_driver,Sex_of_driver,Driving_experience,Type_of_vehicle,Area_accident_occured,Road_surface_type,Road_surface_conditions,Weather_conditions,Light_conditions,Type_of_collision,Number_of_vehicles_involved,Number_of_casualties,Vehicle_movement,Sex_of_casualty,Age_band_of_casualty,Casualty_severity,Cause_of_accident,Accident_severity,Owner_of_vehicle,Service_year_of_vehicle,Fitness_of_casuality,Pedestrian_movement,Casualty_severity_label
07:20:00,Monday,18-30,Male,2-5yr,Automobile,School areas,Asphalt roads,Dry,Normal,Daylight,Vehicle with vehicle collision,2,1,Going straight,Female,18-30,2,No distancing,Slight Injury,Owner,Unknown,No Casualty,Not a Pedestrian,Serious Injury
07:20:00,Monday,18-30,Male,2-5yr,Automobile,School areas,Asphalt roads,Dry,Normal,Daylight,Rollover,2,1,Turnover,na,No Casualty,na,Changing lane to the right,Slight Injury,Owner,2-5yrs,Normal,Not a Pedestrian,No Casualty
13:57:00,Tuesday,18-30,Male,5-10yr,Public (12 seats),Residential areas,Asphalt roads,Dry,Normal,Daylight,Vehicle with vehicle collision,3,1,Entering a junction,Male,18-30,3,No distancing,Slight Injury,Owner,Unknown,Normal,Not a Pedestrian,Slight Injury
13:57:00,Tuesday,18-30,Male,5-10yr,Taxi,Other,Asphalt roads,Dry,Normal,Daylight,Vehicle with vehicle collision,3,1,Entering a junction,na,No Casualty,na,No priority to vehicle,Slight Injury,Owner,Unknown,Normal,Not a Pedestrian,No Casualty
13:57:00,Tuesday,Over 51,Male,2-5yr,Automobile,Office areas,Asphalt roads,Dry,Normal,Daylight,Vehicle with vehicle collision,3,1,Entering a junction,Male,18-30,3,Changing lane to the left,Slight Injury,Owner,Unknown,Normal,Not a Pedestrian,Slight Injury
18:14:00,Thursday,31-50,Male,Above 10yr,Public (12 seats),Other,Asphalt roads,Dry,Normal,Daylight,Collision with roadside objects,2,1,Entering a junction,Female,Under 18,3,Moving Backward,Slight Injury,Owner,5-10yrs,Normal,Not a Pedestrian,Slight Injury
18:14:00,Thursday,18-30,Male,5-10yr,Stationwagen,School areas,Asphalt roads,Dry,Normal,Daylight,Vehicle with vehicle collision,2,1,Other,Male,18-30,3,Driving carelessly,Slight Injury,Owner,Above 10yr,Normal,Not a Pedestrian,Slight Injury
12:20:00,Thursday,18-30,Female,Above 10yr,Stationwagen,Other,Asphalt roads,Dry,Normal,Daylight,Vehicle with vehicle collision,1,1,Entering a junction,na,No Casualty,na,Changing lane to the left,Slight Injury,Owner,5-10yrs,Normal,Not a Pedestrian,No Casualty
14:20:00,Friday,18-30,Male,2-5yr,Automobile,Industrial areas,Asphalt roads,Dry,Normal,Daylight,Vehicle with vehicle collision,2,1,Turnover,na,No Casualty,na,No priority to pedestrian,Slight Injury,Owner,2-5yrs,Normal,Not a Pedestrian,No Casualty
14:20:00,Friday,18-30,Male,2-5yr,Lorry (41-100Q),Other,Gravel roads,Dry,Normal,Daylight,Collision with roadside objects,2,1,Entering a junction,Male,Over 51,3,No distancing,Slight Injury,Owner,2-5yrs,No Casualty,Not a Pedestrian,Slight Injury
15:20:00,Monday,18-30,Male,2-5yr,Automobile,Office areas,Asphalt roads,Dry,Normal,Daylight,Vehicle with vehicle collision,2,1,Entering a junction,na,No Casualty,na,No distancing,Slight Injury,Owner,Unknown,Normal,Not a Pedestrian,No Casualty
15:20:00,Monday,31-50,Male,1-2yr,Public (12 seats),Other,Asphalt roads,Dry,Normal,Daylight,Vehicle with vehicle collision,2,1,Entering a junction,Female,31-50,3,Overturning,Slight Injury,Owner,Unknown,Normal,Not a Pedestrian,Slight Injury
06:05:00,Tuesday,18-30,Male,5-10yr,Automobile,Other,Asphalt roads,Dry,Normal,Daylight,Vehicle with vehicle collision,2,1,Entering a junction,na,No Casualty,na,No distancing,Slight Injury,Owner,Unknown,Normal,Not a Pedestrian,No Casualty
06:05:00,Tuesday,18-30,Female,2-5yr,Automobile,Outside rural areas,Asphalt roads,Dry,Normal,Daylight,Vehicle with vehicle collision,2,1,Entering a junction,Female,31-50,3,Drunk driving,Slight Injury,Organization,Above 10yr,Normal,Not a Pedestrian,Slight Injury
11:19:00,Friday,18-30,Male,1-2yr,Lorry (41-100Q),Other,Earth roads,Dry,Normal,Daylight,Collision with roadside objects,1,1,Other,Female,31-50,3,Moving Backward,Slight Injury,Owner,Unknown,Normal,Unknown or other,Slight Injury
15:50:00,Friday,31-50,Male,1-2yr,Automobile,Residential areas,Asphalt roads,Dry,Normal,Daylight,Vehicle with vehicle collision,2,3,Going straight,Male,18-30,3,No priority to pedestrian,Slight Injury,Owner,Above 10yr,Normal,Not a Pedestrian,Slight Injury
15:50:00,Friday,31-50,Male,5-10yr,Motorcycle,Office areas,Asphalt roads,Dry,Normal,Daylight,Vehicle with vehicle collision,2,3,Going straight,na,No Casualty,na,Changing lane to the left,Slight Injury,Owner,Above 10yr,Normal,Not a Pedestrian,No Casualty
15:50:00,Friday,31-50,Male,5-10yr,Automobile,Office areas,Asphalt roads,Dry,Normal,Daylight,Vehicle with vehicle collision,2,3,Other,Male,Over 51,3,Changing lane to the left,Slight Injury,Owner,Unknown,Normal,Not a Pedestrian,Slight Injury
15:50:00,Friday,18-30,Male,1-2yr,Automobile,Hospital areas,Gravel roads,Dry,Normal,Daylight,Vehicle with vehicle collision,2,3,Going straight,na,No Casualty,na,Getting off the vehicle improperly,Slight Injury,Owner,2-5yrs,Normal,Not a Pedestrian,No Casualty
06:41:00,Thursday,31-50,Male,2-5yr,Automobile,Industrial areas,Asphalt roads,Dry,Normal,Daylight,Vehicle with vehicle collision,2,3,Going straight,na,No Casualty,na,No distancing,Slight Injury,Owner,Unknown,No Casualty,Not a Pedestrian,No Casualty
06:41:00,Thursday,18-30,Male,5-10yr,Automobile,Other,Asphalt roads,Dry,Normal,Daylight,Collision with pedestrians,2,3,Going straight,Male,Over 51,3,Changing lane to the right,Slight Injury,Owner,2-5yrs,Normal,Not a Pedestrian,Slight Injury
06:41:00,Thursday,18-30,Male,5-10yr,Public (> 45 seats),Office areas,Asphalt roads,Dry,Normal,Daylight,Vehicle with vehicle collision,2,3,Going straight,Male,31-50,3,Changing lane to the right,Slight Injury,Owner,Unknown,Normal,Not a Pedestrian,Slight Injury
02:17:00,Friday,31-50,Male,5-10yr,Automobile,Office areas,Earth roads,Dry,Normal,Darkness - lights lit,Vehicle with vehicle collision,2,1,Going straight,Female,Under 18,3,Moving Backward,Slight Injury,Owner,Unknown,Normal,Not a Pedestrian,Slight Injury
02:17:00,Friday,18-30,Male,2-5yr,Automobile,Residential areas,Asphalt roads,Dry,Normal,Darkness - lights lit,Collision with roadside objects,2,1,Reversing,Male,Over 51,3,Overspeed,Slight Injury,Owner,Unknown,Normal,Not a Pedestrian,Slight Injury
20:00:00,Friday,18-30,Male,Above 10yr,Automobile,Residential areas,Asphalt roads,Dry,Normal,Daylight,Vehicle with vehicle collision,2,1,Moving Backward,Male,Under 18,3,Changing lane to the left,Slight Injury,Owner,Unknown,Normal,Not a Pedestrian,Slight Injury
20:00:00,Friday,18-30,Male,Above 10yr,Other,School areas,Asphalt roads,Dry,Normal,Daylight,Vehicle with vehicle collision,2,1,Overtaking,na,No Casualty,na,Changing lane to the right,Slight Injury,Owner,Unknown,Normal,Not a Pedestrian,No Casualty
20:03:00,Friday,31-50,Male,5-10yr,Stationwagen,Other,Asphalt roads,Dry,Normal,Daylight,Collision with pedestrians,2,3,Going straight,na,No Casualty,na,No distancing,Slight Injury,Governmental,Unknown,Normal,Not a Pedestrian,No Casualty
20:03:00,Friday,31-50,Male,Above 10yr,Lorry (41-100Q),Market areas,Asphalt roads,Dry,Normal,Daylight,Vehicle with vehicle collision,2,3,Going straight,Male,18-30,3,Changing lane to the right,Slight Injury,Governmental,Unknown,Normal,Not a Pedestrian,Slight Injury
20:03:00,Friday,31-50,Male,5-10yr,Taxi,Office areas,Earth roads,Dry,Normal,Daylight,Vehicle with vehicle collision,2,3,Going straight,Male,31-50,3,Changing lane to the right,Slight Injury,Owner,Unknown,Normal,Not a Pedestrian,Slight Injury
06:45:00,Friday,18-30,Male,5-10yr,Other,Church areas,Asphalt roads,Dry,Normal,Daylight,Collision with pedestrians,3,2,Going straight,Male,18-30,3,No distancing,Slight Injury,Owner,Unknown,Normal,Not a Pedestrian,Slight Injury
06:45:00,Friday,18-30,Male,Above 10yr,Public (12 seats),Church areas,Asphalt roads,Dry,Normal,Daylight,Collision with pedestrians,3,2,Going straight,Male,18-30,3,Changing lane to the right,Slight Injury,Governmental,Unknown,Normal,Not a Pedestrian,Slight Injury
06:45:00,Friday,18-30,Male,Above 10yr,Automobile,Residential areas,Asphalt roads,Dry,Normal,Daylight,Collision with pedestrians,3,2,Going straight,na,No Casualty,na,Driving carelessly,Slight Injury,Owner,Unknown,Normal,Not a Pedestrian,No Casualty
06:45:00,Friday,18-30,Male,5-10yr,Automobile,Residential areas,Asphalt roads,Dry,Normal,Daylight,Collision with roadside objects,3,2,Going straight,Male,Under 18,3,Driving carelessly,Slight Injury,Owner,Above 10yr,Normal,Not a Pedestrian,Slight Injury
15:36:00,Friday,18-30,Male,5-10yr,Public (13-45 seats),Residential areas,Asphalt roads,Dry,Normal,Daylight,Vehicle with vehicle collision,2,1,Reversing,Male,18-30,2,Changing lane to the right,Slight Injury,Owner,Unknown,Normal,Not a Pedestrian,Serious Injury
15:36:00,Friday,31-50,Male,Above 10yr,Lorry (41-100Q),Residential areas,Asphalt roads,Dry,Normal,Daylight,Vehicle with vehicle collision,2,1,Going straight,na,No Casualty,na,Overturning,Slight Injury,Owner,Above 10yr,No Casualty,Not a Pedestrian,No Casualty
16:20:00,Friday,18-30,Male,Below 1yr,Lorry (41-100Q),Other,Asphalt roads,Dry,Normal,Daylight,Vehicle with vehicle collision,2,1,Going straight,Male,18-30,3,Changing lane to the right,Slight Injury,Owner,1-2yr,Normal,Not a Pedestrian,Slight Injury
16:20:00,Friday,18-30,Male,2-5yr,Lorry (11-40Q),Other,Asphalt roads,Dry,Normal,Daylight,Vehicle with vehicle collision,2,1,Other,na,No Casualty,na,Moving Backward,Slight Injury,Owner,Unknown,Normal,Not a Pedestrian,No Casualty
12:03:00,Sunday,31-50,Male,2-5yr,Motorcycle,Residential areas,Asphalt roads,Dry,Normal,Daylight,Vehicle with vehicle collision,2,3,Entering a junction,na,No Casualty,na,No distancing,Slight Injury,Owner,2-5yrs,No Casualty,Not a Pedestrian,No Casualty
12:03:00,Sunday,Over 51,Male,5-10yr,Lorry (41-100Q),Other,Asphalt roads,Dry,Normal,Daylight,Vehicle with vehicle collision,2,3,Turnover,na,No Casualty,na,Overturning,Slight Injury,Owner,Unknown,Normal,Not a Pedestrian,No Casualty
12:03:00,Sunday,Over 51,Male,5-10yr,Stationwagen,Church areas,Asphalt roads,Dry,Normal,Daylight,Collision with pedestrians,2,3,Going straight,Male,31-50,3,Driving carelessly,Slight Injury,Owner,Unknown,Normal,Not a Pedestrian,Slight Injury
07:40:00,Friday,31-50,Male,Below 1yr,Automobile,Other,Earth roads,Dry,Normal,Daylight,Collision with roadside objects,2,1,Going straight,Male,18-30,3,Changing lane to the right,Slight Injury,Owner,Unknown,Normal,Crossing from nearside - masked by parked or statioNot a Pedestrianry vehicle,Slight Injury
07:40:00,Friday,Over 51,Male,Above 10yr,Other,Office areas,Asphalt roads,Dry,Normal,Daylight,Vehicle with vehicle collision,2,1,Going straight,na,No Casualty,na,Overspeed,Slight Injury,Owner,Unknown,Normal,Not a Pedestrian,No Casualty
04:57:00,Monday,18-30,Male,Below 1yr,Other,Office areas,Asphalt roads,Dry,Normal,Daylight,Vehicle with vehicle collision,1,1,Going straight,Female,31-50,3,Changing lane to the left,Slight Injury,Owner,2-5yrs,Normal,Not a Pedestrian,Slight Injury
07:03:00,Monday,Under 18,Male,5-10yr,Taxi,Residential areas,Asphalt roads,Dry,Normal,Daylight,Vehicle with vehicle collision,2,1,Going straight,na,No Casualty,na,Driving carelessly,Slight Injury,Owner,Unknown,Normal,Not a Pedestrian,No Casualty
07:03:00,Monday,18-30,Male,5-10yr,Automobile,Other,Asphalt roads,Dry,Normal,Daylight,Vehicle with vehicle collision,2,1,Going straight,Male,31-50,3,No distancing,Slight Injury,Owner,Unknown,Normal,Not a Pedestrian,Slight Injury
17:28:00,Tuesday,18-30,Male,5-10yr,Long lorry,Industrial areas,Other,Dry,Normal,Daylight,With Train,2,1,Going straight,Male,18-30,3,Moving Backward,Serious Injury,Owner,Above 10yr,Normal,Not a Pedestrian,Slight Injury
17:28:00,Tuesday,18-30,Male,1-2yr,Long lorry,Office areas,Gravel roads,Dry,Normal,Daylight,Vehicle with vehicle collision,2,1,Going straight,na,No Casualty,na,No priority to pedestrian,Serious Injury,Owner,Unknown,No Casualty,Not a Pedestrian,No Casualty
13:00:00,Wednesday,18-30,Male,5-10yr,Lorry (41-100Q),Recreational areas,Gravel roads,Dry,Normal,Daylight,Vehicle with vehicle collision,1,1,Getting off,na,No Casualty,na,Moving Backward,Slight Injury,Organization,Unknown,Normal,Not a Pedestrian,No Casualty
01:30:00,Monday,18-30,Male,5-10yr,Lorry (41-100Q),Residential areas,Asphalt roads,Dry,Normal,Darkness - lights lit,Vehicle with vehicle collision,3,2,Getting off,Male,18-30,3,Changing lane to the right,Slight Injury,Owner,1-2yr,Normal,Not a Pedestrian,Slight Injury
01:30:00,Monday,18-30,Male,5-10yr,Lorry (11-40Q),Residential areas,Asphalt roads,Dry,Normal,Darkness - lights lit,Vehicle with vehicle collision,3,2,Getting off,Male,Under 18,3,No distancing,Slight Injury,Owner,Above 10yr,Normal,Not a Pedestrian,Slight Injury
01:30:00,Monday,18-30,Male,5-10yr,Automobile,Church areas,Earth roads,Dry,Normal,Darkness - lights lit,Vehicle with vehicle collision,3,2,Moving Backward,na,No Casualty,na,Drunk driving,Slight Injury,Owner,5-10yrs,Normal,Not a Pedestrian,No Casualty
01:30:00,Monday,18-30,Male,Above 10yr,Taxi,Residential areas,Asphalt roads,Dry,Normal,Darkness - lights lit,Vehicle with vehicle collision,3,2,Going straight,na,No Casualty,na,Changing lane to the right,Slight Injury,Owner,5-10yrs,No Casualty,Not a Pedestrian,No Casualty
01:30:00,Monday,18-30,Male,5-10yr,Other,Other,Asphalt roads,Dry,Normal,Darkness - lights lit,Vehicle with vehicle collision,3,2,Going straight,Male,18-30,3,Driving carelessly,Slight Injury,Owner,Unknown,Normal,Not a Pedestrian,Slight Injury
01:30:00,Monday,18-30,Male,5-10yr,Automobile,Other,Asphalt roads,Dry,Normal,Darkness - lights lit,Vehicle with vehicle collision,3,2,Waiting to go,na,No Casualty,na,Driving to the left,Slight Injury,Owner,5-10yrs,Normal,Not a Pedestrian,No Casualty
19:45:00,Friday,Over 51,Male,Below 1yr,Automobile,Other,Asphalt roads,Dry,Normal,Daylight,Vehicle with vehicle collision,2,1,Going straight,Male,31-50,3,Changing lane to the right,Slight Injury,Owner,Unknown,No Casualty,Not a Pedestrian,Slight Injury
19:45:00,Friday,18-30,Male,5-10yr,Automobile,Church areas,Earth roads,Dry,Normal,Daylight,Collision with pedestrians,2,1,Other,Female,18-30,2,Changing lane to the right,Slight Injury,Owner,Unknown,Normal,Not a Pedestrian,Serious Injury
16:12:00,Friday,18-30,Male,5-10yr,Automobile,Other,Asphalt roads,Dry,Normal,Daylight,Collision with roadside objects,2,1,Going straight,Male,Under 18,3,Driving carelessly,Slight Injury,Governmental,Unknown,No Casualty,Not a Pedestrian,Slight Injury
16:12:00,Friday,18-30,Male,5-10yr,Public (> 45 seats),Church areas,Asphalt roads,Dry,Normal,Daylight,Collision with roadside objects,2,1,Going straight,Male,18-30,3,Changing lane to the left,Slight Injury,Owner,Unknown,Normal,Not a Pedestrian,Slight Injury
16:46:00,Wednesday,31-50,Male,5-10yr,Lorry (11-40Q),Church areas,Asphalt roads,Dry,Normal,Daylight,Vehicle with vehicle collision,2,1,Going straight,na,No Casualty,na,No priority to vehicle,Slight Injury,Owner,Unknown,Normal,Not a Pedestrian,No Casualty
16:46:00,Wednesday,31-50,Male,5-10yr,Lorry (41-100Q),Other,Asphalt roads,Dry,Normal,Daylight,Vehicle with vehicle collision,2,1,Going straight,na,No Casualty,na,Driving carelessly,Slight Injury,Owner,Above 10yr,Normal,Not a Pedestrian,No Casualty
16:46:00,Wednesday,31-50,Male,2-5yr,Lorry (41-100Q),Other,Asphalt roads,Dry,Normal,Daylight,Vehicle with vehicle collision,2,1,Overtaking,Male,18-30,3,Changing lane to the right,Slight Injury,Governmental,5-10yrs,Normal,Not a Pedestrian,Slight Injury
16:46:00,Wednesday,31-50,Male,5-10yr,Stationwagen,School areas,Asphalt roads,Dry,Normal,Daylight,Vehicle with vehicle collision,2,1,Going straight,Male,31-50,2,Driving carelessly,Slight Injury,Owner,5-10yrs,Normal,Not a Pedestrian,Serious Injury
17:15:00,Monday,18-30,Female,Above 10yr,Other,Residential areas,Asphalt roads,Dry,Unknown,Daylight,Vehicle with vehicle collision,2,1,Going straight,Male,18-30,3,Driving under the influence of drugs,Slight Injury,Owner,Above 10yr,Normal,Not a Pedestrian,Slight Injury
17:15:00,Monday,31-50,Male,1-2yr,Automobile,Other,Asphalt roads,Dry,Unknown,Daylight,Collision with roadside objects,2,1,Going straight,na,No Casualty,na,No distancing,Slight Injury,Owner,1-2yr,No Casualty,Not a Pedestrian,No Casualty
13:40:00,Sunday,18-30,Male,Below 1yr,Pick up upto 10Q,Office areas,Asphalt roads,Dry,Normal,Daylight,Vehicle with vehicle collision,2,1,Turnover,Male,31-50,3,Changing lane to the left,Slight Injury,Owner,Above 10yr,Normal,Not a Pedestrian,Slight Injury
13:40:00,Sunday,18-30,Male,1-2yr,Motorcycle,Residential areas,Asphalt roads,Dry,Normal,Daylight,Vehicle with vehicle collision,2,1,Going straight,na,No Casualty,na,No priority to vehicle,Slight Injury,Owner,Above 10yr,Normal,Not a Pedestrian,No Casualty
18:10:00,Wednesday,18-30,Male,5-10yr,Automobile,Other,Earth roads,Dry,Unknown,Daylight,Vehicle with vehicle collision,2,1,Going straight,na,No Casualty,na,Moving Backward,Slight Injury,Owner,Above 10yr,No Casualty,Not a Pedestrian,No Casualty
18:10:00,Wednesday,31-50,Male,Above 10yr,Pick up upto 10Q,Residential areas,Asphalt roads,Dry,Unknown,Daylight,Vehicle with vehicle collision,2,1,Getting off,Male,31-50,3,Moving Backward,Slight Injury,Owner,Above 10yr,Normal,Not a Pedestrian,Slight Injury
02:20:00,Friday,31-50,Male,5-10yr,Motorcycle,Residential areas,Asphalt roads,Wet or damp,Normal,Darkness - lights lit,Vehicle with vehicle collision,2,1,Moving Backward,Male,18-30,3,No distancing,Serious Injury,Owner,5-10yrs,Normal,Not a Pedestrian,Slight Injury
02:20:00,Friday,31-50,Male,2-5yr,Stationwagen,Residential areas,Asphalt roads,Wet or damp,Normal,Darkness - lights lit,Vehicle with vehicle collision,2,1,Getting off,na,No Casualty,na,Changing lane to the right,Serious Injury,Owner,Unknown,No Casualty,Not a Pedestrian,No Casualty
13:50:00,Monday,31-50,Male,2-5yr,Lorry (41-100Q),Other,Asphalt roads,Dry,Normal,Daylight,Collision with pedestrians,2,1,Overtaking,na,No Casualty,na,Changing lane to the right,Slight Injury,Owner,1-2yr,Normal,Not a Pedestrian,No Casualty
13:50:00,Monday,18-30,Male,Above 10yr,Taxi,Other,Earth roads,Dry,Normal,Daylight,Collision with pedestrians,2,1,Going straight,Male,31-50,3,Moving Backward,Slight Injury,Owner,5-10yrs,Normal,Not a Pedestrian,Slight Injury
00:17:00,Sunday,31-50,Male,2-5yr,Automobile,Other,Asphalt roads,Dry,Normal,Darkness - lights lit,Collision with roadside objects,2,2,Going straight,na,No Casualty,na,Driving carelessly,Slight Injury,Owner,5-10yrs,Normal,Not a Pedestrian,No Casualty
00:17:00,Sunday,31-50,Male,Below 1yr,Long lorry,Hospital areas,Asphalt roads,Dry,Normal,Darkness - lights lit,Collision with pedestrians,2,2,Going straight,Female,18-30,3,Driving under the influence of drugs,Slight Injury,Owner,1-2yr,Normal,Not a Pedestrian,Slight Injury
00:17:00,Sunday,Under 18,Male,2-5yr,Automobile,Residential areas,Asphalt roads,Dry,Normal,Darkness - lights lit,Vehicle with vehicle collision,2,2,Reversing,Male,31-50,3,No distancing,Slight Injury,Owner,2-5yrs,Normal,Not a Pedestrian,Slight Injury
17:30:00,Wednesday,18-30,Male,Above 10yr,Public (12 seats),Residential areas,Asphalt roads,Dry,Normal,Daylight,Vehicle with vehicle collision,2,1,Getting off,Male,Under 18,3,No distancing,Slight Injury,Owner,5-10yrs,Normal,Not a Pedestrian,Slight Injury
17:30:00,Wednesday,18-30,Male,2-5yr,Lorry (11-40Q),Residential areas,Asphalt roads,Dry,Normal,Daylight,Vehicle with vehicle collision,2,1,Going straight,Male,Under 18,3,No priority to vehicle,Slight Injury,Owner,5-10yrs,Normal,Crossing from nearside - masked by parked or statioNot a Pedestrianry vehicle,Slight Injury
18:03:00,Wednesday,18-30,Female,Above 10yr,Pick up upto 10Q,Other,Asphalt roads,Dry,Normal,Daylight,Collision with roadside objects,2,2,Going straight,Male,18-30,3,Driving to the left,Slight Injury,Owner,1-2yr,No Casualty,Not a Pedestrian,Slight Injury
18:03:00,Wednesday,18-30,Male,Above 10yr,Lorry (41-100Q),Office areas,Asphalt roads,Dry,Normal,Daylight,Collision with roadside objects,2,2,Going straight,na,No Casualty,na,No priority to vehicle,Slight Injury,Owner,1-2yr,Normal,Not a Pedestrian,No Casualty
18:03:00,Wednesday,18-30,Male,Above 10yr,Other,Other,Asphalt roads,Dry,Normal,Daylight,Vehicle with vehicle collision,2,2,Reversing,Male,Over 51,2,No priority to vehicle,Slight Injury,Owner,2-5yrs,Normal,Not a Pedestrian,Serious Injury
16:50:00,Thursday,18-30,Male,Above 10yr,Automobile,Office areas,Other,Dry,Normal,Daylight,Vehicle with vehicle collision,2,1,Going straight,na,No Casualty,na,No priority to vehicle,Serious Injury,Owner,Unknown,Normal,Not a Pedestrian,No Casualty
16:50:00,Thursday,31-50,Male,Below 1yr,Long lorry,Residential areas,Asphalt roads,Dry,Normal,Daylight,Vehicle with vehicle collision,2,1,Stopping,Female,18-30,3,No distancing,Serious Injury,Owner,Unknown,Normal,Not a Pedestrian,Slight Injury
21:18:00,Monday,18-30,Male,5-10yr,Lorry (11-40Q),Office areas,Asphalt roads,Dry,Normal,Darkness - lights lit,Vehicle with vehicle collision,1,1,Overtaking,na,No Casualty,na,Moving Backward,Slight Injury,Owner,Unknown,Normal,Not a Pedestrian,No Casualty
18:10:00,Friday,18-30,Male,2-5yr,Long lorry,Office areas,Asphalt roads,Wet or damp,Rain,Daylight,Vehicle with vehicle collision,1,1,Going straight,Male,31-50,3,Changing lane to the right,Slight Injury,Owner,Unknown,Normal,Not a Pedestrian,Slight Injury
10:20:00,Sunday,31-50,Male,Above 10yr,Automobile,Other,Asphalt roads,Dry,Unknown,Daylight,Vehicle with vehicle collision,2,1,Reversing,Female,Over 51,3,Driving carelessly,Slight Injury,Organization,Unknown,Normal,Not a Pedestrian,Slight Injury
10:20:00,Sunday,18-30,Male,Below 1yr,Taxi,Office areas,Asphalt roads,Dry,Unknown,Daylight,Vehicle with vehicle collision,2,1,Going straight,Female,31-50,3,Changing lane to the left,Slight Injury,Owner,Unknown,Normal,Not a Pedestrian,Slight Injury
21:00:00,Friday,Under 18,Male,2-5yr,Taxi,Office areas,Asphalt roads,Dry,Normal,Darkness - lights lit,Vehicle with vehicle collision,4,1,Going straight,Male,18-30,3,No distancing,Slight Injury,Owner,Unknown,Normal,Not a Pedestrian,Slight Injury
21:00:00,Friday,18-30,Male,Above 10yr,Long lorry,Office areas,Asphalt roads,Dry,Normal,Darkness - lights lit,Vehicle with vehicle collision,4,1,Reversing,na,No Casualty,na,Changing lane to the right,Slight Injury,Governmental,Unknown,No Casualty,Not a Pedestrian,No Casualty
21:00:00,Friday,31-50,Male,2-5yr,Lorry (11-40Q),Other,Earth roads,Dry,Normal,Darkness - lights lit,Collision with roadside objects,4,1,Going straight,Male,18-30,3,Driving under the influence of drugs,Slight Injury,Owner,Unknown,Normal,Not a Pedestrian,Slight Injury
21:00:00,Friday,31-50,Male,2-5yr,Lorry (11-40Q),Residential areas,Asphalt roads,Dry,Normal,Darkness - lights lit,Collision with roadside objects,4,1,Waiting to go,na,No Casualty,na,No distancing,Slight Injury,Owner,Unknown,Normal,Not a Pedestrian,No Casualty
18:00:00,Friday,Under 18,Male,2-5yr,Long lorry,Residential areas,Asphalt roads,Dry,Normal,Daylight,Collision with pedestrians,2,1,Going straight,Female,18-30,3,Overturning,Serious Injury,Owner,2-5yrs,No Casualty,Not a Pedestrian,Slight Injury
18:00:00,Friday,18-30,Male,1-2yr,Turbo,Church areas,Asphalt roads,Dry,Normal,Daylight,Vehicle with vehicle collision,2,1,Going straight,na,No Casualty,na,No distancing,Serious Injury,Owner,5-10yrs,Normal,Not a Pedestrian,No Casualty
17:00:00,Thursday,18-30,Male,5-10yr,Long lorry,Other,Asphalt roads,Dry,Normal,Daylight,Vehicle with vehicle collision,2,1,Going straight,Male,31-50,3,Changing lane to the right,Slight Injury,Owner,5-10yrs,Normal,Not a Pedestrian,Slight Injury
17:00:00,Thursday,18-30,Male,2-5yr,Long lorry,Residential areas,Asphalt roads,Dry,Normal,Daylight,Vehicle with vehicle collision,2,1,Going straight,na,No Casualty,na,No priority to vehicle,Slight Injury,Owner,Unknown,Normal,Not a Pedestrian,No Casualty
18:53:00,Tuesday,18-30,Female,1-2yr,Public (13-45 seats),Other,Asphalt roads,Dry,Normal,Daylight,Vehicle with vehicle collision,3,1,Getting off,Female,18-30,3,Changing lane to the right,Slight Injury,Owner,2-5yrs,Normal,Not a Pedestrian,Slight Injury
18:53:00,Tuesday,31-50,Male,1-2yr,Automobile,Residential areas,Asphalt roads,Dry,Normal,Daylight,Vehicle with vehicle collision,3,1,Going straight,na,No Casualty,na,Changing lane to the left,Slight Injury,Owner,2-5yrs,Normal,Not a Pedestrian,No Casualty
18:53:00,Tuesday,18-30,Male,5-10yr,Automobile,Residential areas,Asphalt roads,Dry,Normal,Daylight,Vehicle with vehicle collision,3,1,Going straight,Male,31-50,3,No distancing,Slight Injury,Owner,2-5yrs,Normal,Not a Pedestrian,Slight Injury
13:19:00,Friday,18-30,Female,5-10yr,Pick up upto 10Q,Other,Asphalt roads,Dry,Normal,Daylight,Vehicle with vehicle collision,2,1,Going straight,Female,18-30,3,No priority to pedestrian,Slight Injury,Owner,5-10yrs,Normal,Not a Pedestrian,Slight Injury
13:19:00,Friday,31-50,Male,1-2yr,Automobile,Other,Asphalt roads,Dry,Normal,Daylight,Vehicle with vehicle collision,2,1,Reversing,Male,Over 51,3,Driving carelessly,Slight Injury,Owner,Unknown,Normal,Not a Pedestrian,Slight Injury
10:10:00,Friday,18-30,Male,2-5yr,Stationwagen,Other,Asphalt roads,Dry,Normal,Daylight,Vehicle with vehicle collision,2,2,Turnover,na,No Casualty,na,No distancing,Slight Injury,Owner,Unknown,Normal,Not a Pedestrian,No Casualty
10:10:00,Friday,18-30,Male,5-10yr,Automobile,Other,Asphalt roads,Dry,Normal,Daylight,Collision with pedestrians,2,2,Going straight,Male,18-30,3,Driving carelessly,Slight Injury,Owner,Unknown,Normal,Not a Pedestrian,Slight Injury
21:55:00,Sunday,18-30,Male,5-10yr,Automobile,Residential areas,Asphalt roads,Dry,Normal,Darkness - lights lit,Collision with pedestrians,2,1,Going straight,Female,Over 51,3,Driving carelessly,Slight Injury,Owner,Unknown,No Casualty,Not a Pedestrian,Slight Injury
21:55:00,Sunday,18-30,Male,5-10yr,Automobile,Recreational areas,Asphalt roads,Dry,Normal,Darkness - lights lit,Vehicle with vehicle collision,2,1,Going straight,na,No Casualty,na,Moving Backward,Slight Injury,Owner,2-5yrs,Normal,Not a Pedestrian,No Casualty