Time,Day_of_week,Age_band_of_driver,Sex_of_driver,Driving_experience,Type_of_vehicle,Area_accident_occured,Road_surface_type,Road_surface_conditions,Weather_conditions,Light_conditions,Type_of_collision,Number_of_vehicles_involved,Number_of_casualties,Vehicle_movement,Sex_of_casualty,Age_band_of_casualty,Casualty_severity,Cause_of_accident,Accident_severity,Owner_of_vehicle,Service_year_of_vehicle,Fitness_of_casuality,Pedestrian_movement,Casualty_severity_label
21:37:00,Monday,18-30,Male,2-5yr,Long lorry,Other,Asphalt roads,Dry,Normal,Darkness - lights lit,Vehicle with vehicle collision,1,2,Going straight,Female,18-30,3,Overtaking,Slight Injury,Owner,Unknown,No Casualty,Not a Pedestrian,Slight Injury
21:37:00,Monday,18-30,Male,Above 10yr,Public (13-45 seats),Office areas,Earth roads,Dry,Normal,Darkness - lights lit,Vehicle with vehicle collision,1,2,Getting off,Female,31-50,3,No priority to vehicle,Slight Injury,Owner,Unknown,Normal,Not a Pedestrian,Slight Injury
08:20:00,Wednesday,18-30,Male,Above 10yr,Public (13-45 seats),Other,Asphalt roads,Dry,Normal,Daylight,Vehicle with vehicle collision,2,1,Going straight,na,No Casualty,na,No priority to vehicle,Slight Injury,Owner,Unknown,Normal,Not a Pedestrian,No Casualty
08:20:00,Wednesday,18-30,Male,5-10yr,Lorry (11-40Q),Office areas,Asphalt roads,Dry,Normal,Daylight,Vehicle with vehicle collision,2,1,Going straight,Female,31-50,3,Changing lane to the left,Slight Injury,Owner,Unknown,Normal,Unknown or other,Slight Injury
16:49:00,Wednesday,18-30,Male,Above 10yr,Lorry (11-40Q),Office areas,Asphalt roads,Wet or damp,Rain,Daylight,Vehicle with vehicle collision,2,1,Going straight,na,No Casualty,na,No priority to vehicle,Slight Injury,Owner,Unknown,Normal,Not a Pedestrian,No Casualty
16:49:00,Wednesday,31-50,Male,5-10yr,Pick up upto 10Q,Office areas,Asphalt roads,Wet or damp,Rain,Daylight,Vehicle with vehicle collision,2,1,Going straight,Male,31-50,3,No distancing,Slight Injury,Owner,Unknown,No Casualty,Not a Pedestrian,Slight Injury
13:01:00,Thursday,18-30,Male,5-10yr,Automobile,Other,Asphalt roads,Dry,Normal,Daylight,Vehicle with vehicle collision,2,1,Going straight,Female,Under 18,3,Moving Backward,Slight Injury,Owner,Unknown,Normal,Not a Pedestrian,Slight Injury
13:01:00,Thursday,31-50,Male,Above 10yr,Automobile,Other,Asphalt roads,Dry,Normal,Daylight,Vehicle with vehicle collision,2,1,Going straight,Female,Over 51,3,Changing lane to the right,Slight Injury,Governmental,Unknown,No Casualty,Not a Pedestrian,Slight Injury
13:10:00,Tuesday,Over 51,Male,Above 10yr,Automobile,Office areas,Asphalt roads,Dry,Normal,Daylight,Vehicle with vehicle collision,2,1,Going straight,na,No Casualty,na,No distancing,Slight Injury,Owner,Unknown,No Casualty,Not a Pedestrian,No Casualty
13:10:00,Tuesday,31-50,Male,5-10yr,Long lorry,Residential areas,Asphalt roads,Dry,Normal,Daylight,Vehicle with vehicle collision,2,1,Going straight,Female,18-30,3,Overtaking,Slight Injury,Owner,Unknown,No Casualty,Not a Pedestrian,Slight Injury
15:43:00,Monday,Over 51,Male,5-10yr,Long lorry,Recreational areas,Asphalt roads,Dry,Normal,Daylight,Vehicle with vehicle collision,2,3,Going straight,na,No Casualty,na,No distancing,Serious Injury,Governmental,2-5yrs,No Casualty,Not a Pedestrian,No Casualty
15:43:00,Monday,Over 51,Male,Above 10yr,Automobile,Other,Asphalt roads,Dry,Normal,Daylight,Vehicle with vehicle collision,2,3,Going straight,Male,31-50,3,Changing lane to the left,Serious Injury,Owner,1-2yr,Normal,Not a Pedestrian,Slight Injury
15:43:00,Monday,Over 51,Male,Below 1yr,Stationwagen,Residential areas,Asphalt roads,Dry,Normal,Daylight,Vehicle with vehicle collision,2,3,Reversing,Male,31-50,3,Driving under the influence of drugs,Serious Injury,Owner,Above 10yr,Normal,Unknown or other,Slight Injury
15:43:00,Monday,18-30,Female,2-5yr,Automobile,Other,Gravel roads,Dry,Normal,Daylight,Vehicle with vehicle collision,2,3,Going straight,na,No Casualty,na,No distancing,Serious Injury,Owner,Unknown,Normal,Not a Pedestrian,No Casualty
15:32:00,Friday,Over 51,Male,2-5yr,Other,Other,Asphalt roads,Wet or damp,Other,Daylight,Vehicle with vehicle collision,1,1,Turnover,Female,31-50,3,No distancing,Serious Injury,Owner,Unknown,Normal,Not a Pedestrian,Slight Injury
20:11:00,Friday,31-50,Male,5-10yr,Special vehicle,Other,Asphalt roads,Dry,Normal,Daylight,Vehicle with vehicle collision,2,2,Going straight,na,No Casualty,na,Changing lane to the right,Serious Injury,Owner,5-10yrs,No Casualty,Not a Pedestrian,No Casualty
20:11:00,Friday,31-50,Male,5-10yr,Lorry (41-100Q),Other,Asphalt roads,Dry,Normal,Daylight,Vehicle with vehicle collision,2,2,Going straight,Female,Under 18,3,Changing lane to the left,Serious Injury,Owner,Unknown,Normal,Not a Pedestrian,Slight Injury
10:30:00,Monday,18-30,Female,Below 1yr,Pick up upto 10Q,Other,Asphalt roads,Dry,Normal,Daylight,Vehicle with vehicle collision,2,1,Going straight,Male,31-50,3,Moving Backward,Slight Injury,Owner,2-5yrs,Normal,Not a Pedestrian,Slight Injury
10:30:00,Monday,31-50,Male,Above 10yr,Lorry (11-40Q),School areas,Asphalt roads,Dry,Normal,Daylight,Vehicle with vehicle collision,2,1,Going straight,na,No Casualty,na,No distancing,Slight Injury,Owner,Unknown,Normal,Not a Pedestrian,No Casualty
17:46:00,Friday,18-30,Male,Below 1yr,Lorry (41-100Q),Office areas,Asphalt roads,Wet or damp,Rain,Daylight,Vehicle with vehicle collision,2,2,Reversing,Female,31-50,3,No distancing,Slight Injury,Owner,Unknown,Normal,Not a Pedestrian,Slight Injury
17:46:00,Friday,31-50,Male,5-10yr,Motorcycle,Office areas,Asphalt roads,Wet or damp,Rain,Daylight,Collision with roadside objects,2,2,Going straight,Male,Under 18,3,Driving carelessly,Slight Injury,Owner,Unknown,No Casualty,Not a Pedestrian,Slight Injury
17:46:00,Friday,31-50,Male,5-10yr,Automobile,Office areas,Asphalt roads,Wet or damp,Rain,Daylight,Collision with roadside objects,2,2,Turnover,Female,18-30,3,Moving Backward,Slight Injury,Owner,5-10yrs,Normal,Not a Pedestrian,Slight Injury
07:28:00,Wednesday,31-50,Male,5-10yr,Automobile,School areas,Asphalt roads,Dry,Normal,Daylight,Vehicle with vehicle collision,2,1,Going straight,Female,31-50,3,No distancing,Slight Injury,Owner,Unknown,Normal,Not a Pedestrian,Slight Injury
07:28:00,Wednesday,18-30,Male,1-2yr,Automobile,School areas,Asphalt roads,Dry,Normal,Daylight,Vehicle with vehicle collision,2,1,Going straight,na,No Casualty,na,Changing lane to the right,Slight Injury,Governmental,Unknown,No Casualty,Not a Pedestrian,No Casualty
18:15:00,Friday,18-30,Male,5-10yr,Stationwagen,Office areas,Asphalt roads,Dry,Normal,Daylight,Vehicle with vehicle collision,2,1,Going straight,Male,Under 18,3,Driving carelessly,Serious Injury,Owner,Unknown,Normal,Not a Pedestrian,Slight Injury
18:15:00,Friday,31-50,Male,5-10yr,Automobile,Office areas,Asphalt roads,Dry,Normal,Daylight,Vehicle with vehicle collision,2,1,Going straight,Male,Over 51,3,Driving to the left,Serious Injury,Owner,Unknown,Normal,Not a Pedestrian,Slight Injury
22:34:00,Wednesday,18-30,Male,5-10yr,Public (> 45 seats),School areas,Asphalt roads,Wet or damp,Rain,Darkness - lights lit,Collision with roadside objects,1,1,Going straight,na,No Casualty,na,Changing lane to the right,Slight Injury,Governmental,Above 10yr,Normal,Not a Pedestrian,No Casualty
13:15:00,Monday,Under 18,Male,5-10yr,Public (> 45 seats),Other,Asphalt roads,Dry,Normal,Daylight,Vehicle with vehicle collision,3,1,Getting off,Male,31-50,3,Driving carelessly,Slight Injury,Owner,1-2yr,Normal,Not a Pedestrian,Slight Injury
13:15:00,Monday,Over 51,Male,Above 10yr,Stationwagen,Other,Asphalt roads,Dry,Normal,Daylight,Collision with roadside objects,3,1,Moving Backward,na,No Casualty,na,Changing lane to the right,Slight Injury,Owner,Above 10yr,Normal,Not a Pedestrian,No Casualty
13:15:00,Monday,18-30,Male,5-10yr,Automobile,Other,Asphalt roads,Dry,Normal,Daylight,Collision with roadside objects,3,1,Going straight,Male,Under 18,3,No priority to vehicle,Slight Injury,Owner,Below 1yr,Normal,Crossing from nearside - masked by parked or statioNot a Pedestrianry vehicle,Slight Injury
20:17:00,Monday,18-30,Male,5-10yr,Bicycle,Other,Asphalt roads,Wet or damp,Rain,Darkness - lights lit,Collision with pedestrians,2,3,Turnover,Male,18-30,3,Changing lane to the right,Slight Injury,Owner,Above 10yr,Normal,Not a Pedestrian,Slight Injury
20:17:00,Monday,18-30,Male,Below 1yr,Automobile,Residential areas,Other,Wet or damp,Rain,Darkness - lights lit,Vehicle with vehicle collision,2,3,Going straight,Male,Over 51,3,Turnover,Slight Injury,Owner,Unknown,No Casualty,Not a Pedestrian,Slight Injury
20:17:00,Monday,18-30,Male,5-10yr,Lorry (41-100Q),Other,Asphalt roads,Wet or damp,Rain,Darkness - lights lit,Collision with roadside objects,2,3,Going straight,na,No Casualty,na,No priority to vehicle,Slight Injury,Governmental,1-2yr,No Casualty,Not a Pedestrian,No Casualty
20:17:00,Monday,18-30,Female,5-10yr,Automobile,Other,Asphalt roads,Wet or damp,Rain,Darkness - lights lit,Vehicle with vehicle collision,2,3,Going straight,Female,31-50,2,Overspeed,Slight Injury,Owner,1-2yr,Normal,Not a Pedestrian,Serious Injury
21:15:00,Monday,18-30,Female,5-10yr,Public (13-45 seats),Industrial areas,Asphalt roads,Dry,Normal,Darkness - lights lit,Vehicle with vehicle collision,2,1,Going straight,Male,Over 51,3,No distancing,Slight Injury,Owner,Unknown,Normal,Not a Pedestrian,Slight Injury
21:15:00,Monday,18-30,Male,5-10yr,Special vehicle,Recreational areas,Asphalt roads,Dry,Normal,Darkness - lights lit,Vehicle with vehicle collision,2,1,Going straight,Female,18-30,3,No distancing,Slight Injury,Owner,Unknown,Normal,Unknown or other,Slight Injury
16:00:00,Friday,18-30,Male,5-10yr,Automobile,Church areas,Asphalt roads,Dry,Normal,Daylight,Vehicle with vehicle collision,2,4,Going straight,Female,18-30,3,Driving carelessly,Slight Injury,Owner,Above 10yr,No Casualty,Unknown or other,Slight Injury
16:00:00,Friday,18-30,Male,2-5yr,Public (13-45 seats),Office areas,Asphalt roads,Dry,Normal,Daylight,Vehicle with vehicle collision,2,4,Turnover,Female,18-30,3,Driving carelessly,Slight Injury,Owner,Unknown,Normal,Not a Pedestrian,Slight Injury
16:00:00,Friday,18-30,Male,5-10yr,Automobile,Other,Asphalt roads,Dry,Normal,Daylight,Vehicle with vehicle collision,2,4,Turnover,Male,18-30,3,Moving Backward,Slight Injury,Owner,Unknown,Normal,Not a Pedestrian,Slight Injury
16:00:00,Friday,Over 51,Male,Above 10yr,Lorry (41-100Q),Office areas,Other,Dry,Normal,Daylight,Collision with roadside objects,2,4,Going straight,na,No Casualty,na,No distancing,Slight Injury,Owner,Unknown,Normal,Not a Pedestrian,No Casualty
18:30:00,Wednesday,Under 18,Male,1-2yr,Lorry (41-100Q),Office areas,Asphalt roads,Dry,Normal,Daylight,Vehicle with vehicle collision,3,1,Getting off,Male,18-30,3,Changing lane to the right,Slight Injury,Owner,Unknown,No Casualty,Not a Pedestrian,Slight Injury
18:30:00,Wednesday,Under 18,Male,Below 1yr,Public (12 seats),Other,Asphalt roads,Dry,Normal,Daylight,Collision with roadside objects,3,1,Getting off,na,No Casualty,na,Overtaking,Slight Injury,Owner,Unknown,Normal,Not a Pedestrian,No Casualty
18:30:00,Wednesday,31-50,Male,1-2yr,Lorry (41-100Q),Residential areas,Asphalt roads,Dry,Normal,Daylight,Vehicle with vehicle collision,3,1,Going straight,Female,Over 51,3,No distancing,Slight Injury,Owner,Above 10yr,Normal,Not a Pedestrian,Slight Injury
18:30:00,Wednesday,18-30,Male,5-10yr,Lorry (41-100Q),Office areas,Asphalt roads,Dry,Normal,Daylight,Vehicle with vehicle collision,3,1,Overtaking,Male,31-50,3,Overtaking,Slight Injury,Owner,Above 10yr,Normal,Not a Pedestrian,Slight Injury
18:30:00,Wednesday,18-30,Male,1-2yr,Public (12 seats),Residential areas,Asphalt roads,Dry,Normal,Daylight,Vehicle with vehicle collision,3,1,Reversing,Female,31-50,3,Moving Backward,Slight Injury,Owner,Above 10yr,Normal,Crossing from nearside - masked by parked or statioNot a Pedestrianry vehicle,Slight Injury
16:54:00,Wednesday,31-50,Male,5-10yr,Public (> 45 seats),School areas,Asphalt roads,Dry,Normal,Daylight,Collision with roadside objects,2,1,Going straight,na,No Casualty,na,No distancing,Slight Injury,Owner,Unknown,Normal,Not a Pedestrian,No Casualty
16:54:00,Wednesday,31-50,Male,2-5yr,Automobile,Office areas,Asphalt roads,Dry,Normal,Daylight,Collision with roadside objects,2,1,Getting off,Male,31-50,3,No distancing,Slight Injury,Owner,Above 10yr,No Casualty,Not a Pedestrian,Slight Injury
18:56:00,Thursday,31-50,Male,Below 1yr,Pick up upto 10Q,Other,Asphalt roads,Dry,Normal,Daylight,Vehicle with vehicle collision,4,5,Getting off,Male,Under 18,3,No priority to vehicle,Slight Injury,Owner,5-10yrs,Normal,Not a Pedestrian,Slight Injury
18:56:00,Thursday,31-50,Male,5-10yr,Stationwagen,Other,Asphalt roads,Dry,Normal,Daylight,Vehicle with vehicle collision,4,5,Reversing,na,No Casualty,na,No priority to vehicle,Slight Injury,Owner,Above 10yr,Normal,Not a Pedestrian,No Casualty
18:56:00,Thursday,18-30,Male,5-10yr,Other,Church areas,Other,Dry,Normal,Daylight,Vehicle with vehicle collision,4,5,Turnover,Male,18-30,3,Changing lane to the left,Slight Injury,Owner,Above 10yr,Normal,Not a Pedestrian,Slight Injury
18:56:00,Thursday,18-30,Male,5-10yr,Automobile,Office areas,Asphalt roads,Dry,Normal,Daylight,Vehicle with vehicle collision,4,5,Moving Backward,Female,31-50,3,No distancing,Slight Injury,Owner,Unknown,Normal,Crossing from nearside - masked by parked or statioNot a Pedestrianry vehicle,Slight Injury
18:56:00,Thursday,31-50,Male,2-5yr,Automobile,Other,Asphalt roads,Dry,Normal,Daylight,Vehicle with vehicle collision,4,5,Going straight,Female,Over 51,3,Driving under the influence of drugs,Slight Injury,Owner,Unknown,Normal,Not a Pedestrian,Slight Injury
18:56:00,Thursday,18-30,Male,Above 10yr,Stationwagen,Office areas,Asphalt roads,Dry,Normal,Daylight,Vehicle with vehicle collision,4,5,Going straight,na,No Casualty,na,Changing lane to the left,Slight Injury,Owner,Unknown,Normal,Not a Pedestrian,No Casualty
20:15:00,Thursday,31-50,Male,5-10yr,Pick up upto 10Q,Office areas,Asphalt roads,Dry,Normal,Daylight,Vehicle with vehicle collision,2,1,Going straight,Male,31-50,3,Changing lane to the right,Slight Injury,Owner,Unknown,No Casualty,Not a Pedestrian,Slight Injury
20:15:00,Thursday,31-50,Male,Above 10yr,Lorry (41-100Q),Office areas,Asphalt roads with some distress,Dry,Normal,Daylight,Collision with roadside objects,2,1,Going straight,na,No Casualty,na,Driving to the left,Slight Injury,Owner,Above 10yr,Normal,Not a Pedestrian,No Casualty
16:22:00,Thursday,18-30,Male,2-5yr,Automobile,Church areas,Asphalt roads,Dry,Normal,Daylight,Collision with roadside objects,2,1,Reversing,Male,Over 51,3,Overspeed,Serious Injury,Owner,Above 10yr,No Casualty,Not a Pedestrian,Slight Injury
16:22:00,Thursday,Under 18,Male,Below 1yr,Automobile,Office areas,Asphalt roads,Dry,Normal,Daylight,Collision with roadside objects,2,1,Going straight,na,No Casualty,na,Overtaking,Serious Injury,Owner,Above 10yr,Normal,Not a Pedestrian,No Casualty
16:25:00,Monday,18-30,Male,Below 1yr,Lorry (41-100Q),Other,Asphalt roads,Wet or damp,Normal,Daylight,Vehicle with vehicle collision,2,1,Going straight,Male,18-30,3,Changing lane to the right,Slight Injury,Owner,5-10yrs,Normal,Not a Pedestrian,Slight Injury
16:25:00,Monday,31-50,Male,5-10yr,Lorry (41-100Q),Other,Asphalt roads,Wet or damp,Normal,Daylight,Vehicle with vehicle collision,2,1,Going straight,Female,31-50,3,Changing lane to the right,Slight Injury,Owner,Unknown,Normal,Not a Pedestrian,Slight Injury
16:04:00,Tuesday,31-50,Male,2-5yr,Lorry (41-100Q),Church areas,Asphalt roads,Dry,Normal,Daylight,Vehicle with vehicle collision,2,1,Going straight,na,No Casualty,na,Moving Backward,Slight Injury,Owner,5-10yrs,Normal,Not a Pedestrian,No Casualty
16:04:00,Tuesday,Under 18,Male,Below 1yr,Pick up upto 10Q,School areas,Earth roads,Dry,Normal,Daylight,Vehicle with vehicle collision,2,1,Getting off,Male,31-50,3,Moving Backward,Slight Injury,Owner,1-2yr,No Casualty,Not a Pedestrian,Slight Injury
17:50:00,Tuesday,31-50,Male,2-5yr,Pick up upto 10Q,Church areas,Asphalt roads,Dry,Normal,Daylight,Collision with pedestrians,2,1,Going straight,na,No Casualty,na,Changing lane to the left,Slight Injury,Owner,Unknown,No Casualty,Not a Pedestrian,No Casualty
17:50:00,Tuesday,31-50,Male,5-10yr,Automobile,Office areas,Asphalt roads,Dry,Normal,Daylight,Collision with pedestrians,2,1,Going straight,Male,18-30,3,Moving Backward,Slight Injury,Owner,Above 10yr,Normal,Not a Pedestrian,Slight Injury
16:04:00,Thursday,18-30,Male,Above 10yr,Other,Other,Asphalt roads,Dry,Normal,Daylight,Vehicle with vehicle collision,2,1,Going straight,Male,Under 18,3,No distancing,Slight Injury,Owner,2-5yrs,Normal,Not a Pedestrian,Slight Injury
16:04:00,Thursday,18-30,Male,Above 10yr,Automobile,Church areas,Asphalt roads,Dry,Normal,Daylight,Vehicle with vehicle collision,2,1,Going straight,Male,18-30,3,Moving Backward,Slight Injury,Owner,Above 10yr,Normal,Not a Pedestrian,Slight Injury
16:53:00,Friday,31-50,Male,5-10yr,Automobile,Other,Asphalt roads,Dry,Normal,Daylight,Vehicle with vehicle collision,2,2,Reversing,na,No Casualty,na,Changing lane to the right,Slight Injury,Governmental,1-2yr,No Casualty,Not a Pedestrian,No Casualty
16:53:00,Friday,31-50,Male,1-2yr,Motorcycle,Other,Asphalt roads,Dry,Normal,Daylight,Vehicle with vehicle collision,2,2,Moving Backward,Male,31-50,3,Changing lane to the left,Slight Injury,Governmental,Above 10yr,Normal,Not a Pedestrian,Slight Injury
16:53:00,Friday,Over 51,Male,5-10yr,Automobile,Office areas,Asphalt roads,Dry,Normal,Daylight,Vehicle with vehicle collision,2,2,Going straight,na,No Casualty,na,No priority to vehicle,Slight Injury,Organization,5-10yrs,No Casualty,Not a Pedestrian,No Casualty
19:44:00,Friday,18-30,Male,5-10yr,Automobile,Other,Asphalt roads,Dry,Normal,Daylight,Vehicle with vehicle collision,2,2,Going straight,Male,31-50,3,No distancing,Serious Injury,Organization,Above 10yr,Normal,Not a Pedestrian,Slight Injury
19:44:00,Friday,18-30,Male,1-2yr,Public (12 seats),Other,Asphalt roads,Dry,Normal,Daylight,Vehicle with vehicle collision,2,2,Going straight,na,No Casualty,na,No priority to vehicle,Serious Injury,Owner,2-5yrs,Normal,Not a Pedestrian,No Casualty
08:57:00,Wednesday,Over 51,Male,5-10yr,Long lorry,Residential areas,Asphalt roads,Dry,Normal,Daylight,Vehicle with vehicle collision,2,1,Going straight,Female,Under 18,3,Driving under the influence of drugs,Slight Injury,Governmental,Unknown,No Casualty,Not a Pedestrian,Slight Injury
08:57:00,Wednesday,Over 51,Male,Above 10yr,Automobile,Office areas,Asphalt roads,Dry,Normal,Daylight,Vehicle with vehicle collision,2,1,Going straight,na,No Casualty,na,Changing lane to the right,Slight Injury,Owner,2-5yrs,No Casualty,Not a Pedestrian,No Casualty
18:34:00,Tuesday,Under 18,Male,Below 1yr,Automobile,Church areas,Gravel roads,Wet or damp,Rain,Daylight,Vehicle with vehicle collision,2,4,Going straight,Female,Over 51,3,No distancing,Slight Injury,Owner,2-5yrs,No Casualty,Not a Pedestrian,Slight Injury
18:34:00,Tuesday,Under 18,Male,5-10yr,Public (> 45 seats),Other,Asphalt roads,Wet or damp,Rain,Daylight,Collision with roadside objects,2,4,Turnover,na,No Casualty,na,No distancing,Slight Injury,Owner,1-2yr,No Casualty,Not a Pedestrian,No Casualty
18:34:00,Tuesday,Under 18,Male,Above 10yr,Pick up upto 10Q,Market areas,Asphalt roads,Wet or damp,Rain,Daylight,Rollover,2,4,Going straight,Male,18-30,2,Changing lane to the left,Slight Injury,Owner,Above 10yr,Normal,Not a Pedestrian,Serious Injury
18:34:00,Tuesday,Under 18,Male,Below 1yr,Lorry (41-100Q),Other,Asphalt roads,Wet or damp,Rain,Daylight,Vehicle with vehicle collision,2,4,Other,Female,Over 51,3,Changing lane to the right,Slight Injury,Owner,Above 10yr,Normal,Not a Pedestrian,Slight Injury
08:10:00,Thursday,31-50,Male,1-2yr,Automobile,Other,Asphalt roads,Dry,Normal,Daylight,Vehicle with vehicle collision,2,1,Going straight,na,No Casualty,na,Changing lane to the right,Serious Injury,Owner,Unknown,No Casualty,Not a Pedestrian,No Casualty
08:10:00,Thursday,31-50,Male,Above 10yr,Public (13-45 seats),Church areas,Asphalt roads,Dry,Normal,Daylight,Vehicle with vehicle collision,2,1,Going straight,na,No Casualty,na,Driving under the influence of drugs,Serious Injury,Owner,Unknown,Normal,Not a Pedestrian,No Casualty
12:44:00,Thursday,18-30,Female,Above 10yr,Automobile,Residential areas,Asphalt roads,Dry,Normal,Daylight,Vehicle with vehicle collision,2,2,Going straight,Male,18-30,3,Moving Backward,Slight Injury,Governmental,1-2yr,Normal,Not a Pedestrian,Slight Injury
12:44:00,Thursday,18-30,Male,Above 10yr,Public (> 45 seats),Other,Asphalt roads,Dry,Normal,Daylight,Vehicle with vehicle collision,2,2,Going straight,Male,31-50,3,Changing lane to the left,Slight Injury,Owner,Unknown,Normal,Not a Pedestrian,Slight Injury
12:44:00,Thursday,18-30,Male,5-10yr,Public (12 seats),Other,Asphalt roads,Dry,Normal,Daylight,Collision with roadside objects,2,2,Going straight,Male,18-30,3,No priority to pedestrian,Slight Injury,Owner,Unknown,Normal,Crossing from nearside - masked by parked or statioNot a Pedestrianry vehicle,Slight Injury
16:35:00,Friday,Under 18,Male,1-2yr,Automobile,Other,Asphalt roads,Dry,Normal,Daylight,Collision with roadside objects,1,1,Moving Backward,na,No Casualty,na,No distancing,Serious Injury,Owner,Unknown,Normal,Not a Pedestrian,No Casualty
19:50:00,Friday,18-30,Male,1-2yr,Lorry (41-100Q),Recreational areas,Asphalt roads,Wet or damp,Rain,Daylight,Vehicle with vehicle collision,2,1,Moving Backward,Male,31-50,3,No distancing,Slight Injury,Owner,Unknown,Normal,Not a Pedestrian,Slight Injury
19:50:00,Friday,18-30,Male,Below 1yr,Automobile,Recreational areas,Asphalt roads,Wet or damp,Rain,Daylight,Collision with roadside objects,2,1,Moving Backward,na,No Casualty,na,Changing lane to the left,Slight Injury,Owner,Unknown,Normal,Not a Pedestrian,No Casualty
23:00:00,Tuesday,31-50,Male,1-2yr,Pick up upto 10Q,Other,Asphalt roads,Dry,Normal,Darkness - lights lit,Vehicle with vehicle collision,1,1,Other,Female,18-30,3,Changing lane to the right,Slight Injury,Owner,Unknown,Normal,Not a Pedestrian,Slight Injury
22:40:00,Sunday,18-30,Male,2-5yr,Public (12 seats),Office areas,Asphalt roads,Dry,Normal,Darkness - lights lit,Vehicle with vehicle collision,3,2,Going straight,na,No Casualty,na,Driving carelessly,Slight Injury,Organization,1-2yr,Normal,Not a Pedestrian,No Casualty
22:40:00,Sunday,18-30,Male,5-10yr,Automobile,Residential areas,Asphalt roads,Dry,Normal,Darkness - lights lit,Vehicle with vehicle collision,3,2,Unknown,Male,18-30,3,No distancing,Slight Injury,Owner,2-5yrs,Normal,Not a Pedestrian,Slight Injury
22:40:00,Sunday,18-30,Male,Above 10yr,Automobile,Other,Asphalt roads,Dry,Normal,Darkness - lights lit,Vehicle with vehicle collision,3,2,Turnover,na,No Casualty,na,Changing lane to the left,Slight Injury,Owner,2-5yrs,No Casualty,Not a Pedestrian,No Casualty
22:40:00,Sunday,31-50,Male,2-5yr,Automobile,Residential areas,Asphalt roads,Dry,Normal,Darkness - lights lit,Vehicle with vehicle collision,3,2,Getting off,Male,31-50,3,Moving Backward,Slight Injury,Owner,1-2yr,No Casualty,Not a Pedestrian,Slight Injury
19:03:00,Friday,31-50,Male,Above 10yr,Stationwagen,Church areas,Asphalt roads,Dry,Normal,Daylight,Vehicle with vehicle collision,2,1,Going straight,Female,18-30,3,No distancing,Slight Injury,Owner,Unknown,Normal,Unknown or other,Slight Injury
19:03:00,Friday,18-30,Male,5-10yr,Other,Other,Asphalt roads,Dry,Normal,Daylight,Collision with pedestrians,2,1,Going straight,Male,Under 18,3,No priority to pedestrian,Slight Injury,Owner,2-5yrs,Normal,Not a Pedestrian,Slight Injury
14:20:00,Friday,18-30,Female,5-10yr,Other,Office areas,Asphalt roads,Dry,Normal,Daylight,Vehicle with vehicle collision,2,1,Going straight,Male,Under 18,3,Changing lane to the left,Slight Injury,Owner,5-10yrs,Normal,Not a Pedestrian,Slight Injury
14:20:00,Friday,31-50,Male,5-10yr,Other,Other,Asphalt roads,Dry,Normal,Daylight,Collision with roadside objects,2,1,Turnover,Male,18-30,3,No distancing,Slight Injury,Owner,2-5yrs,Normal,Not a Pedestrian,Slight Injury
07:59:00,Thursday,18-30,Male,Below 1yr,Public (13-45 seats),Recreational areas,Asphalt roads,Wet or damp,Normal,Daylight,Vehicle with vehicle collision,4,1,Reversing,na,No Casualty,na,Driving carelessly,Slight Injury,Owner,Unknown,Normal,Not a Pedestrian,No Casualty
07:59:00,Thursday,31-50,Male,2-5yr,Lorry (41-100Q),Other,Asphalt roads,Wet or damp,Normal,Daylight,Collision with roadside objects,4,1,Moving Backward,na,No Casualty,na,No priority to vehicle,Slight Injury,Owner,Unknown,Normal,Not a Pedestrian,No Casualty
07:59:00,Thursday,18-30,Male,2-5yr,Public (12 seats),Office areas,Asphalt roads,Wet or damp,Normal,Daylight,Vehicle with vehicle collision,4,1,Other,Male,Under 18,3,Changing lane to the right,Slight Injury,Owner,1-2yr,Normal,Not a Pedestrian,Slight Injury
07:59:00,Thursday,31-50,Male,2-5yr,Automobile,Residential areas,Asphalt roads,Wet or damp,Normal,Daylight,Vehicle with vehicle collision,4,1,Going straight,na,No Casualty,na,Moving Backward,Slight Injury,Governmental,Unknown,Normal,Not a Pedestrian,No Casualty
17:10:00,Friday,18-30,Male,2-5yr,Automobile,Office areas,Earth roads,Dry,Normal,Daylight,Collision with pedestrians,2,1,Going straight,Male,Under 18,3,No priority to vehicle,Slight Injury,Owner,Unknown,Normal,Not a Pedestrian,Slight Injury
17:10:00,Friday,18-30,Male,5-10yr,Stationwagen,Office areas,Asphalt roads,Dry,Normal,Daylight,Vehicle with vehicle collision,2,1,Going straight,Male,18-30,2,No priority to pedestrian,Slight Injury,Owner,Unknown,Normal,Not a Pedestrian,Serious Injury
20:05:00,Wednesday,Under 18,Male,5-10yr,Lorry (41-100Q),Church areas,Asphalt roads,Wet or damp,Normal,Darkness - lights lit,Vehicle with vehicle collision,2,1,Going straight,na,No Casualty,na,Changing lane to the left,Slight Injury,Owner,Unknown,Normal,Not a Pedestrian,No Casualty
20:05:00,Wednesday,31-50,Male,Above 10yr,Lorry (41-100Q),Church areas,Asphalt roads,Wet or damp,Normal,Darkness - lights lit,Vehicle with vehicle collision,2,1,Going straight,Male,Under 18,3,Changing lane to the left,Slight Injury,Owner,Unknown,Normal,Not a Pedestrian,Slight Injury