Time,Day_of_week,Age_band_of_driver,Sex_of_driver,Driving_experience,Type_of_vehicle,Area_accident_occured,Road_surface_type,Road_surface_conditions,Weather_conditions,Light_conditions,Type_of_collision,Number_of_vehicles_involved,Number_of_casualties,Vehicle_movement,Sex_of_casualty,Age_band_of_casualty,Casualty_severity,Cause_of_accident,Accident_severity,Owner_of_vehicle,Service_year_of_vehicle,Fitness_of_casuality,Pedestrian_movement,Casualty_severity_label
12:45:00,Friday,18-30,Male,2-5yr,Other,Other,Asphalt roads,Wet or damp,Rain,Daylight,Collision with pedestrians,2,3,Going straight,Male,18-30,3,No priority to pedestrian,Serious Injury,Owner,Unknown,Normal,Not a Pedestrian,Slight Injury
12:45:00,Friday,18-30,Male,1-2yr,Pick up upto 10Q,Residential areas,Asphalt roads,Wet or damp,Rain,Daylight,Vehicle with vehicle collision,2,3,Other,na,No Casualty,na,No priority to vehicle,Serious Injury,Owner,Unknown,No Casualty,Not a Pedestrian,No Casualty
12:45:00,Friday,Over 51,Male,5-10yr,Automobile,Residential areas,Asphalt roads,Wet or damp,Rain,Daylight,Collision with pedestrians,2,3,Going straight,na,No Casualty,na,Other,Serious Injury,Owner,2-5yrs,Normal,Not a Pedestrian,No Casualty
14:56:00,Friday,Over 51,Male,Below 1yr,Other,Church areas,Asphalt roads,Dry,Normal,Daylight,Vehicle with vehicle collision,2,2,Going straight,Male,31-50,3,Other,Slight Injury,Owner,5-10yrs,Normal,Not a Pedestrian,Slight Injury
14:56:00,Friday,Over 51,Male,2-5yr,Lorry (41-100Q),Other,Earth roads,Dry,Normal,Daylight,Vehicle with vehicle collision,2,2,Going straight,na,No Casualty,na,Moving Backward,Slight Injury,Owner,5-10yrs,Normal,Not a Pedestrian,No Casualty
16:50:00,Tuesday,18-30,Male,5-10yr,Public (13-45 seats),Residential areas,Asphalt roads,Dry,Normal,Daylight,Collision with roadside objects,2,1,Going straight,Male,18-30,3,No distancing,Slight Injury,Owner,Unknown,No Casualty,Unknown or other,Slight Injury
16:50:00,Tuesday,18-30,Male,Above 10yr,Automobile,Other,Asphalt roads,Dry,Normal,Daylight,Vehicle with vehicle collision,2,1,Going straight,na,No Casualty,na,Moving Backward,Slight Injury,Owner,2-5yrs,Normal,Not a Pedestrian,No Casualty
06:30:00,Wednesday,18-30,Male,2-5yr,Pick up upto 10Q,Residential areas,Asphalt roads,Wet or damp,Rain,Daylight,Vehicle with vehicle collision,1,1,Moving Backward,Male,18-30,3,No priority to vehicle,Slight Injury,Owner,2-5yrs,No Casualty,Not a Pedestrian,Slight Injury
16:45:00,Tuesday,Under 18,Male,Above 10yr,Lorry (41-100Q),Residential areas,Asphalt roads,Dry,Normal,Daylight,Vehicle with vehicle collision,1,1,Moving Backward,na,No Casualty,na,Driving carelessly,Slight Injury,Owner,2-5yrs,Normal,Not a Pedestrian,No Casualty
14:30:00,Sunday,18-30,Male,1-2yr,Public (12 seats),Other,Asphalt roads,Dry,Normal,Daylight,Collision with pedestrians,2,2,Moving Backward,Male,31-50,2,No distancing,Slight Injury,Owner,5-10yrs,Normal,Not a Pedestrian,Serious Injury
14:30:00,Sunday,18-30,Male,5-10yr,Other,Other,Asphalt roads,Dry,Normal,Daylight,Collision with roadside objects,2,2,Other,Female,Under 18,3,Other,Slight Injury,Owner,Unknown,Normal,Not a Pedestrian,Slight Injury
10:00:00,Friday,18-30,Male,2-5yr,Lorry (41-100Q),Other,Asphalt roads,Dry,Normal,Daylight,Collision with pedestrians,2,1,Going straight,na,No Casualty,na,Changing lane to the right,Slight Injury,Owner,Unknown,Normal,Not a Pedestrian,No Casualty
10:00:00,Friday,Over 51,Male,2-5yr,Pick up upto 10Q,Other,Asphalt roads,Dry,Normal,Daylight,Vehicle with vehicle collision,2,1,Unknown,na,No Casualty,na,No distancing,Slight Injury,Owner,Unknown,Normal,Not a Pedestrian,No Casualty
07:45:00,Friday,18-30,Male,2-5yr,Other,Residential areas,Asphalt roads,Wet or damp,Rain,Daylight,Vehicle with vehicle collision,3,1,Turnover,Male,Under 18,3,Driving carelessly,Slight Injury,Owner,Unknown,Normal,Not a Pedestrian,Slight Injury
07:45:00,Friday,18-30,Male,2-5yr,Lorry (41-100Q),Recreational areas,Asphalt roads,Wet or damp,Rain,Daylight,Vehicle with vehicle collision,3,1,Getting off,Male,31-50,3,No distancing,Slight Injury,Owner,2-5yrs,Normal,Not a Pedestrian,Slight Injury
07:45:00,Friday,18-30,Male,Above 10yr,Ridden horse,Other,Asphalt roads,Wet or damp,Rain,Daylight,Vehicle with vehicle collision,3,1,Going straight,na,No Casualty,na,No priority to vehicle,Slight Injury,Owner,Unknown,Normal,Not a Pedestrian,No Casualty
19:45:00,Friday,18-30,Male,Above 10yr,Automobile,Office areas,Gravel roads,Dry,Normal,Darkness - lights lit,Vehicle with vehicle collision,2,4,Going straight,Female,18-30,3,Changing lane to the right,Slight Injury,Owner,Unknown,No Casualty,Not a Pedestrian,Slight Injury
19:45:00,Friday,18-30,Male,5-10yr,Automobile,Other,Asphalt roads,Dry,Normal,Darkness - lights lit,Collision with roadside objects,2,4,Going straight,na,No Casualty,na,No priority to pedestrian,Slight Injury,Owner,Unknown,No Casualty,Not a Pedestrian,No Casualty
19:45:00,Friday,18-30,Male,5-10yr,Stationwagen,Office areas,Asphalt roads,Dry,Normal,Darkness - lights lit,Collision with roadside objects,2,4,Turnover,na,No Casualty,na,No priority to vehicle,Slight Injury,Owner,Unknown,No Casualty,Not a Pedestrian,No Casualty
19:45:00,Friday,18-30,Male,2-5yr,Other,Office areas,Asphalt roads,Dry,Normal,Darkness - lights lit,Vehicle with vehicle collision,2,4,Reversing,Female,18-30,3,Changing lane to the left,Slight Injury,Owner,Unknown,Normal,Not a Pedestrian,Slight Injury
19:45:00,Friday,18-30,Male,5-10yr,Lorry (41-100Q),Office areas,Asphalt roads,Dry,Normal,Darkness - lights lit,Vehicle with vehicle collision,2,4,Moving Backward,Male,31-50,3,Turnover,Slight Injury,Owner,Unknown,Normal,Not a Pedestrian,Slight Injury
18:50:00,Friday,31-50,Male,5-10yr,Lorry (41-100Q),Other,Asphalt roads,Wet or damp,Normal,Darkness - lights lit,Vehicle with vehicle collision,2,1,Other,Male,31-50,3,Driving to the left,Slight Injury,Owner,Unknown,No Casualty,Not a Pedestrian,Slight Injury
18:50:00,Friday,18-30,Male,Above 10yr,Long lorry,Other,Asphalt roads,Wet or damp,Normal,Darkness - lights lit,Vehicle with vehicle collision,2,1,Going straight,Male,18-30,3,Driving carelessly,Slight Injury,Governmental,Unknown,No Casualty,Not a Pedestrian,Slight Injury
11:42:00,Wednesday,Over 51,Male,5-10yr,Stationwagen,Office areas,Asphalt roads,Dry,Normal,Daylight,Vehicle with vehicle collision,2,1,Going straight,na,No Casualty,na,Driving to the left,Serious Injury,Owner,Unknown,Normal,Not a Pedestrian,No Casualty
11:42:00,Wednesday,31-50,Male,Above 10yr,Public (12 seats),Residential areas,Asphalt roads,Dry,Normal,Daylight,Vehicle with vehicle collision,2,1,Going straight,Male,18-30,3,Driving carelessly,Serious Injury,Owner,Unknown,Normal,Not a Pedestrian,Slight Injury
17:57:00,Thursday,18-30,Male,Below 1yr,Automobile,Recreational areas,Asphalt roads,Dry,Normal,Daylight,Vehicle with vehicle collision,1,1,Going straight,na,No Casualty,na,No priority to pedestrian,Slight Injury,Governmental,2-5yrs,Normal,Not a Pedestrian,No Casualty
20:30:00,Sunday,Over 51,Male,5-10yr,Public (12 seats),Other,Asphalt roads,Dry,Rain & Wind,Darkness - lights lit,Vehicle with vehicle collision,1,1,Going straight,Male,18-30,3,Driving carelessly,Slight Injury,Owner,1-2yr,Normal,Not a Pedestrian,Slight Injury
12:28:00,Thursday,Over 51,Male,1-2yr,Lorry (41-100Q),Residential areas,Asphalt roads,Wet or damp,Rain,Daylight,Vehicle with vehicle collision,2,1,Going straight,Male,18-30,3,Changing lane to the right,Slight Injury,Owner,Above 10yr,Normal,Not a Pedestrian,Slight Injury
12:28:00,Thursday,18-30,Male,5-10yr,Automobile,Other,Asphalt roads,Wet or damp,Rain,Daylight,Vehicle with vehicle collision,2,1,Going straight,na,No Casualty,na,Moving Backward,Slight Injury,Owner,Unknown,Normal,Not a Pedestrian,No Casualty
08:35:00,Friday,18-30,Male,5-10yr,Lorry (41-100Q),Other,Asphalt roads,Wet or damp,Normal,Daylight,Other,1,1,Going straight,Female,Under 18,3,Driving carelessly,Slight Injury,Owner,Unknown,Normal,Not a Pedestrian,Slight Injury
12:25:00,Wednesday,18-30,Male,2-5yr,Lorry (41-100Q),Other,Asphalt roads,Dry,Normal,Daylight,Vehicle with vehicle collision,3,1,Going straight,Male,18-30,3,Changing lane to the right,Serious Injury,Owner,5-10yrs,Normal,Not a Pedestrian,Slight Injury
12:25:00,Wednesday,18-30,Male,5-10yr,Pick up upto 10Q,Other,Asphalt roads,Dry,Normal,Daylight,Collision with roadside objects,3,1,Other,Male,Under 18,3,Driving carelessly,Serious Injury,Owner,Unknown,Normal,Not a Pedestrian,Slight Injury
12:25:00,Wednesday,18-30,Female,5-10yr,Other,Other,Asphalt roads,Dry,Normal,Daylight,Vehicle with vehicle collision,3,1,Moving Backward,na,No Casualty,na,Driving carelessly,Serious Injury,Owner,2-5yrs,No Casualty,Not a Pedestrian,No Casualty
12:30:00,Sunday,Over 51,Male,Above 10yr,Automobile,School areas,Asphalt roads,Wet or damp,Normal,Daylight,Vehicle with vehicle collision,1,1,Going straight,Male,Over 51,3,Driving carelessly,Slight Injury,Owner,Unknown,No Casualty,Not a Pedestrian,Slight Injury
18:05:00,Thursday,31-50,Male,Above 10yr,Automobile,Office areas,Asphalt roads,Dry,Normal,Darkness - lights lit,Vehicle with vehicle collision,2,1,Moving Backward,Male,18-30,3,Changing lane to the right,Serious Injury,Owner,Unknown,No Casualty,Not a Pedestrian,Slight Injury
18:05:00,Thursday,31-50,Male,Below 1yr,Lorry (11-40Q),Office areas,Asphalt roads,Dry,Normal,Darkness - lights lit,Vehicle with vehicle collision,2,1,Going straight,na,No Casualty,na,Changing lane to the right,Serious Injury,Owner,Unknown,Normal,Not a Pedestrian,No Casualty
10:50:00,Tuesday,31-50,Male,5-10yr,Bajaj,Office areas,Asphalt roads,Dry,Normal,Daylight,Vehicle with vehicle collision,1,1,Moving Backward,Male,Over 51,3,Driving carelessly,Slight Injury,Owner,5-10yrs,Normal,Not a Pedestrian,Slight Injury
14:12:00,Friday,Over 51,Male,5-10yr,Automobile,School areas,Asphalt roads,Dry,Normal,Daylight,Vehicle with vehicle collision,2,1,Going straight,na,No Casualty,na,Overtaking,Slight Injury,Owner,Unknown,Normal,Not a Pedestrian,No Casualty
14:12:00,Friday,Under 18,Male,2-5yr,Lorry (41-100Q),School areas,Other,Dry,Normal,Daylight,Collision with roadside objects,2,1,Going straight,Female,31-50,3,Changing lane to the right,Slight Injury,Governmental,Unknown,Normal,Not a Pedestrian,Slight Injury
10:20:00,Friday,Over 51,Male,Above 10yr,Lorry (11-40Q),Office areas,Asphalt roads,Dry,Normal,Daylight,Collision with roadside objects,3,1,Going straight,Female,18-30,3,No distancing,Slight Injury,Owner,Unknown,Normal,Not a Pedestrian,Slight Injury
10:20:00,Friday,18-30,Male,2-5yr,Lorry (11-40Q),Office areas,Asphalt roads,Dry,Normal,Daylight,Vehicle with vehicle collision,3,1,Going straight,na,No Casualty,na,Other,Slight Injury,Owner,Unknown,Normal,Not a Pedestrian,No Casualty
10:20:00,Friday,18-30,Male,Above 10yr,Automobile,School areas,Asphalt roads,Dry,Normal,Daylight,Collision with roadside objects,3,1,Going straight,Male,18-30,3,Changing lane to the right,Slight Injury,Governmental,Above 10yr,Normal,Not a Pedestrian,Slight Injury
18:30:00,Wednesday,18-30,Male,Below 1yr,Automobile,Other,Asphalt roads,Dry,Unknown,Darkness - lights lit,Collision with roadside objects,2,1,Other,Male,31-50,2,Changing lane to the right,Serious Injury,Owner,1-2yr,Normal,Not a Pedestrian,Serious Injury
18:30:00,Wednesday,18-30,Female,2-5yr,Automobile,Other,Asphalt roads,Dry,Unknown,Darkness - lights lit,Vehicle with vehicle collision,2,1,Going straight,na,No Casualty,na,Overtaking,Serious Injury,Owner,Above 10yr,Normal,Not a Pedestrian,No Casualty
19:17:00,Tuesday,18-30,Male,5-10yr,Public (13-45 seats),Other,Asphalt roads,Wet or damp,Snow,Darkness - lights lit,Vehicle with vehicle collision,1,1,Moving Backward,Male,31-50,3,Other,Serious Injury,Owner,Below 1yr,Normal,Not a Pedestrian,Slight Injury
10:30:00,Thursday,18-30,Male,5-10yr,Public (12 seats),Other,Asphalt roads,Dry,Normal,Daylight,Collision with roadside objects,2,3,Moving Backward,na,No Casualty,na,Driving to the left,Slight Injury,Owner,Above 10yr,Normal,Not a Pedestrian,No Casualty
10:30:00,Thursday,18-30,Male,1-2yr,Other,Residential areas,Asphalt roads,Dry,Normal,Daylight,Vehicle with vehicle collision,2,3,Moving Backward,Male,18-30,3,Overtaking,Slight Injury,Owner,Unknown,Normal,Not a Pedestrian,Slight Injury
10:30:00,Thursday,18-30,Male,5-10yr,Automobile,Other,Asphalt roads,Dry,Normal,Daylight,Vehicle with vehicle collision,2,3,Going straight,na,No Casualty,na,No priority to vehicle,Slight Injury,Governmental,1-2yr,Normal,Not a Pedestrian,No Casualty
10:30:00,Thursday,18-30,Male,1-2yr,Automobile,Other,Asphalt roads,Dry,Normal,Daylight,Vehicle with vehicle collision,2,3,Going straight,Female,Under 18,3,Moving Backward,Slight Injury,Owner,1-2yr,Normal,Not a Pedestrian,Slight Injury
13:35:00,Sunday,Under 18,Male,5-10yr,Public (13-45 seats),Industrial areas,Asphalt roads,Dry,Other,Daylight,Vehicle with vehicle collision,1,1,Going straight,Male,18-30,3,Other,Slight Injury,Owner,Unknown,Normal,Not a Pedestrian,Slight Injury
13:43:00,Monday,31-50,Male,1-2yr,Public (13-45 seats),Recreational areas,Asphalt roads,Wet or damp,Rain,Daylight,Vehicle with vehicle collision,3,5,Going straight,na,No Casualty,na,No priority to vehicle,Slight Injury,Owner,Unknown,Normal,Not a Pedestrian,No Casualty
13:43:00,Monday,Under 18,Male,5-10yr,Automobile,Church areas,Asphalt roads,Wet or damp,Rain,Daylight,Vehicle with vehicle collision,3,5,Other,Male,18-30,3,No priority to pedestrian,Slight Injury,Owner,Above 10yr,Normal,Not a Pedestrian,Slight Injury
13:43:00,Monday,Under 18,Male,2-5yr,Other,Office areas,Other,Wet or damp,Rain,Daylight,Collision with pedestrians,3,5,Going straight,Male,Over 51,3,Changing lane to the right,Slight Injury,Owner,Unknown,Normal,Not a Pedestrian,Slight Injury
13:43:00,Monday,Under 18,Male,2-5yr,Pick up upto 10Q,Other,Asphalt roads,Wet or damp,Rain,Daylight,Vehicle with vehicle collision,3,5,Going straight,Female,31-50,3,Changing lane to the right,Slight Injury,Owner,Unknown,Normal,Not a Pedestrian,Slight Injury
13:43:00,Monday,31-50,Male,5-10yr,Lorry (41-100Q),Office areas,Asphalt roads,Wet or damp,Rain,Daylight,Collision with roadside objects,3,5,Going straight,Male,Under 18,3,Changing lane to the right,Slight Injury,Owner,Unknown,Normal,Not a Pedestrian,Slight Injury
15:56:00,Friday,18-30,Male,Below 1yr,Automobile,Office areas,Asphalt roads,Dry,Cloudy,Daylight,Vehicle with vehicle collision,2,1,Reversing,na,No Casualty,na,Driving to the left,Slight Injury,Owner,Unknown,Normal,Not a Pedestrian,No Casualty
15:56:00,Friday,18-30,Male,Below 1yr,Automobile,Other,Asphalt roads,Dry,Cloudy,Daylight,Vehicle with vehicle collision,2,1,Moving Backward,Male,31-50,3,Changing lane to the left,Slight Injury,Owner,Unknown,Normal,Not a Pedestrian,Slight Injury
17:00:00,Friday,31-50,Male,5-10yr,Lorry (41-100Q),Residential areas,Asphalt roads,Wet or damp,Other,Darkness - lights lit,Vehicle with vehicle collision,2,2,Going straight,Male,31-50,3,Moving Backward,Slight Injury,Owner,Above 10yr,Normal,Not a Pedestrian,Slight Injury
17:00:00,Friday,31-50,Male,Below 1yr,Automobile,Office areas,Asphalt roads,Wet or damp,Other,Darkness - lights lit,Vehicle with vehicle collision,2,2,Going straight,na,No Casualty,na,Overspeed,Slight Injury,Owner,Above 10yr,Normal,Not a Pedestrian,No Casualty
17:00:00,Friday,31-50,Male,2-5yr,Other,Residential areas,Asphalt roads,Wet or damp,Other,Darkness - lights lit,Vehicle with vehicle collision,2,2,Reversing,Male,Over 51,3,Moving Backward,Slight Injury,Owner,Above 10yr,Normal,Not a Pedestrian,Slight Injury
06:50:00,Wednesday,18-30,Male,2-5yr,Automobile,School areas,Asphalt roads,Dry,Rain,Darkness - lights lit,Vehicle with vehicle collision,2,1,Going straight,na,No Casualty,na,No distancing,Slight Injury,Owner,Unknown,No Casualty,Not a Pedestrian,No Casualty
06:50:00,Wednesday,Over 51,Male,5-10yr,Automobile,Office areas,Asphalt roads,Dry,Rain,Darkness - lights lit,Vehicle with vehicle collision,2,1,Reversing,Male,31-50,3,Other,Slight Injury,Owner,Above 10yr,Normal,Not a Pedestrian,Slight Injury
16:30:00,Tuesday,Under 18,Male,5-10yr,Automobile,Other,Other,Dry,Normal,Darkness - lights lit,Vehicle with vehicle collision,2,2,Other,Female,31-50,3,No priority to vehicle,Slight Injury,Owner,5-10yrs,Normal,Not a Pedestrian,Slight Injury
16:30:00,Tuesday,Under 18,Male,5-10yr,Automobile,Other,Asphalt roads,Dry,Normal,Darkness - lights lit,Vehicle with vehicle collision,2,2,Going straight,Male,Under 18,3,Changing lane to the right,Slight Injury,Owner,Above 10yr,No Casualty,Not a Pedestrian,Slight Injury
16:30:00,Tuesday,18-30,Male,5-10yr,Lorry (41-100Q),Church areas,Asphalt roads,Dry,Normal,Darkness - lights lit,Collision with roadside objects,2,2,Going straight,Male,18-30,3,Other,Slight Injury,Owner,Above 10yr,No Casualty,Not a Pedestrian,Slight Injury
13:40:00,Tuesday,18-30,Female,5-10yr,Other,Office areas,Asphalt roads,Dry,Normal,Daylight,Vehicle with vehicle collision,2,1,Going straight,Female,Under 18,3,No distancing,Slight Injury,Owner,Unknown,No Casualty,Crossing from nearside - masked by parked or statioNot a Pedestrianry vehicle,Slight Injury
13:40:00,Tuesday,18-30,Male,2-5yr,Pick up upto 10Q,Other,Asphalt roads,Dry,Normal,Daylight,Collision with roadside objects,2,1,Going straight,Female,Under 18,3,Driving carelessly,Slight Injury,Owner,Unknown,Normal,Not a Pedestrian,Slight Injury
05:02:00,Sunday,18-30,Male,5-10yr,Stationwagen,Office areas,Asphalt roads,Wet or damp,Rain,Darkness - lights lit,Vehicle with vehicle collision,1,3,Going straight,na,No Casualty,na,No distancing,Slight Injury,Owner,Unknown,No Casualty,Not a Pedestrian,No Casualty
05:02:00,Sunday,18-30,Male,Below 1yr,Other,Office areas,Asphalt roads,Wet or damp,Rain,Darkness - lights lit,Vehicle with vehicle collision,1,3,Going straight,Male,18-30,3,Moving Backward,Slight Injury,Owner,Unknown,No Casualty,Not a Pedestrian,Slight Injury
05:02:00,Sunday,18-30,Male,1-2yr,Pick up upto 10Q,Office areas,Earth roads,Wet or damp,Rain,Darkness - lights lit,Vehicle with vehicle collision,1,3,Going straight,na,No Casualty,na,No distancing,Slight Injury,Owner,Above 10yr,Normal,Not a Pedestrian,No Casualty
16:05:00,Thursday,18-30,Male,2-5yr,Stationwagen,Church areas,Asphalt roads,Wet or damp,Normal,Daylight,Collision with pedestrians,2,1,Going straight,Male,31-50,3,Moving Backward,Slight Injury,Owner,Above 10yr,Normal,Not a Pedestrian,Slight Injury
16:05:00,Thursday,31-50,Male,2-5yr,Lorry (41-100Q),Office areas,Asphalt roads,Wet or damp,Normal,Daylight,Vehicle with vehicle collision,2,1,Going straight,Male,18-30,3,No priority to pedestrian,Slight Injury,Owner,Above 10yr,Normal,Not a Pedestrian,Slight Injury
07:58:00,Monday,18-30,Male,5-10yr,Automobile,Other,Asphalt roads,Wet or damp,Normal,Daylight,Vehicle with vehicle collision,1,1,Going straight,Female,18-30,3,Changing lane to the left,Slight Injury,Owner,5-10yrs,Normal,Not a Pedestrian,Slight Injury
15:16:00,Thursday,18-30,Male,5-10yr,Automobile,Other,Asphalt roads,Wet or damp,Normal,Daylight,Vehicle with vehicle collision,2,1,Going straight,Female,18-30,3,No distancing,Slight Injury,Owner,Unknown,No Casualty,Not a Pedestrian,Slight Injury
15:16:00,Thursday,Under 18,Male,5-10yr,Automobile,Church areas,Asphalt roads,Wet or damp,Normal,Daylight,Collision with pedestrians,2,1,Going straight,Male,Over 51,2,Other,Slight Injury,Owner,5-10yrs,Normal,Not a Pedestrian,Serious Injury
07:14:00,Tuesday,18-30,Male,Above 10yr,Automobile,School areas,Asphalt roads,Wet or damp,Unknown,Darkness - lights lit,Collision with roadside objects,2,1,Going straight,Female,31-50,2,No distancing,Slight Injury,Owner,1-2yr,No Casualty,Unknown or other,Serious Injury
07:14:00,Tuesday,Under 18,Male,Above 10yr,Turbo,Church areas,Asphalt roads,Wet or damp,Unknown,Darkness - lights lit,Vehicle with vehicle collision,2,1,Going straight,Male,18-30,3,No priority to pedestrian,Slight Injury,Owner,Unknown,No Casualty,Not a Pedestrian,Slight Injury
13:17:00,Friday,18-30,Male,Above 10yr,Automobile,Office areas,Asphalt roads,Wet or damp,Normal,Daylight,Vehicle with vehicle collision,2,1,Going straight,na,No Casualty,na,Moving Backward,Slight Injury,Owner,Above 10yr,No Casualty,Not a Pedestrian,No Casualty
13:17:00,Friday,31-50,Male,5-10yr,Stationwagen,Other,Asphalt roads,Wet or damp,Normal,Daylight,Vehicle with vehicle collision,2,1,Going straight,Female,31-50,3,No priority to pedestrian,Slight Injury,Owner,2-5yrs,No Casualty,Unknown or other,Slight Injury
17:44:00,Thursday,Under 18,Male,5-10yr,Automobile,Church areas,Asphalt roads,Wet or damp,Cloudy,Darkness - lights lit,Vehicle with vehicle collision,2,2,Moving Backward,Female,31-50,2,No distancing,Slight Injury,Owner,Above 10yr,No Casualty,Not a Pedestrian,Serious Injury
17:44:00,Thursday,18-30,Male,2-5yr,Automobile,Other,Asphalt roads,Wet or damp,Cloudy,Darkness - lights lit,Vehicle with vehicle collision,2,2,Going straight,na,No Casualty,na,No priority to pedestrian,Slight Injury,Governmental,1-2yr,Normal,Not a Pedestrian,No Casualty
17:44:00,Thursday,18-30,Male,5-10yr,Automobile,Other,Asphalt roads,Wet or damp,Cloudy,Darkness - lights lit,Vehicle with vehicle collision,2,2,Going straight,Male,31-50,3,Driving carelessly,Slight Injury,Governmental,Above 10yr,Normal,Not a Pedestrian,Slight Injury
07:16:00,Monday,Over 51,Male,2-5yr,Pick up upto 10Q,Office areas,Asphalt roads,Wet or damp,Other,Darkness - lights lit,Vehicle with vehicle collision,2,1,Going straight,Male,18-30,3,Getting off the vehicle improperly,Slight Injury,Organization,5-10yrs,Normal,Not a Pedestrian,Slight Injury
07:16:00,Monday,Under 18,Male,5-10yr,Lorry (41-100Q),Other,Asphalt roads,Wet or damp,Other,Darkness - lights lit,Collision with roadside objects,2,1,Going straight,Male,Under 18,3,Driving carelessly,Slight Injury,Organization,Above 10yr,Normal,Not a Pedestrian,Slight Injury
18:15:00,Friday,31-50,Male,Above 10yr,Lorry (41-100Q),Other,Asphalt roads,Wet or damp,Other,Darkness - lights lit,Collision with roadside objects,1,1,Turnover,na,No Casualty,na,Changing lane to the left,Slight Injury,Owner,2-5yrs,Normal,Not a Pedestrian,No Casualty
17:10:00,Friday,18-30,Male,2-5yr,Automobile,Residential areas,Asphalt roads,Dry,Normal,Darkness - lights lit,Vehicle with vehicle collision,2,1,Going straight,na,No Casualty,na,No priority to vehicle,Slight Injury,Governmental,Unknown,Normal,Not a Pedestrian,No Casualty
17:10:00,Friday,18-30,Male,2-5yr,Lorry (41-100Q),Residential areas,Asphalt roads,Dry,Normal,Darkness - lights lit,Vehicle with vehicle collision,2,1,Going straight,Male,Over 51,3,Changing lane to the right,Slight Injury,Owner,Above 10yr,No Casualty,Not a Pedestrian,Slight Injury
12:45:00,Friday,18-30,Male,Above 10yr,Lorry (41-100Q),Office areas,Earth roads,Wet or damp,Rain,Daylight,Vehicle with vehicle collision,2,1,Going straight,Male,Over 51,3,Changing lane to the right,Slight Injury,Owner,5-10yrs,Normal,Not a Pedestrian,Slight Injury
12:45:00,Friday,18-30,Male,1-2yr,Lorry (41-100Q),Recreational areas,Asphalt roads,Wet or damp,Rain,Daylight,Vehicle with vehicle collision,2,1,Going straight,na,No Casualty,na,No distancing,Slight Injury,Owner,Unknown,No Casualty,Not a Pedestrian,No Casualty
11:05:00,Monday,Over 51,Male,Above 10yr,Lorry (41-100Q),Office areas,Asphalt roads,Wet or damp,Rain,Daylight,Vehicle with vehicle collision,2,2,Going straight,Female,18-30,3,No distancing,Slight Injury,Governmental,Unknown,Normal,Not a Pedestrian,Slight Injury
11:05:00,Monday,Over 51,Male,5-10yr,Automobile,Industrial areas,Asphalt roads,Wet or damp,Rain,Daylight,Rollover,2,2,Going straight,Male,31-50,3,Changing lane to the left,Slight Injury,Owner,5-10yrs,Normal,Not a Pedestrian,Slight Injury
11:05:00,Monday,18-30,Male,5-10yr,Automobile,Other,Asphalt roads,Wet or damp,Rain,Daylight,Vehicle with vehicle collision,2,2,Going straight,na,No Casualty,na,Changing lane to the right,Slight Injury,Owner,Unknown,Normal,Not a Pedestrian,No Casualty
08:51:00,Friday,Under 18,Male,5-10yr,Automobile,Residential areas,Asphalt roads,Dry,Normal,Daylight,Collision with roadside objects,2,1,Going straight,Male,Under 18,3,No priority to vehicle,Slight Injury,Owner,Unknown,No Casualty,Not a Pedestrian,Slight Injury
08:51:00,Friday,31-50,Male,5-10yr,Public (13-45 seats),Residential areas,Asphalt roads,Dry,Normal,Daylight,Collision with pedestrians,2,1,Going straight,na,No Casualty,na,Changing lane to the left,Slight Injury,Governmental,Above 10yr,No Casualty,Not a Pedestrian,No Casualty
18:50:00,Wednesday,18-30,Male,Above 10yr,Automobile,Industrial areas,Asphalt roads,Dry,Unknown,Darkness - lights lit,Vehicle with vehicle collision,2,1,Turnover,na,No Casualty,na,No priority to vehicle,Slight Injury,Owner,1-2yr,Normal,Not a Pedestrian,No Casualty
18:50:00,Wednesday,18-30,Male,1-2yr,Public (13-45 seats),Residential areas,Asphalt roads,Dry,Unknown,Darkness - lights lit,Vehicle with vehicle collision,2,1,Going straight,Male,18-30,3,Moving Backward,Slight Injury,Owner,2-5yrs,Normal,Not a Pedestrian,Slight Injury
08:35:00,Wednesday,18-30,Male,2-5yr,Public (13-45 seats),Residential areas,Asphalt roads,Dry,Other,Daylight,Vehicle with vehicle collision,1,1,Reversing,Female,18-30,3,Turnover,Slight Injury,Owner,Unknown,Normal,Not a Pedestrian,Slight Injury
15:35:00,Monday,31-50,Male,Below 1yr,Automobile,Office areas,Asphalt roads,Dry,Normal,Daylight,Vehicle with vehicle collision,1,1,Other,Female,18-30,3,No distancing,Serious Injury,Owner,Unknown,Normal,Not a Pedestrian,Slight Injury
17:15:00,Wednesday,18-30,Male,Above 10yr,Lorry (11-40Q),Office areas,Earth roads,Dry,Normal,Darkness - lights lit,Vehicle with vehicle collision,2,1,Going straight,Female,31-50,3,No distancing,Slight Injury,Owner,2-5yrs,Normal,Not a Pedestrian,Slight Injury
17:15:00,Wednesday,31-50,Male,1-2yr,Automobile,Office areas,Asphalt roads,Dry,Normal,Darkness - lights lit,Vehicle with vehicle collision,2,1,Going straight,na,No Casualty,na,No distancing,Slight Injury,Owner,Above 10yr,Normal,Not a Pedestrian,No Casualty
13:00:00,Sunday,31-50,Male,5-10yr,Lorry (41-100Q),Office areas,Asphalt roads,Dry,Normal,Daylight,Vehicle with vehicle collision,2,1,Turnover,Male,Over 51,3,Changing lane to the left,Slight Injury,Owner,1-2yr,Normal,Not a Pedestrian,Slight Injury