Time,Day_of_week,Age_band_of_driver,Sex_of_driver,Driving_experience,Type_of_vehicle,Area_accident_occured,Road_surface_type,Road_surface_conditions,Weather_conditions,Light_conditions,Type_of_collision,Number_of_vehicles_involved,Number_of_casualties,Vehicle_movement,Sex_of_casualty,Age_band_of_casualty,Casualty_severity,Cause_of_accident,Accident_severity,Owner_of_vehicle,Service_year_of_vehicle,Fitness_of_casuality,Pedestrian_movement,Casualty_severity_label
13:00:00,Sunday,18-30,Male,5-10yr,Other,Office areas,Asphalt roads,Dry,Normal,Daylight,Collision with roadside objects,2,1,Other,na,No Casualty,na,No priority to vehicle,Slight Injury,Owner,Unknown,No Casualty,Not a Pedestrian,No Casualty
11:29:00,Sunday,Over 51,Male,Below 1yr,Pick up upto 10Q,Office areas,Asphalt roads,Dry,Normal,Daylight,Rollover,2,1,Going straight,Male,18-30,3,Overspeed,Serious Injury,Owner,Unknown,No Casualty,Not a Pedestrian,Slight Injury
11:29:00,Sunday,31-50,Male,5-10yr,Lorry (11-40Q),Office areas,Asphalt roads,Dry,Normal,Daylight,Vehicle with vehicle collision,2,1,Going straight,Male,18-30,3,Overtaking,Serious Injury,Owner,Unknown,No Casualty,Crossing from nearside - masked by parked or statioNot a Pedestrianry vehicle,Slight Injury
17:26:00,Tuesday,18-30,Male,Above 10yr,Motorcycle,Residential areas,Asphalt roads,Dry,Normal,Darkness - lights lit,Collision with pedestrians,1,1,Other,na,No Casualty,na,Other,Slight Injury,Owner,Above 10yr,Normal,Not a Pedestrian,No Casualty
13:23:00,Sunday,Under 18,Male,5-10yr,Pick up upto 10Q,Residential areas,Asphalt roads,Dry,Other,Daylight,Vehicle with vehicle collision,2,1,Going straight,Male,18-30,3,Changing lane to the left,Serious Injury,Owner,5-10yrs,Normal,Not a Pedestrian,Slight Injury
13:23:00,Sunday,Under 18,Male,1-2yr,Lorry (11-40Q),Other,Asphalt roads,Dry,Other,Daylight,Vehicle with vehicle collision,2,1,Turnover,Male,31-50,3,No priority to pedestrian,Serious Injury,Owner,Unknown,Normal,Not a Pedestrian,Slight Injury
14:00:00,Wednesday,18-30,Male,2-5yr,Lorry (11-40Q),Church areas,Gravel roads,Dry,Rain,Daylight,Collision with pedestrians,3,2,Going straight,na,No Casualty,na,Changing lane to the left,Serious Injury,Owner,5-10yrs,Normal,Not a Pedestrian,No Casualty
14:00:00,Wednesday,Over 51,Male,5-10yr,Automobile,Recreational areas,Asphalt roads,Dry,Rain,Daylight,Collision with pedestrians,3,2,Turnover,Male,31-50,3,No distancing,Serious Injury,Owner,Unknown,No Casualty,Not a Pedestrian,Slight Injury
14:00:00,Wednesday,Over 51,Male,Above 10yr,Automobile,Industrial areas,Asphalt roads,Dry,Rain,Daylight,Vehicle with vehicle collision,3,2,Going straight,na,No Casualty,na,Moving Backward,Serious Injury,Owner,Unknown,Normal,Not a Pedestrian,No Casualty
14:00:00,Wednesday,Over 51,Male,2-5yr,Other,Residential areas,Asphalt roads,Dry,Rain,Daylight,Vehicle with vehicle collision,3,2,Moving Backward,Male,31-50,2,Changing lane to the left,Serious Injury,Owner,Unknown,Normal,Crossing from nearside - masked by parked or statioNot a Pedestrianry vehicle,Serious Injury
03:00:00,Friday,18-30,Male,5-10yr,Other,Residential areas,Asphalt roads,Dry,Normal,Darkness - no lighting,Vehicle with vehicle collision,2,1,Going straight,Female,18-30,2,Other,Serious Injury,Owner,Above 10yr,Normal,Not a Pedestrian,Serious Injury
03:00:00,Friday,18-30,Male,2-5yr,Automobile,Office areas,Asphalt roads,Dry,Normal,Darkness - no lighting,Vehicle with vehicle collision,2,1,Going straight,na,No Casualty,na,No distancing,Serious Injury,Owner,2-5yrs,Normal,Not a Pedestrian,No Casualty
08:30:00,Monday,18-30,Male,1-2yr,Taxi,Market areas,Asphalt roads,Wet or damp,Unknown,Daylight,Vehicle with vehicle collision,1,1,Going straight,Male,18-30,3,Moving Backward,Slight Injury,Owner,2-5yrs,Normal,Not a Pedestrian,Slight Injury
13:05:00,Monday,18-30,Male,5-10yr,Other,Unknown,Asphalt roads,Dry,Normal,Daylight,Collision with roadside objects,3,1,Reversing,Female,31-50,3,No distancing,Serious Injury,Owner,Unknown,Normal,Not a Pedestrian,Slight Injury
13:05:00,Monday,31-50,Male,2-5yr,Taxi,Industrial areas,Asphalt roads,Dry,Normal,Daylight,Vehicle with vehicle collision,3,1,Reversing,Male,31-50,3,Changing lane to the left,Serious Injury,Owner,Unknown,Normal,Not a Pedestrian,Slight Injury
13:05:00,Monday,31-50,Male,5-10yr,Lorry (11-40Q),Residential areas,Asphalt roads,Dry,Normal,Daylight,Vehicle with vehicle collision,3,1,Reversing,Male,18-30,3,Changing lane to the left,Serious Injury,Owner,Unknown,Normal,Not a Pedestrian,Slight Injury
18:08:00,Friday,18-30,Male,5-10yr,Automobile,Residential areas,Asphalt roads,Dry,Normal,Darkness - no lighting,Vehicle with vehicle collision,2,4,Going straight,Female,31-50,3,No priority to pedestrian,Slight Injury,Governmental,Below 1yr,Normal,Not a Pedestrian,Slight Injury
18:08:00,Friday,18-30,Male,2-5yr,Other,Other,Asphalt roads,Dry,Normal,Darkness - no lighting,Vehicle with vehicle collision,2,4,Going straight,Male,18-30,3,Changing lane to the left,Slight Injury,Owner,5-10yrs,Normal,Not a Pedestrian,Slight Injury
18:08:00,Friday,18-30,Male,2-5yr,Automobile,Residential areas,Asphalt roads,Dry,Normal,Darkness - no lighting,Vehicle with vehicle collision,2,4,Going straight,na,No Casualty,na,Driving carelessly,Slight Injury,Governmental,Unknown,Normal,Not a Pedestrian,No Casualty
18:08:00,Friday,18-30,Male,2-5yr,Automobile,Rural village areas,Asphalt roads,Dry,Normal,Darkness - no lighting,Vehicle with vehicle collision,2,4,Going straight,Female,18-30,3,Driving carelessly,Slight Injury,Owner,1-2yr,No Casualty,Not a Pedestrian,Slight Injury
17:00:00,Friday,18-30,Male,5-10yr,Automobile,Rural village areas,Asphalt roads,Wet or damp,Normal,Darkness - lights lit,Vehicle with vehicle collision,2,2,Moving Backward,Female,31-50,3,No priority to pedestrian,Slight Injury,Owner,2-5yrs,Normal,Unknown or other,Slight Injury
17:00:00,Friday,18-30,Male,1-2yr,Automobile,Office areas,Asphalt roads,Wet or damp,Normal,Darkness - lights lit,Vehicle with vehicle collision,2,2,Going straight,Male,Under 18,3,Getting off the vehicle improperly,Slight Injury,Owner,Unknown,Normal,Not a Pedestrian,Slight Injury
13:15:00,Thursday,18-30,Male,2-5yr,Lorry (41-100Q),Residential areas,Asphalt roads,Dry,Unknown,Daylight,Vehicle with vehicle collision,2,1,Moving Backward,na,No Casualty,na,No distancing,Slight Injury,Owner,2-5yrs,Normal,Not a Pedestrian,No Casualty
13:15:00,Thursday,31-50,Male,2-5yr,Other,Residential areas,Asphalt roads,Dry,Unknown,Daylight,Vehicle with vehicle collision,2,1,Moving Backward,Male,31-50,3,Changing lane to the left,Slight Injury,Owner,Unknown,Normal,Not a Pedestrian,Slight Injury
06:07:00,Thursday,18-30,Male,5-10yr,Pick up upto 10Q,Outside rural areas,Asphalt roads,Dry,Normal,Darkness - lights lit,Vehicle with vehicle collision,1,1,Going straight,na,No Casualty,na,No priority to vehicle,Serious Injury,Owner,Unknown,Normal,Not a Pedestrian,No Casualty
17:35:00,Tuesday,18-30,Male,1-2yr,Pick up upto 10Q,Residential areas,Asphalt roads,Wet or damp,Rain,Daylight,Vehicle with vehicle collision,1,1,Other,na,No Casualty,na,No distancing,Slight Injury,Owner,Above 10yr,Normal,Not a Pedestrian,No Casualty
17:38:00,Wednesday,18-30,Male,Below 1yr,Automobile,Church areas,Asphalt roads,Dry,Normal,Daylight,Vehicle with vehicle collision,2,1,Going straight,Male,18-30,2,No priority to pedestrian,Slight Injury,Owner,5-10yrs,No Casualty,Not a Pedestrian,Serious Injury
17:38:00,Wednesday,18-30,Male,1-2yr,Long lorry,Office areas,Earth roads,Dry,Normal,Daylight,Vehicle with vehicle collision,2,1,Other,na,No Casualty,na,No priority to pedestrian,Slight Injury,Owner,Unknown,Normal,Not a Pedestrian,No Casualty
07:30:00,Wednesday,31-50,Male,1-2yr,Automobile,Office areas,Asphalt roads,Dry,Normal,Daylight,Vehicle with vehicle collision,1,1,Going straight,Male,31-50,3,No priority to vehicle,Slight Injury,Owner,Unknown,No Casualty,Not a Pedestrian,Slight Injury
18:00:00,Friday,18-30,Female,Above 10yr,Public (13-45 seats),Office areas,Asphalt roads,Dry,Normal,Daylight,Collision with roadside objects,2,4,Reversing,Male,18-30,3,Driving carelessly,Slight Injury,Governmental,Unknown,No Casualty,Not a Pedestrian,Slight Injury
18:00:00,Friday,31-50,Male,1-2yr,Lorry (41-100Q),Other,Asphalt roads,Dry,Normal,Daylight,Vehicle with vehicle collision,2,4,Going straight,Female,Over 51,3,Changing lane to the right,Slight Injury,Owner,2-5yrs,No Casualty,Not a Pedestrian,Slight Injury
18:00:00,Friday,31-50,Male,2-5yr,Public (13-45 seats),Other,Asphalt roads,Dry,Normal,Daylight,Vehicle with vehicle collision,2,4,Going straight,Male,18-30,3,Changing lane to the left,Slight Injury,Owner,2-5yrs,Normal,Not a Pedestrian,Slight Injury
18:00:00,Friday,31-50,Male,2-5yr,Other,Residential areas,Asphalt roads,Dry,Normal,Daylight,Vehicle with vehicle collision,2,4,Going straight,Male,31-50,3,Moving Backward,Slight Injury,Owner,Unknown,Normal,Not a Pedestrian,Slight Injury
18:00:00,Friday,31-50,Male,Above 10yr,Lorry (41-100Q),Other,Asphalt roads,Dry,Normal,Daylight,Vehicle with vehicle collision,2,4,Going straight,na,No Casualty,na,Driving carelessly,Slight Injury,Owner,Unknown,Normal,Not a Pedestrian,No Casualty
12:30:00,Friday,18-30,Male,5-10yr,Lorry (41-100Q),Other,Asphalt roads,Dry,Normal,Daylight,Collision with pedestrians,2,1,Going straight,Male,31-50,3,Driving to the left,Slight Injury,Owner,Below 1yr,Normal,Not a Pedestrian,Slight Injury
12:30:00,Friday,31-50,Male,1-2yr,Long lorry,Other,Gravel roads,Dry,Normal,Daylight,Vehicle with vehicle collision,2,1,Going straight,Male,18-30,3,Driving to the left,Slight Injury,Owner,5-10yrs,Normal,Not a Pedestrian,Slight Injury
16:40:00,Friday,18-30,Male,5-10yr,Pick up upto 10Q,Other,Asphalt roads,Wet or damp,Normal,Daylight,Vehicle with vehicle collision,2,2,Going straight,na,No Casualty,na,No priority to pedestrian,Slight Injury,Governmental,5-10yrs,Normal,Not a Pedestrian,No Casualty
16:40:00,Friday,31-50,Male,2-5yr,Pick up upto 10Q,Other,Asphalt roads,Wet or damp,Normal,Daylight,Vehicle with vehicle collision,2,2,Other,Male,Under 18,3,Changing lane to the left,Slight Injury,Owner,2-5yrs,Normal,Not a Pedestrian,Slight Injury
16:40:00,Friday,31-50,Male,1-2yr,Lorry (41-100Q),Other,Asphalt roads,Wet or damp,Normal,Daylight,Vehicle with vehicle collision,2,2,Going straight,na,No Casualty,na,Changing lane to the right,Slight Injury,Owner,Unknown,Normal,Not a Pedestrian,No Casualty
19:31:00,Thursday,31-50,Male,Above 10yr,Lorry (41-100Q),Church areas,Other,Dry,Normal,Darkness - lights lit,Vehicle with vehicle collision,2,1,Going straight,Female,18-30,3,Driving carelessly,Slight Injury,Owner,2-5yrs,Normal,Not a Pedestrian,Slight Injury
19:31:00,Thursday,18-30,Male,2-5yr,Automobile,Other,Asphalt roads,Dry,Normal,Darkness - lights lit,Vehicle with vehicle collision,2,1,Going straight,na,No Casualty,na,No distancing,Slight Injury,Owner,5-10yrs,No Casualty,Not a Pedestrian,No Casualty
01:19:00,Monday,18-30,Male,5-10yr,Other,Industrial areas,Asphalt roads,Dry,Normal,Darkness - lights lit,Vehicle with vehicle collision,2,1,Going straight,Male,18-30,3,Getting off the vehicle improperly,Slight Injury,Organization,2-5yrs,Normal,Not a Pedestrian,Slight Injury
01:19:00,Monday,18-30,Male,1-2yr,Automobile,Residential areas,Asphalt roads,Dry,Normal,Darkness - lights lit,Vehicle with vehicle collision,2,1,Reversing,na,No Casualty,na,Driving under the influence of drugs,Slight Injury,Owner,Unknown,Normal,Not a Pedestrian,No Casualty
17:30:00,Thursday,Under 18,Male,5-10yr,Other,Other,Asphalt roads,Dry,Normal,Darkness - lights lit,Collision with pedestrians,2,1,Going straight,Female,18-30,3,Changing lane to the right,Slight Injury,Governmental,Above 10yr,Normal,Not a Pedestrian,Slight Injury
17:30:00,Thursday,18-30,Male,5-10yr,Automobile,Office areas,Asphalt roads,Dry,Normal,Darkness - lights lit,Vehicle with vehicle collision,2,1,Going straight,Female,18-30,3,Driving carelessly,Slight Injury,Owner,Unknown,Normal,Not a Pedestrian,Slight Injury
07:15:00,Wednesday,18-30,Female,5-10yr,Pick up upto 10Q,Industrial areas,Asphalt roads,Dry,Normal,Darkness - lights lit,Vehicle with vehicle collision,2,1,Other,na,No Casualty,na,Moving Backward,Slight Injury,Owner,Unknown,No Casualty,Not a Pedestrian,No Casualty
07:15:00,Wednesday,Under 18,Male,2-5yr,Automobile,Industrial areas,Asphalt roads,Dry,Normal,Darkness - lights lit,Vehicle with vehicle collision,2,1,Going straight,Male,31-50,3,Turnover,Slight Injury,Owner,1-2yr,Normal,Not a Pedestrian,Slight Injury
08:25:00,Monday,31-50,Male,5-10yr,Public (12 seats),Other,Asphalt roads,Wet or damp,Rain,Daylight,Vehicle with vehicle collision,2,1,Going straight,Male,18-30,3,Changing lane to the right,Slight Injury,Owner,Unknown,Normal,Not a Pedestrian,Slight Injury
08:25:00,Monday,31-50,Male,2-5yr,Automobile,Hospital areas,Asphalt roads,Wet or damp,Rain,Daylight,Collision with roadside objects,2,1,Going straight,na,No Casualty,na,Driving carelessly,Slight Injury,Organization,Above 10yr,Normal,Not a Pedestrian,No Casualty
14:55:00,Friday,31-50,Male,1-2yr,Other,Office areas,Asphalt roads,Dry,Normal,Daylight,Vehicle with vehicle collision,1,1,Turnover,Male,18-30,3,No priority to vehicle,Serious Injury,Owner,Unknown,Normal,Not a Pedestrian,Slight Injury
11:25:00,Tuesday,18-30,Male,1-2yr,Public (12 seats),Church areas,Asphalt roads,Dry,Normal,Daylight,Vehicle with vehicle collision,2,2,Going straight,na,No Casualty,na,Moving Backward,Slight Injury,Owner,2-5yrs,Normal,Not a Pedestrian,No Casualty
11:25:00,Tuesday,18-30,Male,5-10yr,Stationwagen,Hospital areas,Asphalt roads,Dry,Normal,Daylight,Vehicle with vehicle collision,2,2,Going straight,na,No Casualty,na,Changing lane to the left,Slight Injury,Organization,5-10yrs,No Casualty,Not a Pedestrian,No Casualty
13:02:00,Monday,Under 18,Male,5-10yr,Lorry (41-100Q),Office areas,Asphalt roads,Wet or damp,Rain,Daylight,Vehicle with vehicle collision,2,2,Reversing,Male,31-50,3,Overturning,Slight Injury,Owner,Above 10yr,Normal,Not a Pedestrian,Slight Injury
13:02:00,Monday,Under 18,Male,5-10yr,Lorry (41-100Q),Other,Asphalt roads,Wet or damp,Rain,Daylight,Vehicle with vehicle collision,2,2,Other,na,No Casualty,na,No distancing,Slight Injury,Owner,2-5yrs,Normal,Not a Pedestrian,No Casualty
13:02:00,Monday,31-50,Male,1-2yr,Lorry (41-100Q),Office areas,Gravel roads,Wet or damp,Rain,Daylight,Vehicle with vehicle collision,2,2,Going straight,Male,18-30,3,Driving carelessly,Slight Injury,Owner,1-2yr,Normal,Not a Pedestrian,Slight Injury
12:42:00,Friday,18-30,Female,2-5yr,Automobile,Office areas,Asphalt roads,Wet or damp,Normal,Daylight,Vehicle with vehicle collision,1,1,Going straight,na,No Casualty,na,No distancing,Slight Injury,Owner,2-5yrs,Normal,Not a Pedestrian,No Casualty
09:20:00,Tuesday,18-30,Male,Above 10yr,Lorry (41-100Q),Other,Asphalt roads,Dry,Normal,Daylight,Collision with roadside objects,2,1,Moving Backward,Male,31-50,3,Changing lane to the left,Slight Injury,Owner,Unknown,Normal,Not a Pedestrian,Slight Injury
09:20:00,Tuesday,Over 51,Male,5-10yr,Automobile,Office areas,Asphalt roads,Dry,Normal,Daylight,Vehicle with vehicle collision,2,1,Reversing,na,No Casualty,na,No priority to pedestrian,Slight Injury,Owner,1-2yr,Normal,Not a Pedestrian,No Casualty
12:00:00,Friday,18-30,Male,1-2yr,Public (12 seats),Residential areas,Other,Dry,Normal,Daylight,Vehicle with vehicle collision,2,1,Going straight,Male,Over 51,3,No distancing,Slight Injury,Owner,Unknown,No Casualty,Not a Pedestrian,Slight Injury
12:00:00,Friday,Over 51,Male,Above 10yr,Automobile,Other,Asphalt roads,Dry,Normal,Daylight,Vehicle with vehicle collision,2,1,Going straight,Male,31-50,3,No distancing,Slight Injury,Owner,Unknown,Normal,Not a Pedestrian,Slight Injury
21:06:00,Wednesday,31-50,Male,1-2yr,Stationwagen,Office areas,Other,Dry,Normal,Darkness - lights lit,Vehicle with vehicle collision,1,1,Moving Backward,na,No Casualty,na,Changing lane to the left,Slight Injury,Owner,2-5yrs,Normal,Not a Pedestrian,No Casualty
13:48:00,Friday,Over 51,Male,2-5yr,Automobile,Office areas,Asphalt roads,Wet or damp,Normal,Daylight,Rollover,3,4,Going straight,Male,Under 18,3,No distancing,Slight Injury,Owner,5-10yrs,No Casualty,Not a Pedestrian,Slight Injury
13:48:00,Friday,Over 51,Male,Above 10yr,Lorry (41-100Q),Office areas,Asphalt roads,Wet or damp,Normal,Daylight,Vehicle with vehicle collision,3,4,Going straight,na,No Casualty,na,Changing lane to the left,Slight Injury,Owner,Unknown,No Casualty,Not a Pedestrian,No Casualty
13:48:00,Friday,Over 51,Male,2-5yr,Other,Other,Asphalt roads,Wet or damp,Normal,Daylight,Vehicle with vehicle collision,3,4,Going straight,na,No Casualty,na,No distancing,Slight Injury,Owner,5-10yrs,Normal,Not a Pedestrian,No Casualty
13:48:00,Friday,31-50,Male,5-10yr,Pick up upto 10Q,Church areas,Asphalt roads,Wet or damp,Normal,Daylight,Collision with roadside objects,3,4,Going straight,Male,31-50,3,No distancing,Slight Injury,Owner,Unknown,Normal,Not a Pedestrian,Slight Injury
12:35:00,Monday,18-30,Male,5-10yr,Automobile,Industrial areas,Asphalt roads,Dry,Normal,Daylight,Vehicle with vehicle collision,2,1,Going straight,Male,Under 18,3,No distancing,Slight Injury,Owner,Unknown,Normal,Not a Pedestrian,Slight Injury
12:35:00,Monday,31-50,Male,1-2yr,Lorry (41-100Q),Office areas,Asphalt roads,Dry,Normal,Daylight,Vehicle with vehicle collision,2,1,Going straight,na,No Casualty,na,Changing lane to the left,Slight Injury,Owner,1-2yr,Normal,Not a Pedestrian,No Casualty
21:35:00,Friday,18-30,Male,5-10yr,Automobile,Church areas,Asphalt roads,Dry,Other,Darkness - lights lit,Vehicle with vehicle collision,2,2,Going straight,Female,18-30,3,Changing lane to the right,Slight Injury,Owner,Unknown,Normal,Not a Pedestrian,Slight Injury
21:35:00,Friday,18-30,Male,5-10yr,Public (13-45 seats),Office areas,Asphalt roads,Dry,Other,Darkness - lights lit,Collision with roadside objects,2,2,Going straight,Male,Over 51,2,Moving Backward,Slight Injury,Owner,Unknown,Normal,Not a Pedestrian,Serious Injury
17:55:00,Sunday,18-30,Male,1-2yr,Automobile,Office areas,Asphalt roads,Dry,Other,Daylight,Collision with roadside objects,1,1,Reversing,na,No Casualty,na,Changing lane to the right,Slight Injury,Owner,Unknown,Normal,Not a Pedestrian,No Casualty
15:40:00,Sunday,18-30,Male,5-10yr,Lorry (41-100Q),Residential areas,Asphalt roads,Wet or damp,Normal,Daylight,Vehicle with vehicle collision,1,1,Going straight,Male,31-50,3,No distancing,Slight Injury,Owner,Unknown,Normal,Not a Pedestrian,Slight Injury
08:28:00,Sunday,18-30,Male,5-10yr,Public (12 seats),Office areas,Asphalt roads,Dry,Normal,Daylight,Vehicle with vehicle collision,2,1,Going straight,Female,18-30,3,Overtaking,Slight Injury,Owner,5-10yrs,No Casualty,Not a Pedestrian,Slight Injury
08:28:00,Sunday,31-50,Male,2-5yr,Motorcycle,Residential areas,Asphalt roads,Dry,Normal,Daylight,Collision with roadside objects,2,1,Going straight,Female,31-50,3,Other,Slight Injury,Owner,5-10yrs,No Casualty,Unknown or other,Slight Injury
21:12:00,Wednesday,18-30,Male,1-2yr,Public (12 seats),Office areas,Asphalt roads,Dry,Normal,Darkness - lights lit,Collision with roadside objects,1,1,Going straight,na,No Casualty,na,Other,Slight Injury,Owner,2-5yrs,Normal,Not a Pedestrian,No Casualty
19:15:00,Sunday,18-30,Female,5-10yr,Lorry (41-100Q),Office areas,Asphalt roads,Dry,Normal,Darkness - lights lit,Vehicle with vehicle collision,2,1,Going straight,Male,31-50,3,Changing lane to the right,Slight Injury,Owner,2-5yrs,Normal,Not a Pedestrian,Slight Injury
19:15:00,Sunday,31-50,Male,Below 1yr,Automobile,Other,Asphalt roads,Dry,Normal,Darkness - lights lit,Vehicle with vehicle collision,2,1,Going straight,na,No Casualty,na,No priority to pedestrian,Slight Injury,Owner,Unknown,Normal,Not a Pedestrian,No Casualty
16:10:00,Friday,18-30,Male,5-10yr,Lorry (41-100Q),Other,Asphalt roads,Dry,Normal,Daylight,Vehicle with vehicle collision,1,1,Other,Male,Over 51,2,No priority to vehicle,Slight Injury,Owner,Unknown,Normal,Not a Pedestrian,Serious Injury
19:48:00,Tuesday,18-30,Male,5-10yr,Stationwagen,Residential areas,Asphalt roads,Dry,Normal,Darkness - no lighting,Collision with roadside objects,2,3,Moving Backward,na,No Casualty,na,Changing lane to the left,Slight Injury,Owner,Above 10yr,Normal,Not a Pedestrian,No Casualty
19:48:00,Tuesday,18-30,Male,5-10yr,Pick up upto 10Q,Church areas,Asphalt roads,Dry,Normal,Darkness - no lighting,Vehicle with vehicle collision,2,3,Other,Male,18-30,3,Changing lane to the left,Slight Injury,Owner,Unknown,Normal,Not a Pedestrian,Slight Injury
19:48:00,Tuesday,18-30,Male,5-10yr,Automobile,Church areas,Asphalt roads,Dry,Normal,Darkness - no lighting,Vehicle with vehicle collision,2,3,Going straight,na,No Casualty,na,Overtaking,Slight Injury,Governmental,Unknown,Normal,Not a Pedestrian,No Casualty
11:20:00,Tuesday,Under 18,Male,2-5yr,Automobile,Residential areas,Asphalt roads,Dry,Normal,Daylight,Vehicle with vehicle collision,2,2,Going straight,Male,31-50,3,No distancing,Slight Injury,Owner,2-5yrs,Normal,Not a Pedestrian,Slight Injury
11:20:00,Tuesday,Under 18,Male,5-10yr,Automobile,Office areas,Asphalt roads,Dry,Normal,Daylight,Rollover,2,2,Going straight,Male,18-30,3,No priority to vehicle,Slight Injury,Owner,Unknown,Normal,Not a Pedestrian,Slight Injury
18:03:00,Thursday,18-30,Male,Above 10yr,Other,Office areas,Earth roads,Dry,Normal,Daylight,Vehicle with vehicle collision,1,2,Other,Male,Under 18,3,Changing lane to the right,Slight Injury,Owner,5-10yrs,Normal,Not a Pedestrian,Slight Injury
18:03:00,Thursday,18-30,Male,Below 1yr,Automobile,Residential areas,Asphalt roads,Dry,Normal,Daylight,Vehicle with vehicle collision,1,2,Going straight,na,No Casualty,na,Changing lane to the left,Slight Injury,Owner,2-5yrs,Normal,Not a Pedestrian,No Casualty
19:46:00,Friday,18-30,Male,5-10yr,Public (13-45 seats),Church areas,Asphalt roads,Dry,Normal,Darkness - lights lit,Collision with pedestrians,2,1,Going straight,na,No Casualty,na,No distancing,Slight Injury,Owner,5-10yrs,Normal,Not a Pedestrian,No Casualty
19:46:00,Friday,18-30,Male,2-5yr,Public (13-45 seats),Other,Asphalt roads,Dry,Normal,Darkness - lights lit,Vehicle with vehicle collision,2,1,Going straight,Female,18-30,3,Driving carelessly,Slight Injury,Owner,Unknown,Normal,Not a Pedestrian,Slight Injury
09:00:00,Tuesday,18-30,Male,2-5yr,Automobile,Office areas,Asphalt roads,Dry,Normal,Daylight,Vehicle with vehicle collision,2,1,Going straight,na,No Casualty,na,No priority to pedestrian,Slight Injury,Owner,Unknown,Normal,Not a Pedestrian,No Casualty
09:00:00,Tuesday,18-30,Male,1-2yr,Public (12 seats),Other,Asphalt roads,Dry,Normal,Daylight,Vehicle with vehicle collision,2,1,Going straight,Male,18-30,3,Driving carelessly,Slight Injury,Owner,Unknown,Normal,Not a Pedestrian,Slight Injury
17:05:00,Friday,Under 18,Male,2-5yr,Public (12 seats),Other,Asphalt roads,Dry,Normal,Daylight,Vehicle with vehicle collision,2,1,Going straight,Male,18-30,3,Moving Backward,Slight Injury,Owner,Unknown,Normal,"In carriageway, statioNot a Pedestrianry - not crossing  (standing or playing) - masked by parked or statioNot a Pedestrianry vehicle",Slight Injury
17:05:00,Friday,18-30,Male,2-5yr,Lorry (41-100Q),Other,Asphalt roads,Dry,Normal,Daylight,Collision with roadside objects,2,1,Moving Backward,na,No Casualty,na,No distancing,Slight Injury,Owner,Unknown,Normal,Not a Pedestrian,No Casualty
21:15:00,Thursday,Under 18,Male,Above 10yr,Automobile,Residential areas,Asphalt roads,Dry,Normal,Darkness - lights lit,Vehicle with vehicle collision,2,1,Moving Backward,Female,Over 51,2,No distancing,Serious Injury,Governmental,2-5yrs,Normal,Not a Pedestrian,Serious Injury
21:15:00,Thursday,Under 18,Male,Below 1yr,Pick up upto 10Q,Church areas,Asphalt roads,Dry,Normal,Darkness - lights lit,Vehicle with vehicle collision,2,1,Going straight,Male,18-30,3,No distancing,Serious Injury,Owner,Below 1yr,Normal,Not a Pedestrian,Slight Injury
14:45:00,Thursday,18-30,Male,2-5yr,Pick up upto 10Q,Other,Asphalt roads,Dry,Normal,Daylight,Vehicle with vehicle collision,3,1,Going straight,na,No Casualty,na,Changing lane to the left,Slight Injury,Owner,Unknown,Normal,Not a Pedestrian,No Casualty
14:45:00,Thursday,31-50,Male,Above 10yr,Lorry (41-100Q),Other,Gravel roads,Dry,Normal,Daylight,Vehicle with vehicle collision,3,1,Turnover,Female,Under 18,3,Changing lane to the left,Slight Injury,Owner,Unknown,Normal,Crossing from nearside - masked by parked or statioNot a Pedestrianry vehicle,Slight Injury
14:45:00,Thursday,18-30,Male,Above 10yr,Automobile,Residential areas,Asphalt roads,Dry,Normal,Daylight,Collision with roadside objects,3,1,Going straight,Male,31-50,3,Moving Backward,Slight Injury,Owner,Unknown,Normal,Not a Pedestrian,Slight Injury
16:30:00,Thursday,18-30,Male,5-10yr,Stationwagen,Office areas,Earth roads,Dry,Normal,Daylight,Vehicle with vehicle collision,1,2,Going straight,Male,18-30,3,Changing lane to the right,Slight Injury,Owner,Unknown,Normal,Not a Pedestrian,Slight Injury
16:30:00,Thursday,18-30,Male,Above 10yr,Motorcycle,Industrial areas,Asphalt roads,Dry,Normal,Daylight,Collision with roadside objects,1,2,Going straight,Male,18-30,2,No priority to vehicle,Slight Injury,Owner,Unknown,No Casualty,Not a Pedestrian,Serious Injury
17:24:00,Monday,18-30,Male,1-2yr,Automobile,Residential areas,Asphalt roads,Dry,Normal,Daylight,Vehicle with vehicle collision,2,2,Going straight,na,No Casualty,na,Moving Backward,Slight Injury,Governmental,Unknown,No Casualty,Not a Pedestrian,No Casualty
17:24:00,Monday,18-30,Male,2-5yr,Other,Office areas,Asphalt roads,Dry,Normal,Daylight,Rollover,2,2,Going straight,na,No Casualty,na,Driving carelessly,Slight Injury,Owner,Unknown,No Casualty,Not a Pedestrian,No Casualty
17:24:00,Monday,31-50,Male,2-5yr,Automobile,Other,Earth roads,Dry,Normal,Daylight,Vehicle with vehicle collision,2,2,Going straight,Male,31-50,3,Driving carelessly,Slight Injury,Owner,2-5yrs,Normal,Not a Pedestrian,Slight Injury
18:08:00,Friday,31-50,Male,5-10yr,Automobile,Church areas,Asphalt roads,Dry,Normal,Daylight,Vehicle with vehicle collision,1,1,Going straight,Male,31-50,3,Driving under the influence of drugs,Slight Injury,Owner,Unknown,Normal,Not a Pedestrian,Slight Injury