Time,Day_of_week,Age_band_of_driver,Sex_of_driver,Driving_experience,Type_of_vehicle,Area_accident_occured,Road_surface_type,Road_surface_conditions,Weather_conditions,Light_conditions,Type_of_collision,Number_of_vehicles_involved,Number_of_casualties,Vehicle_movement,Sex_of_casualty,Age_band_of_casualty,Casualty_severity,Cause_of_accident,Accident_severity,Owner_of_vehicle,Service_year_of_vehicle,Fitness_of_casuality,Pedestrian_movement,Casualty_severity_label
19:45:00,Friday,31-50,Male,5-10yr,Stationwagen,Office areas,Asphalt roads,Wet or damp,Windy,Daylight,Collision with roadside objects,3,4,Other,Male,Over 51,3,Moving Backward,Slight Injury,Owner,Unknown,Normal,Not a Pedestrian,Slight Injury
19:45:00,Friday,Under 18,Male,5-10yr,Automobile,Office areas,Asphalt roads,Wet or damp,Windy,Daylight,Vehicle with vehicle collision,3,4,Moving Backward,na,No Casualty,na,Driving carelessly,Slight Injury,Governmental,Unknown,Normal,Not a Pedestrian,No Casualty
14:57:00,Friday,31-50,Male,Above 10yr,Automobile,Other,Asphalt roads,Dry,Normal,Daylight,Vehicle with vehicle collision,2,1,Going straight,Male,Over 51,3,Driving under the influence of drugs,Slight Injury,Owner,2-5yrs,Normal,Not a Pedestrian,Slight Injury
14:57:00,Friday,18-30,Male,1-2yr,Lorry (41-100Q),Other,Asphalt roads,Dry,Normal,Daylight,Collision with roadside objects,2,1,Other,Female,31-50,3,Changing lane to the right,Slight Injury,Owner,2-5yrs,Normal,Not a Pedestrian,Slight Injury
21:43:00,Friday,18-30,Male,Below 1yr,Stationwagen,Residential areas,Asphalt roads,Dry,Normal,Darkness - lights lit,Vehicle with vehicle collision,2,2,Moving Backward,Female,31-50,3,No priority to vehicle,Slight Injury,Owner,Unknown,Normal,Not a Pedestrian,Slight Injury
21:43:00,Friday,18-30,Male,Above 10yr,Lorry (41-100Q),Other,Asphalt roads,Dry,Normal,Darkness - lights lit,Vehicle with vehicle collision,2,2,Going straight,Female,Under 18,3,Changing lane to the right,Slight Injury,Owner,Unknown,Normal,Not a Pedestrian,Slight Injury
16:45:00,Monday,Under 18,Male,1-2yr,Public (> 45 seats),Other,Asphalt roads,Dry,Normal,Daylight,Vehicle with vehicle collision,1,1,Going straight,Male,Under 18,3,Driving to the left,Slight Injury,Owner,Below 1yr,Normal,Not a Pedestrian,Slight Injury
17:53:00,Sunday,31-50,Male,2-5yr,Automobile,Other,Asphalt roads,Dry,Normal,Daylight,Rollover,2,1,Moving Backward,Female,Under 18,3,Moving Backward,Slight Injury,Owner,5-10yrs,Normal,Not a Pedestrian,Slight Injury
17:53:00,Sunday,31-50,Male,5-10yr,Automobile,Other,Asphalt roads,Dry,Normal,Daylight,Rollover,2,1,Going straight,Male,Under 18,3,No priority to vehicle,Slight Injury,Governmental,5-10yrs,Normal,Not a Pedestrian,Slight Injury
18:25:00,Wednesday,Over 51,Male,2-5yr,Automobile,Other,Asphalt roads,Dry,Normal,Daylight,Collision with pedestrians,3,1,Getting off,na,No Casualty,na,No distancing,Slight Injury,Owner,2-5yrs,No Casualty,Not a Pedestrian,No Casualty
18:25:00,Wednesday,31-50,Male,Above 10yr,Automobile,Other,Asphalt roads,Dry,Normal,Daylight,Vehicle with vehicle collision,3,1,Going straight,Male,Under 18,3,Driving carelessly,Slight Injury,Owner,Unknown,Normal,Not a Pedestrian,Slight Injury
18:25:00,Wednesday,31-50,Male,1-2yr,Lorry (41-100Q),Church areas,Asphalt roads,Dry,Normal,Daylight,Vehicle with vehicle collision,3,1,Going straight,Male,31-50,3,Changing lane to the left,Slight Injury,Owner,2-5yrs,Normal,Not a Pedestrian,Slight Injury
12:00:00,Friday,31-50,Male,1-2yr,Lorry (41-100Q),Other,Asphalt roads,Dry,Normal,Daylight,Vehicle with vehicle collision,2,2,Moving Backward,na,No Casualty,na,No priority to vehicle,Slight Injury,Owner,5-10yrs,No Casualty,Not a Pedestrian,No Casualty
12:00:00,Friday,31-50,Male,1-2yr,Automobile,Industrial areas,Asphalt roads,Dry,Normal,Daylight,Collision with pedestrians,2,2,Going straight,Female,Over 51,3,No priority to vehicle,Slight Injury,Organization,2-5yrs,Normal,Not a Pedestrian,Slight Injury
12:00:00,Friday,31-50,Male,5-10yr,Stationwagen,Residential areas,Asphalt roads,Dry,Normal,Daylight,Collision with pedestrians,2,2,Going straight,Female,31-50,2,No distancing,Slight Injury,Owner,Unknown,Normal,Not a Pedestrian,Serious Injury
18:29:00,Thursday,18-30,Male,5-10yr,Public (12 seats),Other,Asphalt roads,Dry,Normal,Daylight,Vehicle with vehicle collision,2,4,Going straight,na,No Casualty,na,Driving to the left,Slight Injury,Governmental,Above 10yr,Normal,Not a Pedestrian,No Casualty
18:29:00,Thursday,18-30,Male,5-10yr,Public (12 seats),Office areas,Asphalt roads,Dry,Normal,Daylight,Vehicle with vehicle collision,2,4,Going straight,Male,Under 18,3,Driving carelessly,Slight Injury,Owner,Unknown,Normal,Not a Pedestrian,Slight Injury
18:29:00,Thursday,18-30,Male,5-10yr,Automobile,Industrial areas,Asphalt roads,Dry,Normal,Daylight,Vehicle with vehicle collision,2,4,Going straight,Male,31-50,3,Driving carelessly,Slight Injury,Owner,Unknown,Normal,Not a Pedestrian,Slight Injury
18:29:00,Thursday,Over 51,Male,5-10yr,Public (12 seats),Industrial areas,Asphalt roads,Dry,Normal,Daylight,Collision with roadside objects,2,4,Moving Backward,na,No Casualty,na,Changing lane to the right,Slight Injury,Owner,1-2yr,Normal,Not a Pedestrian,No Casualty
08:45:00,Wednesday,31-50,Male,5-10yr,Public (12 seats),Other,Asphalt roads,Dry,Normal,Daylight,Vehicle with vehicle collision,2,1,Going straight,Male,18-30,3,Driving carelessly,Slight Injury,Owner,Unknown,Normal,Not a Pedestrian,Slight Injury
08:45:00,Wednesday,18-30,Male,5-10yr,Lorry (41-100Q),Hospital areas,Asphalt roads,Dry,Normal,Daylight,Collision with roadside objects,2,1,Going straight,na,No Casualty,na,Changing lane to the left,Slight Injury,Organization,Above 10yr,Normal,Not a Pedestrian,No Casualty
14:10:00,Monday,31-50,Male,1-2yr,Automobile,Office areas,Asphalt roads,Wet or damp,Normal,Daylight,Vehicle with vehicle collision,2,2,Moving Backward,na,No Casualty,na,Driving carelessly,Slight Injury,Owner,Unknown,No Casualty,Not a Pedestrian,No Casualty
14:10:00,Monday,31-50,Male,2-5yr,Lorry (41-100Q),Church areas,Asphalt roads,Wet or damp,Normal,Daylight,Vehicle with vehicle collision,2,2,Moving Backward,na,No Casualty,na,Driving carelessly,Slight Injury,Owner,2-5yrs,Normal,Not a Pedestrian,No Casualty
14:10:00,Monday,31-50,Male,5-10yr,Automobile,Hospital areas,Asphalt roads,Wet or damp,Normal,Daylight,Collision with roadside objects,2,2,Going straight,Male,31-50,3,Driving under the influence of drugs,Slight Injury,Organization,5-10yrs,Normal,Not a Pedestrian,Slight Injury
17:59:00,Friday,31-50,Male,Above 10yr,Automobile,Office areas,Asphalt roads,Dry,Normal,Daylight,Vehicle with vehicle collision,1,1,Going straight,Female,31-50,3,Driving carelessly,Slight Injury,Owner,Above 10yr,Normal,Not a Pedestrian,Slight Injury
07:19:00,Wednesday,18-30,Male,5-10yr,Stationwagen,Other,Asphalt roads,Dry,Normal,Daylight,Vehicle with vehicle collision,2,1,Going straight,na,No Casualty,na,No distancing,Serious Injury,Owner,2-5yrs,Normal,Not a Pedestrian,No Casualty
07:19:00,Wednesday,31-50,Male,2-5yr,Automobile,Office areas,Asphalt roads,Dry,Normal,Daylight,Collision with roadside objects,2,1,Going straight,na,No Casualty,na,Driving carelessly,Serious Injury,Owner,1-2yr,No Casualty,Not a Pedestrian,No Casualty
15:10:00,Friday,18-30,Male,5-10yr,Automobile,Office areas,Asphalt roads,Dry,Normal,Daylight,Collision with roadside objects,2,1,Going straight,Male,18-30,3,Driving to the left,Slight Injury,Owner,2-5yrs,Normal,Not a Pedestrian,Slight Injury
15:10:00,Friday,31-50,Male,2-5yr,Automobile,Other,Asphalt roads,Dry,Normal,Daylight,Vehicle with vehicle collision,2,1,Going straight,na,No Casualty,na,Overtaking,Slight Injury,Owner,Unknown,Normal,Not a Pedestrian,No Casualty
10:53:00,Monday,18-30,Male,5-10yr,Stationwagen,Office areas,Asphalt roads,Dry,Normal,Daylight,Vehicle with vehicle collision,1,1,Going straight,Female,31-50,3,No distancing,Slight Injury,Owner,1-2yr,No Casualty,Not a Pedestrian,Slight Injury
12:10:00,Tuesday,18-30,Male,1-2yr,Automobile,Residential areas,Asphalt roads,Dry,Normal,Daylight,Vehicle with vehicle collision,1,1,Going straight,Male,31-50,3,Driving carelessly,Serious Injury,Owner,Unknown,Normal,Not a Pedestrian,Slight Injury
15:00:00,Friday,18-30,Male,5-10yr,Other,Other,Asphalt roads,Dry,Normal,Daylight,Vehicle with vehicle collision,2,1,Going straight,na,No Casualty,na,No priority to vehicle,Slight Injury,Owner,Unknown,No Casualty,Not a Pedestrian,No Casualty
15:00:00,Friday,31-50,Male,5-10yr,Other,Office areas,Asphalt roads,Dry,Normal,Daylight,Vehicle with vehicle collision,2,1,Going straight,Male,18-30,3,No priority to vehicle,Slight Injury,Owner,2-5yrs,Normal,Not a Pedestrian,Slight Injury
14:16:00,Wednesday,18-30,Male,Above 10yr,Automobile,Office areas,Asphalt roads,Dry,Normal,Daylight,Vehicle with vehicle collision,4,5,Other,na,No Casualty,na,No priority to vehicle,Slight Injury,Owner,5-10yrs,Normal,Not a Pedestrian,No Casualty
14:16:00,Wednesday,18-30,Male,Below 1yr,Lorry (41-100Q),Office areas,Asphalt roads,Dry,Normal,Daylight,Vehicle with vehicle collision,4,5,Going straight,Female,18-30,3,No priority to vehicle,Slight Injury,Owner,Unknown,Normal,Not a Pedestrian,Slight Injury
14:16:00,Wednesday,18-30,Male,2-5yr,Lorry (41-100Q),Other,Asphalt roads,Dry,Normal,Daylight,Vehicle with vehicle collision,4,5,Reversing,Female,Under 18,3,No distancing,Slight Injury,Owner,5-10yrs,Normal,Unknown or other,Slight Injury
14:16:00,Wednesday,Over 51,Male,1-2yr,Lorry (41-100Q),Church areas,Asphalt roads,Dry,Normal,Daylight,Vehicle with vehicle collision,4,5,Going straight,Female,Under 18,3,Moving Backward,Slight Injury,Owner,Unknown,Normal,Crossing from nearside - masked by parked or statioNot a Pedestrianry vehicle,Slight Injury
14:16:00,Wednesday,31-50,Male,5-10yr,Automobile,Industrial areas,Asphalt roads,Dry,Normal,Daylight,Vehicle with vehicle collision,4,5,Reversing,Female,31-50,3,No distancing,Slight Injury,Owner,Unknown,Normal,Not a Pedestrian,Slight Injury
14:16:00,Wednesday,18-30,Male,2-5yr,Automobile,Office areas,Asphalt roads,Dry,Normal,Daylight,Vehicle with vehicle collision,4,5,Going straight,na,No Casualty,na,Changing lane to the left,Slight Injury,Owner,1-2yr,No Casualty,Not a Pedestrian,No Casualty
17:34:00,Monday,31-50,Male,2-5yr,Public (13-45 seats),Church areas,Asphalt roads,Dry,Normal,Daylight,Vehicle with vehicle collision,2,2,Reversing,Male,31-50,3,Changing lane to the left,Slight Injury,Owner,Unknown,Normal,Not a Pedestrian,Slight Injury
17:34:00,Monday,Over 51,Male,2-5yr,Public (13-45 seats),Office areas,Asphalt roads,Dry,Normal,Daylight,Vehicle with vehicle collision,2,2,Going straight,na,No Casualty,na,No priority to pedestrian,Slight Injury,Owner,Unknown,Normal,Not a Pedestrian,No Casualty
12:00:00,Tuesday,18-30,Male,Above 10yr,Lorry (41-100Q),Office areas,Asphalt roads,Dry,Normal,Daylight,Vehicle with vehicle collision,2,1,Going straight,na,No Casualty,na,Moving Backward,Slight Injury,Owner,Unknown,No Casualty,Not a Pedestrian,No Casualty
12:00:00,Tuesday,18-30,Male,2-5yr,Lorry (41-100Q),Residential areas,Asphalt roads,Dry,Normal,Daylight,Vehicle with vehicle collision,2,1,Reversing,Male,18-30,3,Changing lane to the left,Slight Injury,Owner,Unknown,Normal,Not a Pedestrian,Slight Injury
21:44:00,Monday,18-30,Male,1-2yr,Public (12 seats),Office areas,Asphalt roads,Wet or damp,Rain,Darkness - lights lit,Vehicle with vehicle collision,2,1,Other,Female,Under 18,3,No distancing,Slight Injury,Owner,5-10yrs,Normal,Not a Pedestrian,Slight Injury
21:44:00,Monday,18-30,Male,2-5yr,Other,Residential areas,Asphalt roads,Wet or damp,Rain,Darkness - lights lit,Vehicle with vehicle collision,2,1,Going straight,Male,Over 51,3,No priority to vehicle,Slight Injury,Owner,5-10yrs,No Casualty,Not a Pedestrian,Slight Injury
20:14:00,Thursday,Over 51,Male,5-10yr,Lorry (41-100Q),Office areas,Asphalt roads,Dry,Normal,Daylight,Vehicle with vehicle collision,1,1,Going straight,na,No Casualty,na,Changing lane to the right,Slight Injury,Owner,2-5yrs,Normal,Not a Pedestrian,No Casualty
17:25:00,Wednesday,18-30,Male,1-2yr,Automobile,Office areas,Asphalt roads,Dry,Unknown,Daylight,Collision with roadside objects,3,1,Going straight,Male,18-30,3,No distancing,Slight Injury,Owner,2-5yrs,Normal,Not a Pedestrian,Slight Injury
17:25:00,Wednesday,18-30,Male,1-2yr,Other,Other,Asphalt roads,Dry,Unknown,Daylight,Vehicle with vehicle collision,3,1,Moving Backward,na,No Casualty,na,No distancing,Slight Injury,Owner,Unknown,Normal,Not a Pedestrian,No Casualty
17:25:00,Wednesday,18-30,Male,2-5yr,Motorcycle,Other,Asphalt roads,Dry,Unknown,Daylight,Collision with pedestrians,3,1,Going straight,Male,Over 51,3,Getting off the vehicle improperly,Slight Injury,Owner,Unknown,Normal,Not a Pedestrian,Slight Injury
15:51:00,Tuesday,18-30,Male,Above 10yr,Automobile,Residential areas,Asphalt roads,Dry,Normal,Daylight,Vehicle with vehicle collision,1,1,Going straight,na,No Casualty,na,No priority to pedestrian,Slight Injury,Owner,Above 10yr,Normal,Not a Pedestrian,No Casualty
10:45:00,Thursday,Over 51,Male,Below 1yr,Automobile,Church areas,Asphalt roads,Dry,Normal,Daylight,Collision with roadside objects,3,1,Going straight,Male,18-30,3,Changing lane to the left,Slight Injury,Owner,Unknown,Normal,Not a Pedestrian,Slight Injury
10:45:00,Thursday,18-30,Male,Above 10yr,Lorry (41-100Q),Church areas,Asphalt roads,Dry,Normal,Daylight,Vehicle with vehicle collision,3,1,Going straight,na,No Casualty,na,No distancing,Slight Injury,Governmental,Unknown,Normal,Not a Pedestrian,No Casualty
10:45:00,Thursday,Over 51,Male,5-10yr,Automobile,Residential areas,Asphalt roads,Dry,Normal,Daylight,Vehicle with vehicle collision,3,1,Other,na,No Casualty,na,Driving carelessly,Slight Injury,Owner,2-5yrs,No Casualty,Not a Pedestrian,No Casualty
15:56:00,Friday,31-50,Male,Above 10yr,Public (> 45 seats),Office areas,Asphalt roads,Dry,Normal,Daylight,Vehicle with vehicle collision,2,1,Going straight,Male,18-30,3,No distancing,Slight Injury,Owner,Unknown,Normal,Not a Pedestrian,Slight Injury
15:56:00,Friday,18-30,Male,1-2yr,Lorry (41-100Q),Office areas,Asphalt roads,Dry,Normal,Daylight,Vehicle with vehicle collision,2,1,Going straight,Male,18-30,3,Changing lane to the right,Slight Injury,Owner,5-10yrs,Normal,Not a Pedestrian,Slight Injury
17:23:00,Thursday,18-30,Male,5-10yr,Public (> 45 seats),Residential areas,Asphalt roads,Dry,Normal,Daylight,Vehicle with vehicle collision,2,3,Turnover,na,No Casualty,na,Overtaking,Slight Injury,Owner,2-5yrs,Normal,Not a Pedestrian,No Casualty
17:23:00,Thursday,31-50,Male,5-10yr,Lorry (41-100Q),Church areas,Asphalt roads,Dry,Normal,Daylight,Rollover,2,3,Going straight,Female,Over 51,3,Driving carelessly,Slight Injury,Owner,5-10yrs,Normal,Not a Pedestrian,Slight Injury
17:23:00,Thursday,31-50,Male,2-5yr,Lorry (41-100Q),Other,Asphalt roads,Dry,Normal,Daylight,Collision with roadside objects,2,3,Moving Backward,Male,18-30,3,Moving Backward,Slight Injury,Owner,Unknown,Normal,Not a Pedestrian,Slight Injury
14:09:00,Thursday,Over 51,Male,5-10yr,Lorry (41-100Q),Office areas,Asphalt roads,Dry,Normal,Daylight,Vehicle with vehicle collision,2,1,Moving Backward,Female,Over 51,2,No distancing,Slight Injury,Owner,Unknown,Normal,Unknown or other,Serious Injury
14:09:00,Thursday,31-50,Male,5-10yr,Public (12 seats),Other,Asphalt roads,Dry,Normal,Daylight,Vehicle with vehicle collision,2,1,Going straight,na,No Casualty,na,Overtaking,Slight Injury,Owner,Unknown,Normal,Not a Pedestrian,No Casualty
15:15:00,Thursday,18-30,Male,1-2yr,Public (12 seats),Other,Asphalt roads,Dry,Normal,Daylight,Collision with roadside objects,2,1,Other,Male,31-50,3,Driving carelessly,Slight Injury,Owner,Unknown,Normal,Not a Pedestrian,Slight Injury
15:15:00,Thursday,Under 18,Male,1-2yr,Stationwagen,Other,Asphalt roads,Dry,Normal,Daylight,Vehicle with vehicle collision,2,1,Going straight,na,No Casualty,na,Driving carelessly,Slight Injury,Owner,Unknown,Normal,Not a Pedestrian,No Casualty
16:52:00,Sunday,18-30,Male,1-2yr,Lorry (41-100Q),Residential areas,Asphalt roads,Dry,Normal,Daylight,Vehicle with vehicle collision,2,1,Going straight,Male,18-30,3,Moving Backward,Slight Injury,Governmental,2-5yrs,No Casualty,Not a Pedestrian,Slight Injury
16:52:00,Sunday,31-50,Male,Above 10yr,Automobile,Church areas,Asphalt roads,Dry,Normal,Daylight,Vehicle with vehicle collision,2,1,Going straight,na,No Casualty,na,Driving carelessly,Slight Injury,Owner,Below 1yr,Normal,Not a Pedestrian,No Casualty
08:46:00,Friday,Over 51,Male,1-2yr,Pick up upto 10Q,Residential areas,Asphalt roads,Dry,Normal,Daylight,Vehicle with vehicle collision,1,1,Going straight,Male,31-50,3,Driving to the left,Slight Injury,Owner,Above 10yr,Normal,Not a Pedestrian,Slight Injury
08:55:00,Monday,Over 51,Male,Above 10yr,Automobile,Office areas,Asphalt roads,Wet or damp,Normal,Daylight,Vehicle with vehicle collision,2,1,Going straight,Male,18-30,3,Changing lane to the left,Slight Injury,Owner,5-10yrs,No Casualty,Not a Pedestrian,Slight Injury
08:55:00,Monday,18-30,Male,Above 10yr,Public (13-45 seats),Recreational areas,Asphalt roads,Wet or damp,Normal,Daylight,Vehicle with vehicle collision,2,1,Going straight,Female,18-30,3,No distancing,Slight Injury,Owner,Unknown,Normal,Not a Pedestrian,Slight Injury
17:18:00,Sunday,18-30,Female,1-2yr,Public (> 45 seats),Office areas,Asphalt roads,Dry,Normal,Daylight,Collision with pedestrians,2,3,Going straight,Male,31-50,3,No distancing,Slight Injury,Governmental,Unknown,Normal,Not a Pedestrian,Slight Injury
17:18:00,Sunday,18-30,Male,1-2yr,Stationwagen,Industrial areas,Asphalt roads,Dry,Normal,Daylight,Vehicle with vehicle collision,2,3,Going straight,Male,18-30,3,Changing lane to the right,Slight Injury,Owner,5-10yrs,Normal,Not a Pedestrian,Slight Injury
17:18:00,Sunday,18-30,Male,2-5yr,Automobile,Other,Asphalt roads,Dry,Normal,Daylight,Collision with roadside objects,2,3,Other,na,No Casualty,na,Driving under the influence of drugs,Slight Injury,Owner,Unknown,Normal,Not a Pedestrian,No Casualty
17:54:00,Friday,31-50,Male,2-5yr,Lorry (41-100Q),Residential areas,Asphalt roads,Dry,Normal,Daylight,Vehicle with vehicle collision,1,1,Going straight,Male,18-30,2,Changing lane to the right,Slight Injury,Owner,Unknown,Normal,Not a Pedestrian,Serious Injury
22:35:00,Thursday,18-30,Male,1-2yr,Stationwagen,Residential areas,Asphalt roads,Dry,Normal,Darkness - lights lit,Vehicle with vehicle collision,1,1,Overtaking,Female,Under 18,3,Changing lane to the left,Slight Injury,Governmental,Above 10yr,Normal,Crossing from offside - masked by  parked or statioNot a Pedestrianry vehicle,Slight Injury
00:10:00,Sunday,18-30,Male,5-10yr,Lorry (41-100Q),Industrial areas,Asphalt roads,Dry,Normal,Darkness - lights lit,Vehicle with vehicle collision,2,3,Going straight,Male,Over 51,3,Moving Backward,Slight Injury,Owner,1-2yr,Normal,Crossing from nearside - masked by parked or statioNot a Pedestrianry vehicle,Slight Injury
00:10:00,Sunday,18-30,Male,5-10yr,Public (12 seats),Residential areas,Asphalt roads,Dry,Normal,Darkness - lights lit,Vehicle with vehicle collision,2,3,Going straight,na,No Casualty,na,No distancing,Slight Injury,Owner,2-5yrs,Normal,Not a Pedestrian,No Casualty
00:10:00,Sunday,31-50,Male,1-2yr,Lorry (41-100Q),Residential areas,Asphalt roads,Dry,Normal,Darkness - lights lit,Vehicle with vehicle collision,2,3,Going straight,Male,Under 18,3,Changing lane to the right,Slight Injury,Owner,Unknown,Normal,Not a Pedestrian,Slight Injury
21:45:00,Tuesday,18-30,Male,5-10yr,Other,Office areas,Asphalt roads,Dry,Normal,Darkness - lights lit,Vehicle with vehicle collision,3,5,U-Turn,na,No Casualty,na,Moving Backward,Slight Injury,Owner,Unknown,Normal,Not a Pedestrian,No Casualty
21:45:00,Tuesday,31-50,Male,2-5yr,Stationwagen,Office areas,Asphalt roads,Dry,Normal,Darkness - lights lit,Vehicle with vehicle collision,3,5,Going straight,Male,18-30,3,No distancing,Slight Injury,Owner,2-5yrs,No Casualty,Not a Pedestrian,Slight Injury
21:45:00,Tuesday,31-50,Male,5-10yr,Automobile,Office areas,Asphalt roads,Dry,Normal,Darkness - lights lit,Vehicle with vehicle collision,3,5,Going straight,na,No Casualty,na,Driving to the left,Slight Injury,Owner,Above 10yr,Normal,Not a Pedestrian,No Casualty
21:45:00,Tuesday,31-50,Male,Above 10yr,Public (> 45 seats),Office areas,Asphalt roads,Dry,Normal,Darkness - lights lit,Vehicle with vehicle collision,3,5,Going straight,Male,18-30,3,Driving to the left,Slight Injury,Owner,1-2yr,No Casualty,Not a Pedestrian,Slight Injury
21:45:00,Tuesday,31-50,Male,Above 10yr,Other,Office areas,Asphalt roads,Dry,Normal,Darkness - lights lit,Collision with roadside objects,3,5,Going straight,na,No Casualty,na,Moving Backward,Slight Injury,Owner,Unknown,Normal,Not a Pedestrian,No Casualty
12:31:00,Friday,31-50,Male,2-5yr,Lorry (41-100Q),Office areas,Asphalt roads,Dry,Normal,Daylight,Vehicle with vehicle collision,1,1,Turnover,Male,18-30,3,Moving Backward,Slight Injury,Owner,Unknown,Normal,Not a Pedestrian,Slight Injury
16:52:00,Wednesday,18-30,Male,5-10yr,Automobile,Office areas,Asphalt roads,Dry,Normal,Daylight,Collision with roadside objects,2,1,Going straight,Male,31-50,3,Overtaking,Slight Injury,Owner,Unknown,Normal,Not a Pedestrian,Slight Injury
16:52:00,Wednesday,18-30,Male,1-2yr,Public (> 45 seats),Residential areas,Asphalt roads,Dry,Normal,Daylight,Vehicle with vehicle collision,2,1,Going straight,na,No Casualty,na,Driving carelessly,Slight Injury,Owner,Above 10yr,Normal,Not a Pedestrian,No Casualty
08:20:00,Friday,Over 51,Male,Above 10yr,Automobile,Residential areas,Asphalt roads,Dry,Normal,Daylight,Vehicle with vehicle collision,1,1,Moving Backward,Male,31-50,3,Changing lane to the left,Slight Injury,Owner,5-10yrs,No Casualty,Not a Pedestrian,Slight Injury
02:00:00,Friday,18-30,Male,5-10yr,Automobile,Other,Asphalt roads,Dry,Normal,Darkness - lights lit,Vehicle with vehicle collision,2,1,Going straight,na,No Casualty,na,Driving under the influence of drugs,Slight Injury,Owner,Unknown,Normal,Not a Pedestrian,No Casualty
02:00:00,Friday,18-30,Male,2-5yr,Pick up upto 10Q,Church areas,Asphalt roads,Dry,Normal,Darkness - lights lit,Collision with pedestrians,2,1,Moving Backward,Female,Under 18,3,No distancing,Slight Injury,Owner,5-10yrs,No Casualty,Crossing from nearside - masked by parked or statioNot a Pedestrianry vehicle,Slight Injury
16:15:00,Friday,Over 51,Male,Above 10yr,Public (12 seats),Recreational areas,Asphalt roads,Dry,Normal,Daylight,Vehicle with vehicle collision,2,1,Going straight,Female,18-30,3,Moving Backward,Slight Injury,Owner,Unknown,No Casualty,"Walking along in carriageway, back to traffic",Slight Injury
16:15:00,Friday,Over 51,Male,2-5yr,Lorry (41-100Q),Industrial areas,Asphalt roads,Dry,Normal,Daylight,Vehicle with vehicle collision,2,1,Going straight,Male,18-30,3,Changing lane to the left,Slight Injury,Owner,Unknown,No Casualty,Not a Pedestrian,Slight Injury
15:45:00,Monday,31-50,Male,Above 10yr,Lorry (41-100Q),Residential areas,Asphalt roads,Dry,Unknown,Daylight,Vehicle with vehicle collision,1,1,Going straight,na,No Casualty,na,Changing lane to the right,Slight Injury,Owner,Unknown,No Casualty,Not a Pedestrian,No Casualty
17:36:00,Monday,18-30,Male,Above 10yr,Lorry (41-100Q),Residential areas,Asphalt roads,Dry,Normal,Daylight,Collision with pedestrians,3,1,Going straight,na,No Casualty,na,No distancing,Slight Injury,Owner,Above 10yr,Normal,Not a Pedestrian,No Casualty
17:36:00,Monday,18-30,Male,2-5yr,Public (13-45 seats),Office areas,Asphalt roads,Dry,Normal,Daylight,Collision with roadside objects,3,1,U-Turn,Male,Under 18,3,Overspeed,Slight Injury,Owner,2-5yrs,Normal,Not a Pedestrian,Slight Injury
17:36:00,Monday,18-30,Male,Above 10yr,Lorry (41-100Q),Market areas,Asphalt roads,Dry,Normal,Daylight,Vehicle with vehicle collision,3,1,Going straight,Male,31-50,3,Changing lane to the right,Slight Injury,Owner,2-5yrs,Normal,Not a Pedestrian,Slight Injury
13:12:00,Friday,Over 51,Male,Above 10yr,Lorry (41-100Q),Unknown,Asphalt roads,Wet or damp,Rain,Daylight,Vehicle with vehicle collision,2,1,Going straight,Female,18-30,3,No priority to vehicle,Slight Injury,Owner,Unknown,Normal,Crossing from driver's nearside,Slight Injury
13:12:00,Friday,18-30,Male,Below 1yr,Motorcycle,Industrial areas,Asphalt roads,Wet or damp,Rain,Daylight,Vehicle with vehicle collision,2,1,Going straight,Female,31-50,3,No distancing,Slight Injury,Owner,Unknown,No Casualty,Not a Pedestrian,Slight Injury
12:20:00,Monday,31-50,Male,Above 10yr,Lorry (41-100Q),Residential areas,Asphalt roads,Dry,Normal,Daylight,Vehicle with vehicle collision,1,1,Going straight,na,No Casualty,na,Turnover,Slight Injury,Owner,Unknown,Normal,Not a Pedestrian,No Casualty
16:09:00,Friday,Over 51,Male,Above 10yr,Ridden horse,Residential areas,Asphalt roads,Dry,Normal,Daylight,Vehicle with vehicle collision,2,1,Going straight,na,No Casualty,na,No distancing,Serious Injury,Governmental,Below 1yr,Normal,Not a Pedestrian,No Casualty
16:09:00,Friday,Under 18,Male,5-10yr,Automobile,Other,Gravel roads,Dry,Normal,Daylight,Vehicle with vehicle collision,2,1,Going straight,Male,Over 51,2,Changing lane to the right,Serious Injury,Owner,5-10yrs,Normal,Not a Pedestrian,Serious Injury
20:29:00,Tuesday,18-30,Male,5-10yr,Lorry (41-100Q),Residential areas,Asphalt roads,Dry,Normal,Daylight,Vehicle with vehicle collision,1,1,Stopping,Male,Under 18,3,No distancing,Slight Injury,Governmental,Unknown,Normal,Crossing from offside - masked by  parked or statioNot a Pedestrianry vehicle,Slight Injury
15:14:00,Tuesday,18-30,Male,5-10yr,Pick up upto 10Q,Rural village areas,Asphalt roads,Dry,Normal,Daylight,Collision with roadside objects,3,1,Turnover,Male,31-50,3,Changing lane to the left,Slight Injury,Owner,1-2yr,No Casualty,Not a Pedestrian,Slight Injury
15:14:00,Tuesday,Over 51,Male,5-10yr,Public (> 45 seats),Rural village areas,Asphalt roads,Dry,Normal,Daylight,Collision with roadside objects,3,1,Getting off,na,No Casualty,na,Driving carelessly,Slight Injury,Owner,2-5yrs,Normal,Not a Pedestrian,No Casualty