Time,Day_of_week,Age_band_of_driver,Sex_of_driver,Driving_experience,Type_of_vehicle,Area_accident_occured,Road_surface_type,Road_surface_conditions,Weather_conditions,Light_conditions,Type_of_collision,Number_of_vehicles_involved,Number_of_casualties,Vehicle_movement,Sex_of_casualty,Age_band_of_casualty,Casualty_severity,Cause_of_accident,Accident_severity,Owner_of_vehicle,Service_year_of_vehicle,Fitness_of_casuality,Pedestrian_movement,Casualty_severity_label
14:50:00,Monday,31-50,Male,Above 10yr,Automobile,Office areas,Asphalt roads,Dry,Normal,Daylight,Vehicle with vehicle collision,2,1,Going straight,na,No Casualty,na,No distancing,Slight Injury,Owner,5-10yrs,Normal,Not a Pedestrian,No Casualty
17:34:00,Monday,18-30,Male,Below 1yr,Automobile,Other,Asphalt roads,Dry,Normal,Daylight,Vehicle with vehicle collision,2,2,Going straight,Female,Under 18,3,Changing lane to the left,Slight Injury,Owner,Below 1yr,Normal,Not a Pedestrian,Slight Injury
17:34:00,Monday,31-50,Male,5-10yr,Pick up upto 10Q,Office areas,Asphalt roads,Dry,Normal,Daylight,Vehicle with vehicle collision,2,2,Going straight,Male,Over 51,3,No priority to vehicle,Slight Injury,Owner,Unknown,Normal,Not a Pedestrian,Slight Injury
15:15:00,Tuesday,31-50,Male,Above 10yr,Automobile,Other,Asphalt roads,Dry,Normal,Daylight,Vehicle with vehicle collision,2,2,Going straight,na,No Casualty,na,Moving Backward,Slight Injury,Owner,Unknown,No Casualty,Not a Pedestrian,No Casualty
15:15:00,Tuesday,Over 51,Male,Below 1yr,Stationwagen,Other,Asphalt roads,Dry,Normal,Daylight,Vehicle with vehicle collision,2,2,Going straight,Male,18-30,3,Moving Backward,Slight Injury,Owner,2-5yrs,Normal,Not a Pedestrian,Slight Injury
12:24:00,Friday,Under 18,Male,1-2yr,Automobile,Office areas,Asphalt roads with some distress,Dry,Normal,Daylight,Vehicle with vehicle collision,2,2,Going straight,na,No Casualty,na,No distancing,Slight Injury,Owner,Unknown,Normal,Not a Pedestrian,No Casualty
12:24:00,Friday,Under 18,Male,Above 10yr,Automobile,Other,Asphalt roads,Dry,Normal,Daylight,Vehicle with vehicle collision,2,2,Going straight,Male,18-30,3,Changing lane to the right,Slight Injury,Owner,Unknown,No Casualty,Not a Pedestrian,Slight Injury
12:24:00,Friday,31-50,Male,Above 10yr,Automobile,Church areas,Asphalt roads,Dry,Normal,Daylight,Other,2,2,Going straight,na,No Casualty,na,Changing lane to the right,Slight Injury,Owner,Unknown,No Casualty,Not a Pedestrian,No Casualty
17:09:00,Friday,Under 18,Male,Above 10yr,Long lorry,Office areas,Asphalt roads,Wet or damp,Rain,Daylight,Vehicle with vehicle collision,2,2,Going straight,na,No Casualty,na,Moving Backward,Slight Injury,Owner,Unknown,Normal,Not a Pedestrian,No Casualty
17:09:00,Friday,31-50,Male,5-10yr,Public (13-45 seats),Office areas,Asphalt roads,Wet or damp,Rain,Daylight,Collision with roadside objects,2,2,Reversing,Male,31-50,3,Driving carelessly,Slight Injury,Owner,Above 10yr,Normal,Not a Pedestrian,Slight Injury
17:09:00,Friday,31-50,Male,1-2yr,Public (13-45 seats),Other,Asphalt roads,Wet or damp,Rain,Daylight,Vehicle with vehicle collision,2,2,Going straight,na,No Casualty,na,Driving under the influence of drugs,Slight Injury,Owner,2-5yrs,No Casualty,Not a Pedestrian,No Casualty
07:30:00,Friday,18-30,Male,1-2yr,Lorry (11-40Q),Residential areas,Asphalt roads,Dry,Normal,Daylight,Vehicle with vehicle collision,2,1,Other,na,No Casualty,na,No distancing,Slight Injury,Owner,2-5yrs,No Casualty,Not a Pedestrian,No Casualty
07:30:00,Friday,18-30,Male,Below 1yr,Lorry (11-40Q),Residential areas,Asphalt roads,Dry,Normal,Daylight,Vehicle with vehicle collision,2,1,Going straight,Male,31-50,3,No distancing,Slight Injury,Owner,Unknown,Normal,Not a Pedestrian,Slight Injury
13:22:00,Sunday,18-30,Male,1-2yr,Pick up upto 10Q,Other,Asphalt roads,Wet or damp,Rain,Daylight,Vehicle with vehicle collision,2,3,Getting off,Female,Over 51,3,No priority to vehicle,Slight Injury,Owner,5-10yrs,Normal,Not a Pedestrian,Slight Injury
13:22:00,Sunday,18-30,Male,2-5yr,Automobile,Other,Asphalt roads,Wet or damp,Rain,Daylight,Vehicle with vehicle collision,2,3,Going straight,na,No Casualty,na,Driving to the left,Slight Injury,Owner,Unknown,No Casualty,Not a Pedestrian,No Casualty
13:22:00,Sunday,18-30,Male,5-10yr,Automobile,Office areas,Asphalt roads,Wet or damp,Rain,Daylight,Vehicle with vehicle collision,2,3,Going straight,na,No Casualty,na,No priority to vehicle,Slight Injury,Owner,Unknown,No Casualty,Not a Pedestrian,No Casualty
16:49:00,Tuesday,31-50,Male,Above 10yr,Automobile,School areas,Asphalt roads,Dry,Normal,Daylight,Collision with roadside objects,1,2,Going straight,na,No Casualty,na,No priority to vehicle,Serious Injury,Governmental,Unknown,Normal,Not a Pedestrian,No Casualty
16:49:00,Tuesday,31-50,Male,2-5yr,Long lorry,Other,Asphalt roads,Dry,Normal,Daylight,Collision with roadside objects,1,2,Going straight,Male,18-30,3,No priority to vehicle,Serious Injury,Owner,Unknown,Normal,Not a Pedestrian,Slight Injury
16:16:00,Tuesday,18-30,Male,Above 10yr,Long lorry,Other,Asphalt roads,Wet or damp,Rain,Daylight,Vehicle with vehicle collision,2,2,Turnover,na,No Casualty,na,No distancing,Slight Injury,Owner,5-10yrs,No Casualty,Not a Pedestrian,No Casualty
16:16:00,Tuesday,31-50,Male,5-10yr,Automobile,Church areas,Asphalt roads,Wet or damp,Rain,Daylight,Collision with roadside objects,2,2,Entering a junction,Male,18-30,3,Moving Backward,Slight Injury,Governmental,Unknown,No Casualty,Not a Pedestrian,Slight Injury
16:16:00,Tuesday,31-50,Male,5-10yr,Stationwagen,Office areas,Asphalt roads,Wet or damp,Rain,Daylight,Collision with roadside objects,2,2,Entering a junction,Female,31-50,3,Changing lane to the right,Slight Injury,Owner,Unknown,Normal,Crossing from nearside - masked by parked or statioNot a Pedestrianry vehicle,Slight Injury
07:41:00,Tuesday,18-30,Male,5-10yr,Automobile,Other,Asphalt roads,Dry,Normal,Daylight,Vehicle with vehicle collision,2,1,Entering a junction,Male,Over 51,3,Driving carelessly,Slight Injury,Owner,Unknown,Normal,Not a Pedestrian,Slight Injury
07:41:00,Tuesday,31-50,Male,Below 1yr,Other,Residential areas,Asphalt roads,Dry,Normal,Daylight,Vehicle with vehicle collision,2,1,Entering a junction,na,No Casualty,na,Changing lane to the left,Slight Injury,Governmental,Unknown,Normal,Not a Pedestrian,No Casualty
16:12:00,Friday,31-50,Male,2-5yr,Special vehicle,Office areas,Asphalt roads,Dry,Normal,Daylight,Collision with roadside objects,3,2,Other,Male,Under 18,3,No distancing,Slight Injury,Owner,Unknown,Normal,Not a Pedestrian,Slight Injury
16:12:00,Friday,31-50,Male,2-5yr,Lorry (41-100Q),Office areas,Asphalt roads,Dry,Normal,Daylight,Vehicle with vehicle collision,3,2,Entering a junction,na,No Casualty,na,Changing lane to the right,Slight Injury,Owner,Unknown,No Casualty,Not a Pedestrian,No Casualty
16:12:00,Friday,31-50,Male,2-5yr,Pick up upto 10Q,Office areas,Asphalt roads,Dry,Normal,Daylight,Vehicle with vehicle collision,3,2,Turnover,Female,Over 51,3,Driving under the influence of drugs,Slight Injury,Owner,Below 1yr,No Casualty,Crossing from offside - masked by  parked or statioNot a Pedestrianry vehicle,Slight Injury
16:12:00,Friday,18-30,Male,2-5yr,Lorry (11-40Q),Church areas,Asphalt roads,Dry,Normal,Daylight,Vehicle with vehicle collision,3,2,Entering a junction,Male,18-30,3,No distancing,Slight Injury,Organization,1-2yr,Normal,Unknown or other,Slight Injury
15:40:00,Tuesday,31-50,Male,5-10yr,Lorry (41-100Q),Office areas,Asphalt roads,Dry,Normal,Daylight,Vehicle with vehicle collision,1,1,Entering a junction,Male,31-50,3,Overturning,Serious Injury,Owner,Unknown,Normal,Not a Pedestrian,Slight Injury
18:59:00,Monday,18-30,Male,5-10yr,Motorcycle,Office areas,Asphalt roads,Wet or damp,Rain,Daylight,Vehicle with vehicle collision,2,1,Entering a junction,Male,18-30,3,No distancing,Slight Injury,Owner,1-2yr,Normal,Not a Pedestrian,Slight Injury
18:59:00,Monday,18-30,Male,Above 10yr,Automobile,Office areas,Asphalt roads,Wet or damp,Rain,Daylight,Vehicle with vehicle collision,2,1,Entering a junction,Male,18-30,3,Changing lane to the right,Slight Injury,Owner,Unknown,Normal,Not a Pedestrian,Slight Injury
07:25:00,Friday,31-50,Male,5-10yr,Automobile,Office areas,Asphalt roads,Dry,Normal,Daylight,Collision with pedestrians,2,1,Entering a junction,na,No Casualty,na,No priority to vehicle,Slight Injury,Owner,5-10yrs,Normal,Not a Pedestrian,No Casualty
07:25:00,Friday,18-30,Male,5-10yr,Automobile,Other,Asphalt roads,Dry,Normal,Daylight,Vehicle with vehicle collision,2,1,Other,Male,18-30,3,Changing lane to the right,Slight Injury,Owner,Unknown,Normal,Not a Pedestrian,Slight Injury
13:22:00,Monday,Under 18,Male,Above 10yr,Stationwagen,Residential areas,Asphalt roads,Dry,Normal,Daylight,Collision with roadside objects,2,1,Going straight,Female,Over 51,3,Changing lane to the left,Slight Injury,Owner,Unknown,Normal,Not a Pedestrian,Slight Injury
13:22:00,Monday,Over 51,Male,5-10yr,Automobile,Church areas,Asphalt roads,Dry,Normal,Daylight,Vehicle with vehicle collision,2,1,Going straight,na,No Casualty,na,No distancing,Slight Injury,Owner,Unknown,Normal,Not a Pedestrian,No Casualty
11:10:00,Thursday,18-30,Male,5-10yr,Public (> 45 seats),Other,Asphalt roads,Dry,Normal,Daylight,Vehicle with vehicle collision,4,1,Other,na,No Casualty,na,No priority to pedestrian,Slight Injury,Owner,Unknown,Normal,Not a Pedestrian,No Casualty
11:10:00,Thursday,18-30,Male,5-10yr,Public (> 45 seats),Recreational areas,Asphalt roads,Dry,Normal,Daylight,Vehicle with vehicle collision,4,1,Going straight,Male,18-30,2,Driving carelessly,Slight Injury,Owner,Unknown,No Casualty,Not a Pedestrian,Serious Injury
11:10:00,Thursday,18-30,Male,Below 1yr,Stationwagen,Other,Asphalt roads,Dry,Normal,Daylight,Vehicle with vehicle collision,4,1,Going straight,Female,31-50,3,No distancing,Slight Injury,Owner,Unknown,Normal,Crossing from driver's nearside,Slight Injury
11:10:00,Thursday,31-50,Male,5-10yr,Automobile,Industrial areas,Asphalt roads,Dry,Normal,Daylight,Vehicle with vehicle collision,4,1,Going straight,Male,18-30,3,Driving carelessly,Slight Injury,Owner,Unknown,Normal,Not a Pedestrian,Slight Injury
07:55:00,Tuesday,18-30,Male,5-10yr,Bicycle,Other,Asphalt roads,Dry,Normal,Daylight,Vehicle with vehicle collision,2,1,Going straight,na,No Casualty,na,Driving carelessly,Slight Injury,Owner,Unknown,Normal,Not a Pedestrian,No Casualty
07:55:00,Tuesday,31-50,Male,5-10yr,Automobile,Other,Asphalt roads,Dry,Normal,Daylight,Vehicle with vehicle collision,2,1,Going straight,Male,31-50,3,Moving Backward,Slight Injury,Owner,Unknown,Normal,Unknown or other,Slight Injury
17:57:00,Friday,31-50,Male,Above 10yr,Lorry (41-100Q),Church areas,Asphalt roads,Dry,Normal,Daylight,Vehicle with vehicle collision,1,1,Reversing,Male,18-30,2,Overtaking,Slight Injury,Owner,5-10yrs,No Casualty,Not a Pedestrian,Serious Injury
18:09:00,Tuesday,18-30,Male,Above 10yr,Automobile,Church areas,Asphalt roads,Dry,Normal,Daylight,Vehicle with vehicle collision,2,1,Moving Backward,na,No Casualty,na,No priority to vehicle,Slight Injury,Owner,5-10yrs,Normal,Not a Pedestrian,No Casualty
18:09:00,Tuesday,Over 51,Male,Above 10yr,Public (13-45 seats),Other,Asphalt roads,Dry,Normal,Daylight,Collision with roadside objects,2,1,Overtaking,Male,31-50,3,No priority to vehicle,Slight Injury,Owner,Unknown,No Casualty,Not a Pedestrian,Slight Injury
15:25:00,Tuesday,18-30,Male,Above 10yr,Special vehicle,Other,Asphalt roads,Dry,Normal,Daylight,Vehicle with vehicle collision,1,1,Going straight,Male,18-30,2,Changing lane to the left,Serious Injury,Owner,Unknown,Normal,Not a Pedestrian,Serious Injury
17:11:00,Thursday,Over 51,Male,Above 10yr,Automobile,Recreational areas,Asphalt roads,Dry,Normal,Daylight,Collision with roadside objects,2,3,Going straight,Female,18-30,3,No priority to vehicle,Slight Injury,Governmental,2-5yrs,Normal,Not a Pedestrian,Slight Injury
17:11:00,Thursday,Over 51,Male,Above 10yr,Public (13-45 seats),Other,Asphalt roads,Dry,Normal,Daylight,Vehicle with vehicle collision,2,3,Going straight,na,No Casualty,na,No distancing,Slight Injury,Owner,2-5yrs,Normal,Not a Pedestrian,No Casualty
17:11:00,Thursday,31-50,Male,5-10yr,Automobile,Office areas,Asphalt roads,Dry,Normal,Daylight,Vehicle with vehicle collision,2,3,Going straight,na,No Casualty,na,Moving Backward,Slight Injury,Owner,5-10yrs,Normal,Not a Pedestrian,No Casualty
12:15:00,Wednesday,18-30,Male,2-5yr,Lorry (41-100Q),Church areas,Asphalt roads,Dry,Normal,Daylight,Vehicle with vehicle collision,2,1,Going straight,na,No Casualty,na,Changing lane to the right,Slight Injury,Owner,5-10yrs,Normal,Not a Pedestrian,No Casualty
12:15:00,Wednesday,Over 51,Male,Below 1yr,Lorry (41-100Q),Office areas,Asphalt roads,Dry,Normal,Daylight,Collision with pedestrians,2,1,Going straight,Male,18-30,3,No distancing,Slight Injury,Owner,2-5yrs,Normal,Not a Pedestrian,Slight Injury
16:31:00,Thursday,Under 18,Male,Below 1yr,Public (12 seats),Office areas,Asphalt roads,Dry,Normal,Daylight,Vehicle with vehicle collision,3,4,Going straight,Male,31-50,3,Overtaking,Slight Injury,Owner,Unknown,Normal,Not a Pedestrian,Slight Injury
16:31:00,Thursday,18-30,Male,2-5yr,Lorry (41-100Q),Other,Asphalt roads,Dry,Normal,Daylight,Vehicle with vehicle collision,3,4,Going straight,na,No Casualty,na,No distancing,Slight Injury,Owner,2-5yrs,Normal,Not a Pedestrian,No Casualty
16:31:00,Thursday,18-30,Male,Below 1yr,Lorry (41-100Q),Residential areas,Asphalt roads,Dry,Normal,Daylight,Vehicle with vehicle collision,3,4,Going straight,Male,31-50,3,Changing lane to the left,Slight Injury,Governmental,Unknown,No Casualty,Not a Pedestrian,Slight Injury
16:31:00,Thursday,Over 51,Male,Below 1yr,Public (12 seats),Office areas,Asphalt roads,Dry,Normal,Daylight,Collision with pedestrians,3,4,Going straight,na,No Casualty,na,Driving under the influence of drugs,Slight Injury,Owner,2-5yrs,Normal,Not a Pedestrian,No Casualty
11:30:00,Tuesday,31-50,Male,5-10yr,Public (> 45 seats),Residential areas,Asphalt roads,Dry,Normal,Daylight,Collision with roadside objects,2,4,Going straight,Male,Under 18,3,No distancing,Slight Injury,Owner,2-5yrs,Normal,Not a Pedestrian,Slight Injury
11:30:00,Tuesday,31-50,Male,5-10yr,Automobile,Residential areas,Asphalt roads,Dry,Normal,Daylight,Vehicle with vehicle collision,2,4,Other,na,No Casualty,na,No distancing,Slight Injury,Owner,Unknown,Normal,Not a Pedestrian,No Casualty
11:30:00,Tuesday,31-50,Male,Below 1yr,Pick up upto 10Q,Other,Asphalt roads,Dry,Normal,Daylight,Vehicle with vehicle collision,2,4,Going straight,Male,18-30,3,Changing lane to the right,Slight Injury,Owner,Unknown,Normal,Unknown or other,Slight Injury
11:30:00,Tuesday,18-30,Male,Below 1yr,Stationwagen,Hospital areas,Asphalt roads,Dry,Normal,Daylight,Vehicle with vehicle collision,2,4,Moving Backward,Male,Over 51,3,Changing lane to the left,Slight Injury,Owner,Unknown,No Casualty,Not a Pedestrian,Slight Injury
15:20:00,Thursday,18-30,Male,1-2yr,Other,Other,Asphalt roads,Dry,Normal,Daylight,Vehicle with vehicle collision,2,1,Other,na,No Casualty,na,Moving Backward,Slight Injury,Governmental,Unknown,Normal,Not a Pedestrian,No Casualty
15:20:00,Thursday,Under 18,Male,Above 10yr,Automobile,Other,Asphalt roads,Dry,Normal,Daylight,Vehicle with vehicle collision,2,1,Going straight,na,No Casualty,na,No distancing,Slight Injury,Owner,Unknown,Normal,Not a Pedestrian,No Casualty
07:15:00,Thursday,18-30,Female,Above 10yr,Automobile,Recreational areas,Asphalt roads,Dry,Normal,Daylight,Vehicle with vehicle collision,2,1,Going straight,na,No Casualty,na,No distancing,Slight Injury,Owner,Unknown,No Casualty,Not a Pedestrian,No Casualty
07:15:00,Thursday,18-30,Male,Below 1yr,Stationwagen,Other,Asphalt roads,Dry,Normal,Daylight,Vehicle with vehicle collision,2,1,Going straight,na,No Casualty,na,Driving carelessly,Slight Injury,Owner,Unknown,Normal,Not a Pedestrian,No Casualty
19:49:00,Friday,31-50,Male,2-5yr,Pick up upto 10Q,Other,Asphalt roads,Dry,Normal,Darkness - lights lit,Collision with roadside objects,2,1,Going straight,Male,Under 18,3,Moving Backward,Slight Injury,Owner,Unknown,Normal,Not a Pedestrian,Slight Injury
19:49:00,Friday,18-30,Male,2-5yr,Lorry (41-100Q),Other,Asphalt roads,Dry,Normal,Darkness - lights lit,Collision with roadside objects,2,1,Going straight,na,No Casualty,na,No distancing,Slight Injury,Owner,Unknown,Normal,Not a Pedestrian,No Casualty
19:01:00,Thursday,18-30,Male,Above 10yr,Automobile,Office areas,Asphalt roads,Dry,Normal,Darkness - lights lit,Vehicle with vehicle collision,2,1,Going straight,Male,18-30,3,Changing lane to the right,Slight Injury,Owner,Below 1yr,Normal,Not a Pedestrian,Slight Injury
19:01:00,Thursday,Over 51,Male,2-5yr,Automobile,Other,Asphalt roads,Dry,Normal,Darkness - lights lit,Vehicle with vehicle collision,2,1,Going straight,Male,31-50,3,Driving carelessly,Slight Injury,Owner,2-5yrs,No Casualty,Not a Pedestrian,Slight Injury
16:10:00,Tuesday,31-50,Male,2-5yr,Lorry (41-100Q),Residential areas,Asphalt roads,Dry,Normal,Daylight,Vehicle with vehicle collision,2,1,Going straight,na,No Casualty,na,Driving to the left,Serious Injury,Owner,Unknown,Normal,Not a Pedestrian,No Casualty
16:10:00,Tuesday,18-30,Male,1-2yr,Lorry (41-100Q),Other,Asphalt roads,Dry,Normal,Daylight,Vehicle with vehicle collision,2,1,Going straight,na,No Casualty,na,Changing lane to the right,Serious Injury,Owner,5-10yrs,Normal,Not a Pedestrian,No Casualty
08:45:00,Friday,Over 51,Male,5-10yr,Lorry (41-100Q),Other,Asphalt roads,Dry,Normal,Daylight,Vehicle with vehicle collision,2,1,Other,Male,31-50,2,Driving carelessly,Slight Injury,Owner,Unknown,Normal,Not a Pedestrian,Serious Injury
08:45:00,Friday,18-30,Male,Below 1yr,Pick up upto 10Q,Church areas,Asphalt roads,Dry,Normal,Daylight,Rollover,2,1,Reversing,Female,31-50,3,Changing lane to the right,Slight Injury,Owner,Unknown,Normal,Unknown or other,Slight Injury
16:50:00,Tuesday,18-30,Male,Below 1yr,Pick up upto 10Q,Office areas,Asphalt roads,Dry,Normal,Daylight,Vehicle with vehicle collision,3,2,Other,Male,31-50,3,No priority to vehicle,Slight Injury,Owner,1-2yr,Normal,Not a Pedestrian,Slight Injury
16:50:00,Tuesday,18-30,Male,5-10yr,Automobile,School areas,Asphalt roads,Dry,Normal,Daylight,Collision with roadside objects,3,2,Other,Male,18-30,3,Changing lane to the right,Slight Injury,Owner,Above 10yr,Normal,Crossing from driver's nearside,Slight Injury
16:50:00,Tuesday,18-30,Male,Below 1yr,Other,Other,Asphalt roads,Dry,Normal,Daylight,Collision with pedestrians,3,2,Reversing,Female,31-50,3,Turnover,Slight Injury,Owner,2-5yrs,Normal,Not a Pedestrian,Slight Injury
16:50:00,Tuesday,18-30,Male,1-2yr,Automobile,Office areas,Asphalt roads,Dry,Normal,Daylight,Vehicle with vehicle collision,3,2,Going straight,na,No Casualty,na,No priority to vehicle,Slight Injury,Owner,1-2yr,Normal,Not a Pedestrian,No Casualty
10:56:00,Friday,18-30,Male,2-5yr,Automobile,Residential areas,Asphalt roads,Dry,Normal,Daylight,Vehicle with vehicle collision,1,1,Going straight,na,No Casualty,na,Overspeed,Serious Injury,Owner,1-2yr,Normal,Not a Pedestrian,No Casualty
10:35:00,Friday,Over 51,Male,1-2yr,Motorcycle,Industrial areas,Asphalt roads,Dry,Normal,Daylight,Vehicle with vehicle collision,2,2,Going straight,Female,Under 18,3,No distancing,Slight Injury,Owner,1-2yr,Normal,Not a Pedestrian,Slight Injury
10:35:00,Friday,31-50,Male,5-10yr,Automobile,Other,Asphalt roads,Dry,Normal,Daylight,Vehicle with vehicle collision,2,2,Going straight,Female,Under 18,3,No distancing,Slight Injury,Owner,2-5yrs,Normal,Not a Pedestrian,Slight Injury
15:26:00,Tuesday,31-50,Male,Below 1yr,Automobile,Residential areas,Asphalt roads,Dry,Normal,Daylight,Vehicle with vehicle collision,1,1,Turnover,Male,31-50,3,Driving carelessly,Slight Injury,Owner,1-2yr,Normal,Not a Pedestrian,Slight Injury
08:55:00,Friday,Over 51,Male,Above 10yr,Public (12 seats),Recreational areas,Asphalt roads,Dry,Normal,Daylight,Vehicle with vehicle collision,1,1,Going straight,na,No Casualty,na,Driving carelessly,Slight Injury,Owner,1-2yr,Normal,Not a Pedestrian,No Casualty
12:10:00,Friday,18-30,Female,5-10yr,Long lorry,Office areas,Asphalt roads,Dry,Normal,Daylight,Vehicle with vehicle collision,2,1,Going straight,Male,18-30,3,Moving Backward,Slight Injury,Owner,Unknown,Normal,Not a Pedestrian,Slight Injury
12:10:00,Friday,31-50,Male,Below 1yr,Automobile,Outside rural areas,Asphalt roads,Dry,Normal,Daylight,Collision with roadside objects,2,1,Going straight,na,No Casualty,na,No distancing,Slight Injury,Owner,Unknown,Normal,Not a Pedestrian,No Casualty
18:26:00,Friday,Under 18,Male,5-10yr,Automobile,Outside rural areas,Asphalt roads,Dry,Normal,Daylight,Rollover,2,1,Going straight,Male,18-30,3,Changing lane to the right,Serious Injury,Owner,1-2yr,Normal,Not a Pedestrian,Slight Injury
18:26:00,Friday,31-50,Male,5-10yr,Public (> 45 seats),Outside rural areas,Asphalt roads,Dry,Normal,Daylight,Vehicle with vehicle collision,2,1,Going straight,Male,31-50,3,Overtaking,Serious Injury,Owner,1-2yr,Normal,Not a Pedestrian,Slight Injury
19:45:00,Sunday,18-30,Female,2-5yr,Pick up upto 10Q,Outside rural areas,Asphalt roads,Dry,Normal,Darkness - lights lit,Collision with pedestrians,3,1,Moving Backward,Female,18-30,3,No distancing,Slight Injury,Governmental,Below 1yr,Normal,Not a Pedestrian,Slight Injury
19:45:00,Sunday,31-50,Male,Above 10yr,Lorry (41-100Q),Outside rural areas,Asphalt roads,Dry,Normal,Darkness - lights lit,Vehicle with vehicle collision,3,1,Going straight,na,No Casualty,na,Overtaking,Slight Injury,Owner,Unknown,Normal,Not a Pedestrian,No Casualty
19:45:00,Sunday,31-50,Male,5-10yr,Automobile,School areas,Asphalt roads,Dry,Normal,Darkness - lights lit,Vehicle with vehicle collision,3,1,Going straight,Female,18-30,3,Moving Backward,Slight Injury,Owner,Unknown,Normal,Not a Pedestrian,Slight Injury
15:42:00,Thursday,31-50,Male,1-2yr,Public (13-45 seats),Outside rural areas,Asphalt roads,Dry,Normal,Daylight,Collision with pedestrians,2,2,Turnover,Male,Under 18,3,No distancing,Slight Injury,Owner,Above 10yr,Normal,Not a Pedestrian,Slight Injury
15:42:00,Thursday,Over 51,Male,5-10yr,Automobile,Outside rural areas,Asphalt roads,Dry,Normal,Daylight,Collision with pedestrians,2,2,Going straight,Male,Over 51,3,No distancing,Slight Injury,Owner,Unknown,Normal,Not a Pedestrian,Slight Injury
02:15:00,Friday,18-30,Male,2-5yr,Public (> 45 seats),Outside rural areas,Asphalt roads,Dry,Unknown,Darkness - lights lit,Vehicle with vehicle collision,2,1,Going straight,na,No Casualty,na,No priority to vehicle,Slight Injury,Owner,Unknown,Normal,Not a Pedestrian,No Casualty
02:15:00,Friday,18-30,Male,Below 1yr,Public (12 seats),Outside rural areas,Asphalt roads,Dry,Unknown,Darkness - lights lit,Vehicle with vehicle collision,2,1,Going straight,na,No Casualty,na,No priority to vehicle,Slight Injury,Owner,2-5yrs,No Casualty,Not a Pedestrian,No Casualty
13:30:00,Monday,Over 51,Male,Below 1yr,Automobile,Office areas,Asphalt roads,Dry,Normal,Daylight,Vehicle with vehicle collision,2,1,Going straight,Female,18-30,3,Changing lane to the left,Slight Injury,Owner,2-5yrs,No Casualty,Not a Pedestrian,Slight Injury
13:30:00,Monday,18-30,Female,5-10yr,Lorry (41-100Q),Outside rural areas,Asphalt roads,Dry,Normal,Daylight,Vehicle with vehicle collision,2,1,Going straight,na,No Casualty,na,No distancing,Slight Injury,Owner,2-5yrs,Normal,Not a Pedestrian,No Casualty
15:06:00,Wednesday,18-30,Male,5-10yr,Automobile,Outside rural areas,Asphalt roads,Dry,Normal,Daylight,Vehicle with vehicle collision,2,1,Going straight,Female,31-50,3,Driving under the influence of drugs,Serious Injury,Owner,Unknown,Normal,Not a Pedestrian,Slight Injury
15:06:00,Wednesday,Over 51,Male,1-2yr,Pick up upto 10Q,Outside rural areas,Asphalt roads,Dry,Normal,Daylight,Collision with roadside objects,2,1,Moving Backward,Male,31-50,3,Changing lane to the left,Serious Injury,Owner,2-5yrs,No Casualty,Not a Pedestrian,Slight Injury
07:06:00,Wednesday,18-30,Male,5-10yr,Public (12 seats),Office areas,Asphalt roads,Wet or damp,Normal,Daylight,Vehicle with vehicle collision,2,1,Going straight,na,No Casualty,na,Changing lane to the right,Serious Injury,Owner,Unknown,Normal,Not a Pedestrian,No Casualty
07:06:00,Wednesday,18-30,Male,Above 10yr,Automobile,Recreational areas,Asphalt roads,Wet or damp,Normal,Daylight,Vehicle with vehicle collision,2,1,Going straight,Male,Under 18,2,Driving to the left,Serious Injury,Owner,Unknown,No Casualty,Not a Pedestrian,Serious Injury
18:01:00,Sunday,18-30,Male,1-2yr,Automobile,Office areas,Asphalt roads,Dry,Normal,Daylight,Vehicle with vehicle collision,2,2,Going straight,Female,31-50,3,Overspeed,Slight Injury,Owner,Above 10yr,No Casualty,Not a Pedestrian,Slight Injury
18:01:00,Sunday,18-30,Male,5-10yr,Automobile,Other,Asphalt roads,Dry,Normal,Daylight,Vehicle with vehicle collision,2,2,Going straight,Male,31-50,3,Overtaking,Slight Injury,Owner,2-5yrs,No Casualty,Not a Pedestrian,Slight Injury
18:01:00,Sunday,18-30,Male,Above 10yr,Stationwagen,Residential areas,Asphalt roads,Dry,Normal,Daylight,Vehicle with vehicle collision,2,2,Moving Backward,na,No Casualty,na,Changing lane to the right,Slight Injury,Owner,Above 10yr,Normal,Not a Pedestrian,No Casualty
16:48:00,Friday,18-30,Male,2-5yr,Other,Residential areas,Earth roads,Dry,Normal,Daylight,Vehicle with vehicle collision,1,1,Going straight,na,No Casualty,na,Changing lane to the right,Slight Injury,Owner,Above 10yr,Normal,Not a Pedestrian,No Casualty
08:15:00,Friday,31-50,Male,5-10yr,Other,Residential areas,Asphalt roads,Dry,Normal,Daylight,Vehicle with vehicle collision,1,1,Other,Male,31-50,3,Moving Backward,Serious Injury,Owner,Unknown,Normal,Not a Pedestrian,Slight Injury
10:25:00,Thursday,Over 51,Male,Below 1yr,Other,Other,Asphalt roads,Dry,Normal,Daylight,Vehicle with vehicle collision,1,1,Other,Male,31-50,3,Moving Backward,Slight Injury,Owner,Above 10yr,Normal,Not a Pedestrian,Slight Injury
15:30:00,Wednesday,18-30,Male,5-10yr,Public (13-45 seats),Office areas,Asphalt roads,Dry,Normal,Daylight,Vehicle with vehicle collision,1,1,Going straight,na,No Casualty,na,Changing lane to the left,Slight Injury,Owner,Unknown,No Casualty,Not a Pedestrian,No Casualty