Time,Day_of_week,Age_band_of_driver,Sex_of_driver,Driving_experience,Type_of_vehicle,Area_accident_occured,Road_surface_type,Road_surface_conditions,Weather_conditions,Light_conditions,Type_of_collision,Number_of_vehicles_involved,Number_of_casualties,Vehicle_movement,Sex_of_casualty,Age_band_of_casualty,Casualty_severity,Cause_of_accident,Accident_severity,Owner_of_vehicle,Service_year_of_vehicle,Fitness_of_casuality,Pedestrian_movement,Casualty_severity_label
10:00:00,Sunday,18-30,Male,5-10yr,Automobile,Office areas,Asphalt roads,Dry,Normal,Daylight,Vehicle with vehicle collision,3,1,Getting off,na,No Casualty,na,No priority to pedestrian,Slight Injury,Owner,Above 10yr,Normal,Not a Pedestrian,No Casualty
10:00:00,Sunday,18-30,Male,1-2yr,Automobile,Other,Earth roads,Dry,Normal,Daylight,Collision with pedestrians,3,1,Moving Backward,na,No Casualty,na,Overtaking,Slight Injury,Owner,2-5yrs,Normal,Not a Pedestrian,No Casualty
10:00:00,Sunday,18-30,Male,5-10yr,Lorry (41-100Q),Office areas,Asphalt roads,Dry,Normal,Daylight,Collision with pedestrians,3,1,Getting off,Female,Under 18,3,Driving carelessly,Slight Injury,Owner,1-2yr,Normal,Not a Pedestrian,Slight Injury
10:00:00,Monday,18-30,Male,Above 10yr,Automobile,Office areas,Asphalt roads,Dry,Normal,Daylight,Vehicle with vehicle collision,2,1,Overtaking,Female,18-30,3,No priority to vehicle,Slight Injury,Owner,2-5yrs,Normal,Not a Pedestrian,Slight Injury
10:00:00,Monday,31-50,Male,5-10yr,Public (13-45 seats),Other,Asphalt roads,Dry,Normal,Daylight,Vehicle with vehicle collision,2,1,Going straight,na,No Casualty,na,No priority to pedestrian,Slight Injury,Owner,Unknown,Normal,Not a Pedestrian,No Casualty
13:00:00,Thursday,Over 51,Male,5-10yr,Automobile,Office areas,Asphalt roads,Dry,Normal,Daylight,Vehicle with vehicle collision,2,1,Going straight,Male,31-50,3,Changing lane to the right,Slight Injury,Owner,1-2yr,Normal,Not a Pedestrian,Slight Injury
13:00:00,Thursday,18-30,Male,5-10yr,Public (> 45 seats),Residential areas,Earth roads,Dry,Normal,Daylight,Vehicle with vehicle collision,2,1,Going straight,na,No Casualty,na,Driving carelessly,Slight Injury,Owner,Unknown,No Casualty,Not a Pedestrian,No Casualty
22:10:00,Wednesday,18-30,Male,Below 1yr,Lorry (41-100Q),Other,Asphalt roads,Dry,Normal,Darkness - lights lit,Vehicle with vehicle collision,1,2,Reversing,Male,31-50,3,Changing lane to the right,Serious Injury,Owner,Unknown,No Casualty,Not a Pedestrian,Slight Injury
22:10:00,Wednesday,18-30,Male,5-10yr,Automobile,Office areas,Asphalt roads,Dry,Normal,Darkness - lights lit,Collision with roadside objects,1,2,Getting off,Male,31-50,3,Changing lane to the right,Serious Injury,Owner,2-5yrs,Normal,Not a Pedestrian,Slight Injury
12:35:00,Wednesday,Over 51,Male,5-10yr,Lorry (11-40Q),Office areas,Asphalt roads,Dry,Normal,Daylight,Vehicle with vehicle collision,2,1,Going straight,na,No Casualty,na,Changing lane to the left,Slight Injury,Owner,5-10yrs,Normal,Not a Pedestrian,No Casualty
12:35:00,Wednesday,18-30,Male,5-10yr,Public (13-45 seats),Office areas,Asphalt roads,Dry,Normal,Daylight,Vehicle with vehicle collision,2,1,Going straight,Male,Over 51,3,Overturning,Slight Injury,Owner,Unknown,Normal,Not a Pedestrian,Slight Injury
10:34:00,Thursday,Over 51,Male,Above 10yr,Public (13-45 seats),Other,Asphalt roads,Dry,Normal,Daylight,Vehicle with vehicle collision,1,1,Going straight,na,No Casualty,na,Driving carelessly,Slight Injury,Owner,5-10yrs,Normal,Not a Pedestrian,No Casualty
17:50:00,Thursday,18-30,Male,Above 10yr,Automobile,Church areas,Asphalt roads,Dry,Normal,Daylight,Vehicle with vehicle collision,3,2,Reversing,Male,18-30,3,No distancing,Slight Injury,Owner,Unknown,No Casualty,Not a Pedestrian,Slight Injury
17:50:00,Thursday,18-30,Male,Above 10yr,Long lorry,Industrial areas,Asphalt roads,Dry,Normal,Daylight,Vehicle with vehicle collision,3,2,Going straight,na,No Casualty,na,Driving carelessly,Slight Injury,Owner,Unknown,Normal,Not a Pedestrian,No Casualty
17:50:00,Thursday,18-30,Male,Above 10yr,Lorry (41-100Q),Office areas,Asphalt roads,Dry,Normal,Daylight,Vehicle with vehicle collision,3,2,Stopping,Female,31-50,3,Changing lane to the left,Slight Injury,Owner,1-2yr,Normal,Not a Pedestrian,Slight Injury
17:50:00,Thursday,31-50,Female,Above 10yr,Lorry (11-40Q),Church areas,Asphalt roads,Dry,Normal,Daylight,Vehicle with vehicle collision,3,2,Overtaking,na,No Casualty,na,No priority to vehicle,Slight Injury,Owner,Unknown,Normal,Not a Pedestrian,No Casualty
18:30:00,Friday,Over 51,Male,Above 10yr,Lorry (41-100Q),Office areas,Asphalt roads,Dry,Normal,Daylight,Vehicle with vehicle collision,4,4,Going straight,Male,31-50,3,Changing lane to the right,Slight Injury,Owner,Unknown,Normal,Not a Pedestrian,Slight Injury
18:30:00,Friday,31-50,Male,5-10yr,Public (12 seats),Office areas,Earth roads,Dry,Normal,Daylight,Vehicle with vehicle collision,4,4,Reversing,na,No Casualty,na,No distancing,Slight Injury,Owner,Unknown,Normal,Not a Pedestrian,No Casualty
18:30:00,Friday,Over 51,Male,2-5yr,Automobile,Residential areas,Asphalt roads,Dry,Normal,Daylight,Vehicle with vehicle collision,4,4,Going straight,Male,18-30,3,Moving Backward,Slight Injury,Owner,Unknown,Normal,Not a Pedestrian,Slight Injury
18:30:00,Friday,Over 51,Male,Below 1yr,Taxi,Office areas,Asphalt roads,Dry,Normal,Daylight,Vehicle with vehicle collision,4,4,Going straight,Female,Over 51,3,Moving Backward,Slight Injury,Owner,5-10yrs,No Casualty,Crossing from nearside - masked by parked or statioNot a Pedestrianry vehicle,Slight Injury
18:50:00,Wednesday,Under 18,Male,Below 1yr,Automobile,Residential areas,Asphalt roads,Dry,Normal,Daylight,Vehicle with vehicle collision,2,2,Reversing,Male,Under 18,3,No distancing,Slight Injury,Owner,5-10yrs,Normal,Not a Pedestrian,Slight Injury
18:50:00,Wednesday,18-30,Male,2-5yr,Automobile,Office areas,Asphalt roads,Dry,Normal,Daylight,Vehicle with vehicle collision,2,2,Going straight,na,No Casualty,na,No distancing,Slight Injury,Owner,2-5yrs,Normal,Not a Pedestrian,No Casualty
18:50:00,Wednesday,18-30,Male,Below 1yr,Automobile,Office areas,Earth roads,Dry,Normal,Daylight,Vehicle with vehicle collision,2,2,Waiting to go,Male,18-30,3,No distancing,Slight Injury,Owner,2-5yrs,No Casualty,Not a Pedestrian,Slight Injury
17:15:00,Friday,31-50,Male,Below 1yr,Lorry (41-100Q),Other,Asphalt roads,Dry,Normal,Daylight,Vehicle with vehicle collision,1,1,Going straight,Female,18-30,3,No priority to pedestrian,Slight Injury,Owner,Unknown,No Casualty,Crossing from driver's nearside,Slight Injury
19:00:00,Friday,18-30,Male,5-10yr,Automobile,Other,Asphalt roads,Dry,Normal,Daylight,Collision with roadside objects,3,1,Going straight,na,No Casualty,na,Driving carelessly,Slight Injury,Owner,Unknown,Normal,Not a Pedestrian,No Casualty
19:00:00,Friday,18-30,Male,5-10yr,Automobile,Residential areas,Asphalt roads,Dry,Normal,Daylight,Vehicle with vehicle collision,3,1,Going straight,Female,18-30,3,Changing lane to the right,Slight Injury,Owner,Above 10yr,No Casualty,Not a Pedestrian,Slight Injury
19:00:00,Friday,31-50,Male,Below 1yr,Lorry (41-100Q),Church areas,Asphalt roads,Dry,Normal,Daylight,Vehicle with vehicle collision,3,1,Going straight,Female,18-30,3,Changing lane to the left,Slight Injury,Owner,Unknown,Normal,Not a Pedestrian,Slight Injury
09:10:00,Tuesday,18-30,Male,Below 1yr,Automobile,Church areas,Asphalt roads,Dry,Normal,Daylight,Vehicle with vehicle collision,2,2,Getting off,Male,Under 18,3,Driving carelessly,Slight Injury,Governmental,Unknown,Normal,Not a Pedestrian,Slight Injury
09:10:00,Tuesday,Over 51,Male,1-2yr,Automobile,Residential areas,Asphalt roads,Dry,Normal,Daylight,Vehicle with vehicle collision,2,2,Going straight,Female,Under 18,3,Driving carelessly,Slight Injury,Owner,2-5yrs,Normal,Not a Pedestrian,Slight Injury
21:33:00,Friday,Under 18,Male,Above 10yr,Automobile,Office areas,Asphalt roads,Dry,Normal,Daylight,Collision with pedestrians,1,1,Going straight,na,No Casualty,na,No distancing,Slight Injury,Owner,Unknown,Normal,Not a Pedestrian,No Casualty
22:17:00,Friday,18-30,Male,Above 10yr,Taxi,Office areas,Asphalt roads,Dry,Normal,Darkness - lights lit,Vehicle with vehicle collision,2,1,Going straight,na,No Casualty,na,Other,Slight Injury,Owner,5-10yrs,Normal,Not a Pedestrian,No Casualty
22:17:00,Friday,31-50,Unknown,Below 1yr,Automobile,Residential areas,Other,Dry,Normal,Darkness - lights lit,Vehicle with vehicle collision,2,1,Reversing,Male,18-30,3,Changing lane to the right,Slight Injury,Owner,2-5yrs,Normal,Crossing from driver's nearside,Slight Injury
16:40:00,Friday,18-30,Male,2-5yr,Automobile,Church areas,Asphalt roads,Dry,Normal,Daylight,Vehicle with vehicle collision,2,2,Turnover,Male,18-30,3,Changing lane to the right,Slight Injury,Owner,5-10yrs,Normal,Not a Pedestrian,Slight Injury
16:40:00,Friday,Over 51,Male,2-5yr,Automobile,Other,Asphalt roads,Dry,Normal,Daylight,Vehicle with vehicle collision,2,2,Going straight,na,No Casualty,na,No distancing,Slight Injury,Owner,Unknown,Normal,Not a Pedestrian,No Casualty
08:02:00,Thursday,31-50,Male,Above 10yr,Pick up upto 10Q,Office areas,Asphalt roads,Dry,Normal,Daylight,Vehicle with vehicle collision,2,1,Going straight,Female,18-30,3,No distancing,Slight Injury,Owner,Unknown,No Casualty,Not a Pedestrian,Slight Injury
08:02:00,Thursday,31-50,Male,2-5yr,Automobile,Other,Asphalt roads,Dry,Normal,Daylight,Vehicle with vehicle collision,2,1,Going straight,na,No Casualty,na,Overturning,Slight Injury,Owner,Unknown,Normal,Not a Pedestrian,No Casualty
18:20:00,Thursday,Over 51,Male,2-5yr,Automobile,Residential areas,Asphalt roads,Dry,Normal,Daylight,Vehicle with vehicle collision,2,2,Going straight,Male,18-30,3,Overspeed,Slight Injury,Owner,Above 10yr,Normal,Not a Pedestrian,Slight Injury
18:20:00,Thursday,Over 51,Male,1-2yr,Public (12 seats),Office areas,Asphalt roads,Dry,Normal,Daylight,Vehicle with vehicle collision,2,2,Getting off,na,No Casualty,na,No priority to vehicle,Slight Injury,Owner,5-10yrs,Normal,Not a Pedestrian,No Casualty
12:59:00,Tuesday,Over 51,Male,5-10yr,Public (13-45 seats),Recreational areas,Asphalt roads,Dry,Normal,Daylight,Collision with pedestrians,2,1,Going straight,Male,31-50,2,No priority to pedestrian,Slight Injury,Owner,Unknown,Normal,Not a Pedestrian,Serious Injury
12:59:00,Tuesday,Over 51,Male,Below 1yr,Lorry (11-40Q),Office areas,Earth roads,Dry,Normal,Daylight,Vehicle with vehicle collision,2,1,Going straight,na,No Casualty,na,No priority to vehicle,Slight Injury,Governmental,Unknown,No Casualty,Not a Pedestrian,No Casualty
19:20:00,Monday,18-30,Male,Below 1yr,Stationwagen,Industrial areas,Asphalt roads,Wet or damp,Rain,Daylight,Vehicle with vehicle collision,2,2,Going straight,Male,Under 18,3,Other,Slight Injury,Owner,5-10yrs,Normal,Not a Pedestrian,Slight Injury
19:20:00,Monday,18-30,Male,5-10yr,Ridden horse,Other,Asphalt roads,Wet or damp,Rain,Daylight,Vehicle with vehicle collision,2,2,Going straight,Male,Under 18,2,Other,Slight Injury,Owner,Unknown,Normal,Not a Pedestrian,Serious Injury
19:20:00,Monday,18-30,Male,Below 1yr,Stationwagen,Residential areas,Asphalt roads,Wet or damp,Rain,Daylight,Vehicle with vehicle collision,2,2,Going straight,na,No Casualty,na,Moving Backward,Slight Injury,Owner,Unknown,Normal,Not a Pedestrian,No Casualty
18:27:00,Friday,31-50,Male,1-2yr,Automobile,Residential areas,Asphalt roads,Dry,Normal,Daylight,Collision with roadside objects,2,1,Going straight,Male,Under 18,3,No distancing,Serious Injury,Governmental,Above 10yr,Normal,Not a Pedestrian,Slight Injury
18:27:00,Friday,18-30,Male,2-5yr,Automobile,Industrial areas,Asphalt roads,Dry,Normal,Daylight,Vehicle with vehicle collision,2,1,Going straight,na,No Casualty,na,Moving Backward,Serious Injury,Owner,1-2yr,Normal,Not a Pedestrian,No Casualty
19:41:00,Thursday,Under 18,Male,1-2yr,Other,Residential areas,Asphalt roads,Dry,Normal,Daylight,Vehicle with vehicle collision,2,1,Going straight,Male,18-30,3,No priority to vehicle,Slight Injury,Owner,2-5yrs,Normal,Not a Pedestrian,Slight Injury
19:41:00,Thursday,Under 18,Male,5-10yr,Taxi,Residential areas,Asphalt roads,Dry,Normal,Daylight,Vehicle with vehicle collision,2,1,Going straight,Male,18-30,3,Driving carelessly,Slight Injury,Owner,Unknown,No Casualty,Not a Pedestrian,Slight Injury
12:50:00,Monday,18-30,Male,Below 1yr,Automobile,Office areas,Asphalt roads,Wet or damp,Rain,Daylight,Vehicle with vehicle collision,1,1,Going straight,na,No Casualty,na,No distancing,Slight Injury,Owner,Unknown,Normal,Not a Pedestrian,No Casualty
12:55:00,Thursday,18-30,Male,Above 10yr,Stationwagen,Office areas,Asphalt roads,Dry,Normal,Daylight,Vehicle with vehicle collision,2,1,Reversing,Male,18-30,3,Other,Slight Injury,Owner,2-5yrs,Normal,Not a Pedestrian,Slight Injury
12:55:00,Thursday,31-50,Male,5-10yr,Automobile,Office areas,Asphalt roads,Dry,Normal,Daylight,Vehicle with vehicle collision,2,1,Going straight,Female,18-30,3,Changing lane to the right,Slight Injury,Owner,Above 10yr,Normal,Not a Pedestrian,Slight Injury
14:00:00,Friday,31-50,Male,Below 1yr,Public (12 seats),Office areas,Asphalt roads,Dry,Normal,Daylight,Vehicle with vehicle collision,2,1,Turnover,Male,18-30,3,No distancing,Slight Injury,Owner,1-2yr,Normal,Not a Pedestrian,Slight Injury
14:00:00,Friday,18-30,Male,5-10yr,Automobile,Office areas,Asphalt roads,Dry,Normal,Daylight,Collision with roadside objects,2,1,Going straight,na,No Casualty,na,Driving carelessly,Slight Injury,Owner,Unknown,No Casualty,Not a Pedestrian,No Casualty
22:40:00,Sunday,18-30,Male,5-10yr,Automobile,Office areas,Asphalt roads,Dry,Normal,Darkness - lights lit,Vehicle with vehicle collision,2,1,Going straight,Female,Under 18,2,No distancing,Serious Injury,Owner,Unknown,Normal,Crossing from nearside - masked by parked or statioNot a Pedestrianry vehicle,Serious Injury
22:40:00,Sunday,31-50,Male,2-5yr,Lorry (41-100Q),Office areas,Asphalt roads,Dry,Normal,Darkness - lights lit,Vehicle with vehicle collision,2,1,Going straight,na,No Casualty,na,No priority to vehicle,Serious Injury,Owner,Unknown,Normal,Not a Pedestrian,No Casualty
18:20:00,Monday,31-50,Male,Above 10yr,Automobile,Residential areas,Asphalt roads,Dry,Normal,Daylight,Vehicle with vehicle collision,2,1,Going straight,Female,18-30,3,Changing lane to the right,Slight Injury,Owner,Above 10yr,Normal,Not a Pedestrian,Slight Injury
18:20:00,Monday,18-30,Male,5-10yr,Public (> 45 seats),Residential areas,Earth roads,Dry,Normal,Daylight,Vehicle with vehicle collision,2,1,Reversing,na,No Casualty,na,No priority to pedestrian,Slight Injury,Owner,5-10yrs,No Casualty,Not a Pedestrian,No Casualty
12:49:00,Sunday,Over 51,Male,1-2yr,Automobile,Other,Asphalt roads,Dry,Normal,Daylight,Rollover,2,1,Going straight,Male,31-50,3,No priority to vehicle,Slight Injury,Owner,Unknown,Normal,Not a Pedestrian,Slight Injury
12:49:00,Sunday,31-50,Male,Above 10yr,Public (12 seats),Church areas,Asphalt roads,Dry,Normal,Daylight,Vehicle with vehicle collision,2,1,Turnover,Male,18-30,3,Changing lane to the left,Slight Injury,Owner,5-10yrs,Normal,Crossing from driver's nearside,Slight Injury
16:00:00,Tuesday,18-30,Male,2-5yr,Public (12 seats),Recreational areas,Asphalt roads,Dry,Normal,Daylight,Vehicle with vehicle collision,1,1,Going straight,Female,31-50,3,Turnover,Slight Injury,Owner,Unknown,Normal,Not a Pedestrian,Slight Injury
23:23:00,Friday,18-30,Female,5-10yr,Automobile,Industrial areas,Asphalt roads,Dry,Normal,Darkness - lights lit,Collision with roadside objects,2,1,Going straight,Male,31-50,2,Driving to the left,Slight Injury,Owner,Unknown,No Casualty,Not a Pedestrian,Serious Injury
23:23:00,Friday,Under 18,Male,Below 1yr,Automobile,Residential areas,Asphalt roads,Dry,Normal,Darkness - lights lit,Vehicle with vehicle collision,2,1,Going straight,na,No Casualty,na,Driving carelessly,Slight Injury,Owner,Unknown,Normal,Not a Pedestrian,No Casualty
08:40:00,Wednesday,31-50,Male,5-10yr,Automobile,Residential areas,Asphalt roads,Dry,Normal,Daylight,Vehicle with vehicle collision,2,2,Going straight,Male,18-30,3,Driving to the left,Serious Injury,Owner,Above 10yr,Normal,Not a Pedestrian,Slight Injury
08:40:00,Wednesday,31-50,Male,Above 10yr,Lorry (41-100Q),Office areas,Asphalt roads,Dry,Normal,Daylight,Vehicle with vehicle collision,2,2,Going straight,Male,Under 18,2,Driving carelessly,Serious Injury,Owner,2-5yrs,Normal,Crossing from driver's nearside,Serious Injury
08:40:00,Wednesday,31-50,Male,5-10yr,Public (12 seats),Market areas,Asphalt roads,Dry,Normal,Daylight,Collision with roadside objects,2,2,Getting off,Male,18-30,3,No priority to pedestrian,Serious Injury,Owner,2-5yrs,No Casualty,Not a Pedestrian,Slight Injury
18:20:00,Wednesday,Under 18,Male,1-2yr,Lorry (11-40Q),Unknown,Asphalt roads,Dry,Normal,Daylight,Collision with roadside objects,2,1,Moving Backward,na,No Casualty,na,Driving carelessly,Slight Injury,Owner,Unknown,Normal,Not a Pedestrian,No Casualty
18:20:00,Wednesday,Under 18,Male,5-10yr,Automobile,Industrial areas,Asphalt roads,Dry,Normal,Daylight,Vehicle with vehicle collision,2,1,Going straight,na,No Casualty,na,Changing lane to the right,Slight Injury,Owner,Unknown,Normal,Not a Pedestrian,No Casualty
10:00:00,Friday,18-30,Male,1-2yr,Automobile,Residential areas,Asphalt roads,Dry,Normal,Daylight,Vehicle with vehicle collision,2,1,Turnover,Male,18-30,3,Moving Backward,Slight Injury,Owner,Unknown,Normal,Not a Pedestrian,Slight Injury
10:00:00,Friday,18-30,Male,Above 10yr,Automobile,Residential areas,Gravel roads,Dry,Normal,Daylight,Collision with roadside objects,2,1,Going straight,Male,18-30,3,Driving carelessly,Slight Injury,Governmental,Below 1yr,Normal,Not a Pedestrian,Slight Injury
21:10:00,Friday,18-30,Female,1-2yr,Bajaj,Other,Asphalt roads,Dry,Normal,Daylight,Collision with roadside objects,2,2,Going straight,Male,Under 18,3,Changing lane to the right,Slight Injury,Owner,5-10yrs,No Casualty,Not a Pedestrian,Slight Injury
21:10:00,Friday,18-30,Male,5-10yr,Public (12 seats),Residential areas,Asphalt roads,Dry,Normal,Daylight,Vehicle with vehicle collision,2,2,Going straight,Male,18-30,3,Driving carelessly,Slight Injury,Governmental,Unknown,Normal,Not a Pedestrian,Slight Injury
21:10:00,Friday,18-30,Male,2-5yr,Lorry (11-40Q),Rural village areas,Asphalt roads,Dry,Normal,Daylight,Vehicle with vehicle collision,2,2,Going straight,na,No Casualty,na,Driving carelessly,Slight Injury,Owner,1-2yr,Normal,Not a Pedestrian,No Casualty
17:55:00,Thursday,18-30,Male,5-10yr,Automobile,Rural village areas,Asphalt roads,Dry,Normal,Daylight,Vehicle with vehicle collision,2,3,Going straight,Male,18-30,3,Driving carelessly,Slight Injury,Owner,2-5yrs,Deaf,Not a Pedestrian,Slight Injury
17:55:00,Thursday,18-30,Male,2-5yr,Automobile,Office areas,Asphalt roads,Dry,Normal,Daylight,Collision with roadside objects,2,3,Going straight,na,No Casualty,na,Changing lane to the right,Slight Injury,Owner,Unknown,Normal,Not a Pedestrian,No Casualty
17:55:00,Thursday,18-30,Male,2-5yr,Automobile,Residential areas,Asphalt roads,Dry,Normal,Daylight,Vehicle with vehicle collision,2,3,Turnover,Male,31-50,3,Changing lane to the right,Slight Injury,Owner,2-5yrs,Normal,Not a Pedestrian,Slight Injury
17:08:00,Monday,18-30,Male,Above 10yr,Lorry (11-40Q),Residential areas,Asphalt roads,Dry,Normal,Daylight,Collision with roadside-parked vehicles,2,1,Turnover,na,No Casualty,na,Driving carelessly,Slight Injury,Owner,Unknown,Normal,Not a Pedestrian,No Casualty
17:08:00,Monday,18-30,Male,1-2yr,Lorry (41-100Q),Outside rural areas,Asphalt roads,Dry,Normal,Daylight,Vehicle with vehicle collision,2,1,Going straight,Female,31-50,3,Overtaking,Slight Injury,Owner,Unknown,Normal,Not a Pedestrian,Slight Injury
13:15:00,Sunday,31-50,Male,1-2yr,Pick up upto 10Q,Residential areas,Asphalt roads,Dry,Normal,Daylight,Collision with roadside objects,2,1,Getting off,Female,18-30,3,Changing lane to the right,Slight Injury,Owner,Above 10yr,Normal,Not a Pedestrian,Slight Injury
13:15:00,Sunday,Under 18,Male,5-10yr,Lorry (11-40Q),Church areas,Asphalt roads,Dry,Normal,Daylight,Vehicle with vehicle collision,2,1,Getting off,na,No Casualty,na,No distancing,Slight Injury,Owner,5-10yrs,No Casualty,Not a Pedestrian,No Casualty
15:00:00,Wednesday,18-30,Male,1-2yr,Stationwagen,Office areas,Asphalt roads,Dry,Normal,Daylight,Vehicle with vehicle collision,2,1,Going straight,na,No Casualty,na,Other,Slight Injury,Owner,Unknown,Normal,Not a Pedestrian,No Casualty
15:00:00,Wednesday,31-50,Male,5-10yr,Other,Office areas,Asphalt roads,Dry,Normal,Daylight,Vehicle with vehicle collision,2,1,Overtaking,Male,31-50,3,Changing lane to the right,Slight Injury,Owner,Unknown,Normal,Not a Pedestrian,Slight Injury
19:30:00,Sunday,18-30,Male,Above 10yr,Other,Office areas,Asphalt roads,Dry,Normal,Daylight,Vehicle with vehicle collision,2,2,Reversing,Male,31-50,3,Changing lane to the right,Slight Injury,Governmental,Unknown,Normal,Not a Pedestrian,Slight Injury
19:30:00,Sunday,18-30,Male,Above 10yr,Lorry (11-40Q),Other,Asphalt roads,Dry,Normal,Daylight,Vehicle with vehicle collision,2,2,Going straight,na,No Casualty,na,Overtaking,Slight Injury,Owner,2-5yrs,Normal,Not a Pedestrian,No Casualty
19:30:00,Sunday,18-30,Male,5-10yr,Automobile,Other,Asphalt roads,Dry,Normal,Daylight,Collision with roadside-parked vehicles,2,2,Getting off,Male,18-30,2,Other,Slight Injury,Owner,2-5yrs,Normal,Not a Pedestrian,Serious Injury
18:25:00,Thursday,18-30,Male,2-5yr,Automobile,Residential areas,Asphalt roads,Dry,Other,Daylight,Collision with roadside-parked vehicles,1,1,Getting off,na,No Casualty,na,Driving to the left,Slight Injury,Owner,Unknown,Normal,Not a Pedestrian,No Casualty
17:13:00,Thursday,31-50,Male,2-5yr,Lorry (41-100Q),Other,Asphalt roads,Dry,Normal,Daylight,Collision with animals,1,1,Reversing,Female,18-30,3,Overtaking,Serious Injury,Owner,Unknown,Normal,Crossing from nearside - masked by parked or statioNot a Pedestrianry vehicle,Slight Injury
15:25:00,Thursday,Under 18,Male,Below 1yr,Other,Other,Other,Dry,Normal,Daylight,Collision with animals,2,1,Turnover,na,No Casualty,na,No priority to vehicle,Slight Injury,Owner,Below 1yr,No Casualty,Not a Pedestrian,No Casualty
15:25:00,Thursday,18-30,Male,2-5yr,Lorry (41-100Q),Other,Asphalt roads,Dry,Normal,Daylight,Collision with animals,2,1,Moving Backward,Male,18-30,3,Moving Backward,Slight Injury,Owner,5-10yrs,No Casualty,Not a Pedestrian,Slight Injury
15:23:00,Sunday,Over 51,Male,2-5yr,Automobile,Other,Asphalt roads,Wet or damp,Normal,Daylight,Collision with animals,1,1,Going straight,Female,Over 51,3,Other,Slight Injury,Governmental,5-10yrs,No Casualty,Not a Pedestrian,Slight Injury
08:20:00,Friday,18-30,Male,5-10yr,Pick up upto 10Q,Other,Asphalt roads,Dry,Normal,Daylight,Collision with animals,2,1,Going straight,na,No Casualty,na,No priority to vehicle,Slight Injury,Owner,2-5yrs,No Casualty,Not a Pedestrian,No Casualty
08:20:00,Friday,Over 51,Male,Above 10yr,Lorry (41-100Q),Other,Asphalt roads,Dry,Normal,Daylight,Collision with animals,2,1,Going straight,na,No Casualty,na,No priority to pedestrian,Slight Injury,Owner,Unknown,No Casualty,Not a Pedestrian,No Casualty
18:36:00,Monday,31-50,Male,5-10yr,Public (13-45 seats),Church areas,Asphalt roads,Dry,Normal,Daylight,Collision with animals,2,7,Going straight,Female,31-50,3,Changing lane to the right,Slight Injury,Owner,2-5yrs,No Casualty,Not a Pedestrian,Slight Injury
18:36:00,Monday,31-50,Male,2-5yr,Long lorry,Other,Asphalt roads,Dry,Normal,Daylight,Collision with animals,2,7,Reversing,na,No Casualty,na,Changing lane to the right,Slight Injury,Owner,5-10yrs,Normal,Not a Pedestrian,No Casualty
18:36:00,Monday,31-50,Male,5-10yr,Automobile,Industrial areas,Asphalt roads,Dry,Normal,Daylight,Collision with animals,2,7,Going straight,na,No Casualty,na,Changing lane to the right,Slight Injury,Organization,2-5yrs,Normal,Not a Pedestrian,No Casualty
18:36:00,Monday,31-50,Male,2-5yr,Automobile,Residential areas,Other,Dry,Normal,Daylight,Collision with animals,2,7,Going straight,Male,31-50,3,Driving to the left,Slight Injury,Owner,Unknown,Normal,Not a Pedestrian,Slight Injury
18:36:00,Monday,18-30,Male,5-10yr,Other,Other,Asphalt roads,Dry,Normal,Daylight,Collision with animals,2,7,Going straight,Female,Over 51,3,Changing lane to the left,Slight Injury,Governmental,Above 10yr,No Casualty,Not a Pedestrian,Slight Injury
18:36:00,Monday,18-30,Male,1-2yr,Automobile,Office areas,Asphalt roads,Dry,Normal,Daylight,Collision with animals,2,7,Going straight,Male,Over 51,3,Moving Backward,Slight Injury,Owner,Unknown,Normal,Not a Pedestrian,Slight Injury
18:36:00,Monday,18-30,Male,2-5yr,Long lorry,Industrial areas,Asphalt roads,Dry,Normal,Daylight,Other,2,7,Getting off,Male,Over 51,3,Overspeed,Slight Injury,Owner,Unknown,Normal,Not a Pedestrian,Slight Injury
07:12:00,Sunday,31-50,Male,Above 10yr,Public (12 seats),Industrial areas,Asphalt roads,Dry,Normal,Daylight,Rollover,1,1,Going straight,na,No Casualty,na,Moving Backward,Slight Injury,Owner,1-2yr,Normal,Not a Pedestrian,No Casualty
13:10:00,Friday,18-30,Male,Below 1yr,Public (12 seats),Other,Asphalt roads,Dry,Normal,Daylight,Collision with animals,2,1,Going straight,Male,18-30,3,No distancing,Slight Injury,Owner,Unknown,Normal,Not a Pedestrian,Slight Injury
13:10:00,Friday,18-30,Male,2-5yr,Other,Hospital areas,Asphalt roads,Dry,Normal,Daylight,Rollover,2,1,Going straight,Male,18-30,3,Other,Slight Injury,Organization,Above 10yr,Other,Not a Pedestrian,Slight Injury
17:50:00,Friday,18-30,Unknown,Below 1yr,Other,Office areas,Asphalt roads,Dry,Normal,Daylight,Collision with animals,2,2,Going straight,na,No Casualty,na,No priority to vehicle,Slight Injury,Owner,Unknown,Blind,Not a Pedestrian,No Casualty
17:50:00,Friday,18-30,Male,5-10yr,Other,Church areas,Asphalt roads,Dry,Normal,Daylight,Collision with animals,2,2,Reversing,Female,Over 51,3,Changing lane to the right,Slight Injury,Owner,2-5yrs,Normal,Not a Pedestrian,Slight Injury
09:00:00,Friday,18-30,Female,1-2yr,Public (12 seats),Hospital areas,Asphalt roads,Dry,Normal,Daylight,Vehicle with vehicle collision,2,1,Moving Backward,Male,Under 18,3,Other,Serious Injury,Organization,5-10yrs,Normal,Crossing from nearside - masked by parked or statioNot a Pedestrianry vehicle,Slight Injury