Time,Day_of_week,Age_band_of_driver,Sex_of_driver,Driving_experience,Type_of_vehicle,Area_accident_occured,Road_surface_type,Road_surface_conditions,Weather_conditions,Light_conditions,Type_of_collision,Number_of_vehicles_involved,Number_of_casualties,Vehicle_movement,Sex_of_casualty,Age_band_of_casualty,Casualty_severity,Cause_of_accident,Accident_severity,Owner_of_vehicle,Service_year_of_vehicle,Fitness_of_casuality,Pedestrian_movement,Casualty_severity_label
22:34:00,Friday,31-50,Male,2-5yr,Public (13-45 seats),Residential areas,Asphalt roads,Wet or damp,Windy,Darkness - lights lit,Vehicle with vehicle collision,1,1,Going straight,Male,18-30,2,Changing lane to the left,Serious Injury,Governmental,Below 1yr,No Casualty,Not a Pedestrian,Serious Injury
13:53:00,Friday,31-50,Male,5-10yr,Automobile,Other,Asphalt roads,Wet or damp,Normal,Daylight,Vehicle with vehicle collision,2,3,Turnover,Male,18-30,3,Overturning,Slight Injury,Owner,5-10yrs,Normal,Not a Pedestrian,Slight Injury
13:53:00,Friday,18-30,Male,Below 1yr,Public (13-45 seats),Residential areas,Asphalt roads,Wet or damp,Normal,Daylight,Vehicle with vehicle collision,2,3,Going straight,na,No Casualty,na,Driving carelessly,Slight Injury,Governmental,Unknown,Normal,Not a Pedestrian,No Casualty
13:53:00,Friday,18-30,Male,Below 1yr,Public (13-45 seats),Rural village areas,Asphalt roads,Wet or damp,Normal,Daylight,Vehicle with vehicle collision,2,3,Reversing,na,No Casualty,na,No distancing,Slight Injury,Owner,1-2yr,Normal,Not a Pedestrian,No Casualty
13:50:00,Friday,18-30,Male,5-10yr,Automobile,Rural village areas,Asphalt roads,Dry,Cloudy,Daylight,Collision with pedestrians,2,2,Other,Female,31-50,3,Driving carelessly,Slight Injury,Owner,2-5yrs,Normal,Not a Pedestrian,Slight Injury
13:50:00,Friday,18-30,Male,Below 1yr,Lorry (11-40Q),Office areas,Earth roads,Dry,Cloudy,Daylight,Vehicle with vehicle collision,2,2,Going straight,Male,18-30,3,Changing lane to the left,Slight Injury,Owner,Unknown,Normal,Not a Pedestrian,Slight Injury
13:50:00,Friday,18-30,Female,2-5yr,Automobile,Residential areas,Asphalt roads,Dry,Cloudy,Daylight,Vehicle with vehicle collision,2,2,Going straight,Male,31-50,3,No priority to vehicle,Slight Injury,Owner,2-5yrs,Normal,Not a Pedestrian,Slight Injury
15:00:00,Friday,31-50,Male,2-5yr,Lorry (41-100Q),Residential areas,Asphalt roads,Dry,Normal,Daylight,Collision with roadside objects,2,1,Turnover,na,No Casualty,na,Changing lane to the right,Slight Injury,Owner,Unknown,Normal,Not a Pedestrian,No Casualty
15:00:00,Friday,31-50,Male,5-10yr,Other,Outside rural areas,Asphalt roads,Dry,Normal,Daylight,Vehicle with vehicle collision,2,1,Other,na,No Casualty,na,No distancing,Slight Injury,Owner,Unknown,No Casualty,Not a Pedestrian,No Casualty
20:15:00,Tuesday,18-30,Male,5-10yr,Pick up upto 10Q,Residential areas,Asphalt roads,Dry,Normal,Darkness - lights lit,Vehicle with vehicle collision,2,1,Going straight,na,No Casualty,na,Moving Backward,Slight Injury,Owner,Above 10yr,No Casualty,Not a Pedestrian,No Casualty
20:15:00,Tuesday,18-30,Male,5-10yr,Lorry (11-40Q),Church areas,Asphalt roads,Dry,Normal,Darkness - lights lit,Collision with pedestrians,2,1,Going straight,Male,18-30,3,Moving Backward,Slight Injury,Owner,5-10yrs,No Casualty,Not a Pedestrian,Slight Injury
18:32:00,Sunday,18-30,Male,5-10yr,Motorcycle,Office areas,Asphalt roads,Wet or damp,Rain,Darkness - lights lit,Vehicle with vehicle collision,1,1,Other,na,No Casualty,na,No distancing,Slight Injury,Owner,Unknown,Normal,Not a Pedestrian,No Casualty
09:51:00,Tuesday,18-30,Male,5-10yr,Pick up upto 10Q,Office areas,Asphalt roads,Dry,Normal,Daylight,Vehicle with vehicle collision,2,1,Going straight,Male,18-30,3,No distancing,Slight Injury,Owner,Unknown,Normal,Not a Pedestrian,Slight Injury
09:51:00,Tuesday,Over 51,Male,2-5yr,Lorry (11-40Q),Office areas,Asphalt roads,Dry,Normal,Daylight,Collision with pedestrians,2,1,Turnover,Male,31-50,3,No distancing,Slight Injury,Governmental,Unknown,Normal,Not a Pedestrian,Slight Injury
19:15:00,Monday,31-50,Male,5-10yr,Lorry (11-40Q),Other,Gravel roads,Wet or damp,Normal,Darkness - lights lit,Collision with pedestrians,2,1,Going straight,Male,31-50,3,No priority to pedestrian,Slight Injury,Owner,2-5yrs,Normal,Not a Pedestrian,Slight Injury
19:15:00,Monday,18-30,Male,Below 1yr,Automobile,Other,Asphalt roads,Wet or damp,Normal,Darkness - lights lit,Collision with pedestrians,2,1,Turnover,na,No Casualty,na,Driving carelessly,Slight Injury,Owner,2-5yrs,No Casualty,Not a Pedestrian,No Casualty
19:28:00,Sunday,18-30,Male,1-2yr,Automobile,Residential areas,Asphalt roads,Dry,Normal,Darkness - no lighting,Collision with roadside objects,2,2,Going straight,Female,18-30,3,Changing lane to the right,Slight Injury,Owner,Unknown,Normal,Not a Pedestrian,Slight Injury
19:28:00,Sunday,18-30,Male,2-5yr,Other,Other,Asphalt roads,Dry,Normal,Darkness - no lighting,Vehicle with vehicle collision,2,2,Moving Backward,na,No Casualty,na,Changing lane to the left,Slight Injury,Owner,Unknown,Normal,Not a Pedestrian,No Casualty
19:28:00,Sunday,18-30,Male,2-5yr,Other,Other,Asphalt roads,Dry,Normal,Darkness - no lighting,Vehicle with vehicle collision,2,2,Going straight,Male,31-50,3,Driving carelessly,Slight Injury,Owner,Below 1yr,Normal,Not a Pedestrian,Slight Injury
13:15:00,Wednesday,18-30,Male,5-10yr,Automobile,Other,Asphalt roads,Wet or damp,Normal,Daylight,Vehicle with vehicle collision,2,1,Going straight,na,No Casualty,na,Driving carelessly,Slight Injury,Owner,5-10yrs,Normal,Not a Pedestrian,No Casualty
13:15:00,Wednesday,Over 51,Male,5-10yr,Taxi,Other,Asphalt roads,Wet or damp,Normal,Daylight,Vehicle with vehicle collision,2,1,Going straight,Female,Under 18,3,No distancing,Slight Injury,Governmental,5-10yrs,Normal,Not a Pedestrian,Slight Injury
10:00:00,Thursday,Under 18,Male,5-10yr,Other,Other,Asphalt roads,Wet or damp,Normal,Daylight,Vehicle with vehicle collision,2,1,Reversing,Female,18-30,3,Other,Slight Injury,Owner,2-5yrs,Normal,Not a Pedestrian,Slight Injury
10:00:00,Thursday,Under 18,Male,Above 10yr,Taxi,Other,Asphalt roads,Wet or damp,Normal,Daylight,Vehicle with vehicle collision,2,1,Reversing,Female,18-30,3,Changing lane to the right,Slight Injury,Owner,Unknown,Normal,Not a Pedestrian,Slight Injury
13:30:00,Monday,Over 51,Male,Above 10yr,Lorry (11-40Q),Church areas,Asphalt roads,Wet or damp,Normal,Daylight,Collision with pedestrians,1,2,Reversing,na,No Casualty,na,Changing lane to the right,Slight Injury,Owner,2-5yrs,Normal,Not a Pedestrian,No Casualty
13:30:00,Monday,Over 51,Male,Above 10yr,Automobile,Other,Asphalt roads,Wet or damp,Normal,Daylight,Collision with roadside objects,1,2,Going straight,Male,18-30,3,No distancing,Slight Injury,Owner,5-10yrs,Normal,Not a Pedestrian,Slight Injury
10:35:00,Tuesday,31-50,Male,5-10yr,Other,Industrial areas,Asphalt roads,Wet or damp,Normal,Daylight,Vehicle with vehicle collision,3,1,Going straight,Female,31-50,3,No distancing,Slight Injury,Organization,2-5yrs,Normal,Not a Pedestrian,Slight Injury
10:35:00,Tuesday,31-50,Male,5-10yr,Automobile,Residential areas,Asphalt roads,Wet or damp,Normal,Daylight,Vehicle with vehicle collision,3,1,Going straight,Male,Over 51,3,Overturning,Slight Injury,Owner,Unknown,Normal,Not a Pedestrian,Slight Injury
10:35:00,Tuesday,31-50,Male,2-5yr,Automobile,Other,Asphalt roads,Wet or damp,Normal,Daylight,Vehicle with vehicle collision,3,1,Going straight,na,No Casualty,na,Overspeed,Slight Injury,Governmental,Above 10yr,No Casualty,Not a Pedestrian,No Casualty
17:30:00,Thursday,31-50,Male,5-10yr,Automobile,Office areas,Asphalt roads,Wet or damp,Rain,Darkness - no lighting,Vehicle with vehicle collision,2,1,Moving Backward,Male,31-50,3,No priority to vehicle,Slight Injury,Owner,Unknown,Normal,Unknown or other,Slight Injury
17:30:00,Thursday,18-30,Male,2-5yr,Automobile,Industrial areas,Asphalt roads,Wet or damp,Rain,Darkness - no lighting,With Train,2,1,Going straight,Female,31-50,3,No priority to pedestrian,Slight Injury,Owner,Unknown,Normal,Not a Pedestrian,Slight Injury
05:56:00,Friday,18-30,Male,5-10yr,Lorry (41-100Q),Industrial areas,Asphalt roads,Wet or damp,Normal,Darkness - lights lit,Vehicle with vehicle collision,2,1,Moving Backward,na,No Casualty,na,No priority to vehicle,Slight Injury,Owner,1-2yr,Normal,Not a Pedestrian,No Casualty
05:56:00,Friday,18-30,Male,Above 10yr,Other,Other,Asphalt roads,Wet or damp,Normal,Darkness - lights lit,Vehicle with vehicle collision,2,1,Moving Backward,Female,18-30,3,Other,Slight Injury,Owner,Unknown,Normal,Crossing from nearside - masked by parked or statioNot a Pedestrianry vehicle,Slight Injury
09:10:00,Thursday,31-50,Male,2-5yr,Pick up upto 10Q,Hospital areas,Asphalt roads,Wet or damp,Normal,Daylight,Vehicle with vehicle collision,2,2,Going straight,na,No Casualty,na,Other,Slight Injury,Organization,Above 10yr,Normal,Not a Pedestrian,No Casualty
09:10:00,Thursday,31-50,Male,2-5yr,Pick up upto 10Q,Office areas,Asphalt roads,Wet or damp,Normal,Daylight,Vehicle with vehicle collision,2,2,Other,Male,Under 18,3,Moving Backward,Slight Injury,Owner,Unknown,Normal,Not a Pedestrian,Slight Injury
05:40:00,Sunday,18-30,Male,Above 10yr,Automobile,Church areas,Asphalt roads,Wet or damp,Windy,Darkness - lights lit,Vehicle with vehicle collision,2,1,Going straight,Male,18-30,3,No distancing,Serious Injury,Owner,2-5yrs,No Casualty,Not a Pedestrian,Slight Injury
05:40:00,Sunday,31-50,Male,1-2yr,Long lorry,Hospital areas,Earth roads,Wet or damp,Windy,Darkness - lights lit,Vehicle with vehicle collision,2,1,Other,na,No Casualty,na,Moving Backward,Serious Injury,Organization,5-10yrs,Normal,Not a Pedestrian,No Casualty
17:55:00,Friday,18-30,Male,Above 10yr,Automobile,Office areas,Asphalt roads,Wet or damp,Rain,Darkness - lights lit,Vehicle with vehicle collision,2,1,Going straight,Male,Under 18,3,No priority to vehicle,Slight Injury,Owner,Above 10yr,No Casualty,Not a Pedestrian,Slight Injury
17:55:00,Friday,31-50,Male,5-10yr,Public (13-45 seats),Other,Asphalt roads,Wet or damp,Rain,Darkness - lights lit,Vehicle with vehicle collision,2,1,Reversing,na,No Casualty,na,Driving carelessly,Slight Injury,Owner,2-5yrs,No Casualty,Not a Pedestrian,No Casualty
13:30:00,Monday,Over 51,Male,5-10yr,Lorry (41-100Q),Office areas,Asphalt roads,Dry,Normal,Daylight,Vehicle with vehicle collision,1,1,Going straight,Female,Over 51,2,No distancing,Serious Injury,Owner,1-2yr,No Casualty,Not a Pedestrian,Serious Injury
19:42:00,Tuesday,Under 18,Male,5-10yr,Public (13-45 seats),Office areas,Asphalt roads,Wet or damp,Normal,Darkness - lights lit,Collision with pedestrians,2,1,Going straight,Male,Under 18,3,Other,Serious Injury,Owner,2-5yrs,Normal,Not a Pedestrian,Slight Injury
19:42:00,Tuesday,Under 18,Male,5-10yr,Other,Other,Asphalt roads,Wet or damp,Normal,Darkness - lights lit,Collision with roadside objects,2,1,Going straight,Female,18-30,3,Changing lane to the right,Serious Injury,Owner,Unknown,Normal,Not a Pedestrian,Slight Injury
09:30:00,Friday,31-50,Male,Above 10yr,Lorry (41-100Q),Office areas,Asphalt roads,Wet or damp,Normal,Daylight,Collision with roadside objects,3,6,Going straight,Male,31-50,3,No distancing,Slight Injury,Owner,1-2yr,Normal,Not a Pedestrian,Slight Injury
09:30:00,Friday,31-50,Male,1-2yr,Lorry (41-100Q),Residential areas,Asphalt roads,Wet or damp,Normal,Daylight,Vehicle with vehicle collision,3,6,Going straight,Female,18-30,3,Driving carelessly,Slight Injury,Owner,Unknown,Normal,Not a Pedestrian,Slight Injury
09:30:00,Friday,31-50,Male,2-5yr,Long lorry,Other,Gravel roads,Wet or damp,Normal,Daylight,Vehicle with vehicle collision,3,6,Going straight,Male,31-50,3,No distancing,Slight Injury,Owner,Unknown,Normal,Not a Pedestrian,Slight Injury
09:30:00,Friday,31-50,Male,Below 1yr,Pick up upto 10Q,Office areas,Asphalt roads,Wet or damp,Normal,Daylight,Vehicle with vehicle collision,3,6,Going straight,Female,18-30,3,No priority to vehicle,Slight Injury,Owner,2-5yrs,Normal,Not a Pedestrian,Slight Injury
09:30:00,Friday,31-50,Male,Above 10yr,Pick up upto 10Q,Office areas,Asphalt roads,Wet or damp,Normal,Daylight,Vehicle with vehicle collision,3,6,Other,na,No Casualty,na,Changing lane to the right,Slight Injury,Owner,5-10yrs,Normal,Not a Pedestrian,No Casualty
09:30:00,Friday,31-50,Male,1-2yr,Lorry (41-100Q),Office areas,Asphalt roads,Wet or damp,Normal,Daylight,Vehicle with vehicle collision,3,6,Going straight,Female,Over 51,3,No priority to pedestrian,Slight Injury,Owner,Unknown,Normal,Not a Pedestrian,Slight Injury
04:44:00,Thursday,31-50,Male,5-10yr,Lorry (41-100Q),Other,Other,Wet or damp,Rain,Darkness - lights lit,Collision with roadside objects,2,2,Going straight,Female,Over 51,3,No priority to vehicle,Slight Injury,Owner,5-10yrs,Normal,Not a Pedestrian,Slight Injury
04:44:00,Thursday,18-30,Male,5-10yr,Automobile,Church areas,Asphalt roads,Wet or damp,Rain,Darkness - lights lit,Vehicle with vehicle collision,2,2,Going straight,Female,31-50,3,Changing lane to the left,Slight Injury,Owner,Unknown,No Casualty,Crossing from driver's nearside,Slight Injury
04:44:00,Thursday,18-30,Male,Below 1yr,Other,Industrial areas,Asphalt roads,Wet or damp,Rain,Darkness - lights lit,Vehicle with vehicle collision,2,2,Going straight,na,No Casualty,na,Turnover,Slight Injury,Owner,Unknown,Normal,Not a Pedestrian,No Casualty
22:25:00,Friday,18-30,Male,5-10yr,Automobile,Office areas,Asphalt roads,Wet or damp,Normal,Darkness - lights lit,Vehicle with vehicle collision,2,1,Reversing,Male,31-50,3,Driving to the left,Slight Injury,Owner,1-2yr,Normal,Not a Pedestrian,Slight Injury
22:25:00,Friday,31-50,Male,Above 10yr,Other,Church areas,Asphalt roads,Wet or damp,Normal,Darkness - lights lit,Vehicle with vehicle collision,2,1,Going straight,Male,31-50,3,Driving carelessly,Slight Injury,Owner,Unknown,Normal,Not a Pedestrian,Slight Injury
11:50:00,Sunday,18-30,Male,5-10yr,Automobile,Office areas,Asphalt roads,Dry,Normal,Daylight,Vehicle with vehicle collision,2,1,Going straight,na,No Casualty,na,Driving to the left,Slight Injury,Owner,Unknown,Normal,Not a Pedestrian,No Casualty
11:50:00,Sunday,31-50,Male,1-2yr,Pick up upto 10Q,Office areas,Asphalt roads,Dry,Normal,Daylight,Vehicle with vehicle collision,2,1,Other,Male,Under 18,3,Driving carelessly,Slight Injury,Owner,Unknown,No Casualty,Not a Pedestrian,Slight Injury
22:50:00,Friday,Under 18,Male,2-5yr,Automobile,Residential areas,Asphalt roads,Dry,Normal,Darkness - lights unlit,Collision with pedestrians,1,1,Going straight,na,No Casualty,na,No priority to pedestrian,Serious Injury,Owner,Unknown,Normal,Not a Pedestrian,No Casualty
12:15:00,Tuesday,Over 51,Male,5-10yr,Public (12 seats),Office areas,Asphalt roads,Wet or damp,Normal,Daylight,Collision with pedestrians,2,3,Going straight,Male,18-30,3,Driving carelessly,Slight Injury,Owner,5-10yrs,Normal,Not a Pedestrian,Slight Injury
12:15:00,Tuesday,Over 51,Male,Above 10yr,Automobile,Residential areas,Asphalt roads,Wet or damp,Normal,Daylight,Collision with roadside objects,2,3,Going straight,Male,18-30,2,Changing lane to the right,Slight Injury,Owner,5-10yrs,Normal,Not a Pedestrian,Serious Injury
12:15:00,Tuesday,31-50,Male,2-5yr,Other,Office areas,Asphalt roads,Wet or damp,Normal,Daylight,Collision with pedestrians,2,3,Turnover,na,No Casualty,na,Moving Backward,Slight Injury,Owner,2-5yrs,Normal,Not a Pedestrian,No Casualty
16:17:00,Thursday,31-50,Male,5-10yr,Public (12 seats),Office areas,Asphalt roads,Wet or damp,Cloudy,Daylight,Vehicle with vehicle collision,1,1,Going straight,Female,Under 18,3,Driving carelessly,Slight Injury,Owner,2-5yrs,Normal,Not a Pedestrian,Slight Injury
07:59:00,Thursday,31-50,Male,2-5yr,Stationwagen,Other,Asphalt roads,Wet or damp,Normal,Daylight,Vehicle with vehicle collision,1,1,Going straight,Male,18-30,3,Changing lane to the right,Serious Injury,Owner,Unknown,No Casualty,Not a Pedestrian,Slight Injury
17:23:00,Tuesday,Over 51,Male,1-2yr,Lorry (41-100Q),Other,Asphalt roads,Wet or damp,Normal,Darkness - no lighting,Vehicle with vehicle collision,3,1,Reversing,na,No Casualty,na,Driving carelessly,Slight Injury,Owner,Unknown,Normal,Not a Pedestrian,No Casualty
17:23:00,Tuesday,18-30,Male,5-10yr,Lorry (41-100Q),Residential areas,Asphalt roads,Wet or damp,Normal,Darkness - no lighting,Collision with roadside objects,3,1,Other,Male,18-30,3,Driving carelessly,Slight Injury,Owner,Above 10yr,Normal,Not a Pedestrian,Slight Injury
17:23:00,Tuesday,31-50,Unknown,2-5yr,Lorry (41-100Q),Church areas,Gravel roads,Wet or damp,Normal,Darkness - no lighting,Collision with roadside objects,3,1,Going straight,na,No Casualty,na,Driving carelessly,Slight Injury,Owner,Unknown,Normal,Not a Pedestrian,No Casualty
08:15:00,Thursday,18-30,Male,5-10yr,Automobile,Church areas,Asphalt roads,Wet or damp,Normal,Daylight,Vehicle with vehicle collision,2,1,Going straight,Male,31-50,3,Changing lane to the right,Slight Injury,Governmental,Unknown,Normal,Not a Pedestrian,Slight Injury
08:15:00,Thursday,31-50,Male,5-10yr,Lorry (41-100Q),Residential areas,Asphalt roads,Wet or damp,Normal,Daylight,Vehicle with vehicle collision,2,1,Moving Backward,Male,31-50,3,Changing lane to the right,Slight Injury,Owner,2-5yrs,Normal,Not a Pedestrian,Slight Injury
17:11:00,Monday,18-30,Male,2-5yr,Automobile,Office areas,Asphalt roads,Dry,Normal,Darkness - lights lit,Vehicle with vehicle collision,2,1,Reversing,Female,Over 51,3,Driving carelessly,Slight Injury,Owner,Unknown,Normal,Not a Pedestrian,Slight Injury
17:11:00,Monday,31-50,Male,2-5yr,Public (12 seats),Office areas,Other,Dry,Normal,Darkness - lights lit,Vehicle with vehicle collision,2,1,Going straight,na,No Casualty,na,Overtaking,Slight Injury,Owner,5-10yrs,No Casualty,Not a Pedestrian,No Casualty
17:43:00,Tuesday,31-50,Male,2-5yr,Automobile,Residential areas,Asphalt roads,Wet or damp,Normal,Darkness - lights lit,Vehicle with vehicle collision,2,1,Going straight,na,No Casualty,na,Changing lane to the right,Slight Injury,Owner,2-5yrs,Normal,Not a Pedestrian,No Casualty
17:43:00,Tuesday,Over 51,Male,5-10yr,Stationwagen,Church areas,Other,Wet or damp,Normal,Darkness - lights lit,Vehicle with vehicle collision,2,1,Moving Backward,Male,18-30,3,No distancing,Slight Injury,Owner,5-10yrs,Normal,Not a Pedestrian,Slight Injury
19:35:00,Friday,Over 51,Male,1-2yr,Automobile,Other,Asphalt roads,Wet or damp,Normal,Darkness - lights lit,Vehicle with vehicle collision,1,1,Going straight,na,No Casualty,na,Other,Serious Injury,Owner,Unknown,No Casualty,Not a Pedestrian,No Casualty
08:10:00,Thursday,31-50,Male,2-5yr,Lorry (41-100Q),Office areas,Asphalt roads,Wet or damp,Normal,Daylight,Vehicle with vehicle collision,1,1,Going straight,Male,Over 51,3,Changing lane to the right,Slight Injury,Owner,Unknown,No Casualty,Not a Pedestrian,Slight Injury
20:00:00,Thursday,31-50,Male,2-5yr,Other,Other,Asphalt roads,Dry,Normal,Darkness - lights lit,Vehicle with vehicle collision,2,2,Going straight,Male,Under 18,3,Changing lane to the right,Slight Injury,Owner,Unknown,Normal,Not a Pedestrian,Slight Injury
20:00:00,Thursday,18-30,Male,5-10yr,Pick up upto 10Q,Other,Asphalt roads,Dry,Normal,Darkness - lights lit,Collision with roadside objects,2,2,Going straight,na,No Casualty,na,Overtaking,Slight Injury,Owner,Unknown,Normal,Not a Pedestrian,No Casualty
23:05:00,Friday,31-50,Male,1-2yr,Automobile,Other,Asphalt roads,Dry,Normal,Darkness - lights lit,Collision with roadside objects,1,1,Going straight,na,No Casualty,na,Other,Slight Injury,Owner,Unknown,Normal,Not a Pedestrian,No Casualty
04:24:00,Friday,18-30,Male,Below 1yr,Lorry (41-100Q),Residential areas,Asphalt roads,Dry,Normal,Darkness - lights lit,Collision with pedestrians,1,1,Going straight,Male,31-50,3,Driving to the left,Serious Injury,Governmental,2-5yrs,Normal,Not a Pedestrian,Slight Injury
08:49:00,Monday,18-30,Male,1-2yr,Automobile,Church areas,Asphalt roads,Wet or damp,Normal,Daylight,Vehicle with vehicle collision,2,3,Going straight,Male,18-30,3,Overtaking,Slight Injury,Owner,Below 1yr,Normal,Not a Pedestrian,Slight Injury
08:49:00,Monday,31-50,Male,1-2yr,Public (13-45 seats),Other,Asphalt roads,Wet or damp,Normal,Daylight,Vehicle with vehicle collision,2,3,Going straight,na,No Casualty,na,No priority to vehicle,Slight Injury,Owner,Unknown,Normal,Not a Pedestrian,No Casualty
08:49:00,Monday,31-50,Male,Above 10yr,Automobile,Other,Asphalt roads,Wet or damp,Normal,Daylight,Vehicle with vehicle collision,2,3,Reversing,na,No Casualty,na,Moving Backward,Slight Injury,Owner,Unknown,Normal,Not a Pedestrian,No Casualty
09:52:00,Friday,Under 18,Male,1-2yr,Lorry (41-100Q),Residential areas,Asphalt roads,Dry,Normal,Daylight,Vehicle with vehicle collision,2,2,Going straight,Male,31-50,3,Other,Serious Injury,Owner,Unknown,Normal,Not a Pedestrian,Slight Injury
09:52:00,Friday,Over 51,Male,2-5yr,Public (12 seats),Office areas,Asphalt roads,Dry,Normal,Daylight,Vehicle with vehicle collision,2,2,Going straight,Male,31-50,3,No priority to vehicle,Serious Injury,Owner,Unknown,No Casualty,Not a Pedestrian,Slight Injury
16:30:00,Monday,31-50,Male,2-5yr,Motorcycle,Industrial areas,Asphalt roads,Dry,Normal,Darkness - lights lit,Vehicle with vehicle collision,2,1,Going straight,Female,Over 51,3,No priority to pedestrian,Slight Injury,Owner,Unknown,No Casualty,Crossing from nearside - masked by parked or statioNot a Pedestrianry vehicle,Slight Injury
16:30:00,Monday,31-50,Male,Above 10yr,Public (12 seats),Residential areas,Asphalt roads,Dry,Normal,Darkness - lights lit,Vehicle with vehicle collision,2,1,Going straight,Male,18-30,2,Changing lane to the right,Slight Injury,Governmental,Unknown,Normal,Not a Pedestrian,Serious Injury
16:40:00,Thursday,18-30,Male,5-10yr,Lorry (41-100Q),Office areas,Asphalt roads,Wet or damp,Normal,Daylight,Vehicle with vehicle collision,2,1,Going straight,na,No Casualty,na,Changing lane to the right,Slight Injury,Owner,Unknown,Normal,Not a Pedestrian,No Casualty
16:40:00,Thursday,31-50,Male,1-2yr,Automobile,Other,Asphalt roads,Wet or damp,Normal,Daylight,Vehicle with vehicle collision,2,1,Going straight,Male,31-50,2,Changing lane to the right,Slight Injury,Owner,2-5yrs,Normal,Not a Pedestrian,Serious Injury
17:45:00,Tuesday,18-30,Male,5-10yr,Lorry (41-100Q),Church areas,Asphalt roads,Wet or damp,Rain,Darkness - lights lit,Collision with pedestrians,2,1,Other,Female,31-50,3,Driving to the left,Slight Injury,Owner,Unknown,Normal,Not a Pedestrian,Slight Injury
17:45:00,Tuesday,31-50,Male,2-5yr,Stationwagen,Industrial areas,Asphalt roads,Wet or damp,Rain,Darkness - lights lit,Collision with pedestrians,2,1,Moving Backward,Male,31-50,3,Changing lane to the left,Slight Injury,Owner,Above 10yr,Normal,Crossing from nearside - masked by parked or statioNot a Pedestrianry vehicle,Slight Injury
03:16:00,Friday,18-30,Male,1-2yr,Pick up upto 10Q,Recreational areas,Asphalt roads,Dry,Normal,Darkness - lights lit,Vehicle with vehicle collision,2,1,Other,Male,18-30,3,Moving Backward,Slight Injury,Owner,Unknown,Normal,Not a Pedestrian,Slight Injury
03:16:00,Friday,18-30,Female,Above 10yr,Automobile,Market areas,Asphalt roads,Dry,Normal,Darkness - lights lit,Vehicle with vehicle collision,2,1,Going straight,na,No Casualty,na,Overspeed,Slight Injury,Owner,Unknown,Normal,Not a Pedestrian,No Casualty
18:58:00,Thursday,18-30,Male,2-5yr,Automobile,Other,Asphalt roads,Dry,Normal,Darkness - lights lit,Vehicle with vehicle collision,1,1,Going straight,Male,31-50,3,Moving Backward,Slight Injury,Owner,Unknown,Normal,Not a Pedestrian,Slight Injury
20:00:00,Thursday,Over 51,Male,5-10yr,Automobile,Other,Asphalt roads,Dry,Unknown,Darkness - no lighting,Vehicle with vehicle collision,2,2,Going straight,na,No Casualty,na,No distancing,Serious Injury,Owner,Unknown,Normal,Not a Pedestrian,No Casualty
20:00:00,Thursday,Over 51,Male,1-2yr,Other,Industrial areas,Earth roads,Dry,Unknown,Darkness - no lighting,Vehicle with vehicle collision,2,2,Other,na,No Casualty,na,Other,Serious Injury,Owner,Unknown,Normal,Not a Pedestrian,No Casualty
20:00:00,Thursday,18-30,Male,5-10yr,Automobile,Other,Asphalt roads,Dry,Unknown,Darkness - no lighting,Vehicle with vehicle collision,2,2,Going straight,Male,18-30,3,No priority to vehicle,Serious Injury,Governmental,2-5yrs,Normal,Not a Pedestrian,Slight Injury
18:15:00,Tuesday,31-50,Male,5-10yr,Public (13-45 seats),Office areas,Asphalt roads,Dry,Normal,Darkness - lights lit,Vehicle with vehicle collision,1,1,Going straight,na,No Casualty,na,Changing lane to the right,Serious Injury,Governmental,Unknown,Normal,Not a Pedestrian,No Casualty
23:15:00,Thursday,31-50,Male,5-10yr,Public (13-45 seats),Other,Asphalt roads,Dry,Normal,Darkness - lights lit,Vehicle with vehicle collision,1,1,Going straight,Male,18-30,3,Other,Slight Injury,Owner,Unknown,Normal,Not a Pedestrian,Slight Injury
11:10:00,Tuesday,Over 51,Male,2-5yr,Automobile,Office areas,Asphalt roads,Dry,Normal,Daylight,Vehicle with vehicle collision,2,1,Going straight,na,No Casualty,na,No distancing,Slight Injury,Owner,Unknown,Normal,Not a Pedestrian,No Casualty
11:10:00,Tuesday,Over 51,Male,5-10yr,Public (12 seats),Office areas,Asphalt roads,Dry,Normal,Daylight,Vehicle with vehicle collision,2,1,Going straight,Male,Under 18,3,Driving carelessly,Slight Injury,Owner,Unknown,Normal,Not a Pedestrian,Slight Injury
13:40:00,Friday,31-50,Male,2-5yr,Public (12 seats),Other,Asphalt roads,Dry,Normal,Daylight,Vehicle with vehicle collision,2,1,Going straight,Male,18-30,3,No distancing,Slight Injury,Organization,Unknown,Normal,Not a Pedestrian,Slight Injury
13:40:00,Friday,Over 51,Male,1-2yr,Lorry (41-100Q),Other,Asphalt roads,Dry,Normal,Daylight,Vehicle with vehicle collision,2,1,Moving Backward,Male,18-30,3,Moving Backward,Slight Injury,Governmental,2-5yrs,Normal,Not a Pedestrian,Slight Injury
09:16:00,Tuesday,18-30,Male,1-2yr,Automobile,Other,Asphalt roads,Dry,Normal,Daylight,Vehicle with vehicle collision,1,1,Moving Backward,Male,Under 18,3,No distancing,Slight Injury,Owner,Unknown,Normal,Not a Pedestrian,Slight Injury