Time,Day_of_week,Age_band_of_driver,Sex_of_driver,Driving_experience,Type_of_vehicle,Area_accident_occured,Road_surface_type,Road_surface_conditions,Weather_conditions,Light_conditions,Type_of_collision,Number_of_vehicles_involved,Number_of_casualties,Vehicle_movement,Sex_of_casualty,Age_band_of_casualty,Casualty_severity,Cause_of_accident,Accident_severity,Owner_of_vehicle,Service_year_of_vehicle,Fitness_of_casuality,Pedestrian_movement,Casualty_severity_label
15:45:00,Friday,31-50,Male,Below 1yr,Lorry (11-40Q),Office areas,Asphalt roads,Dry,Normal,Daylight,Vehicle with vehicle collision,3,2,U-Turn,Male,18-30,3,No distancing,Slight Injury,Owner,5-10yrs,Normal,Not a Pedestrian,Slight Injury
00:11:00,Sunday,18-30,Female,Above 10yr,Automobile,Residential areas,Asphalt roads,Dry,Normal,Darkness - lights lit,Collision with roadside objects,1,1,Going straight,na,No Casualty,na,No distancing,Slight Injury,Owner,2-5yrs,Normal,Not a Pedestrian,No Casualty
08:01:00,Thursday,31-50,Male,5-10yr,Automobile,Other,Asphalt roads,Dry,Normal,Daylight,Vehicle with vehicle collision,2,1,Going straight,Male,31-50,3,Getting off the vehicle improperly,Slight Injury,Owner,Unknown,Normal,Not a Pedestrian,Slight Injury
08:01:00,Thursday,31-50,Male,Above 10yr,Automobile,Other,Asphalt roads,Dry,Normal,Daylight,Vehicle with vehicle collision,2,1,Going straight,na,No Casualty,na,Overtaking,Slight Injury,Owner,Unknown,No Casualty,Not a Pedestrian,No Casualty
09:07:00,Friday,18-30,Male,1-2yr,Lorry (11-40Q),Industrial areas,Asphalt roads,Wet or damp,Normal,Daylight,Vehicle with vehicle collision,2,2,Going straight,Male,31-50,3,Driving carelessly,Slight Injury,Governmental,1-2yr,Normal,Not a Pedestrian,Slight Injury
09:07:00,Friday,31-50,Male,5-10yr,Lorry (41-100Q),Church areas,Asphalt roads,Wet or damp,Normal,Daylight,Vehicle with vehicle collision,2,2,Going straight,na,No Casualty,na,Driving under the influence of drugs,Slight Injury,Governmental,1-2yr,Normal,Not a Pedestrian,No Casualty
07:41:00,Wednesday,Over 51,Male,5-10yr,Pick up upto 10Q,Office areas,Asphalt roads,Wet or damp,Rain,Daylight,Vehicle with vehicle collision,2,2,Going straight,Male,31-50,2,Moving Backward,Slight Injury,Organization,1-2yr,Normal,Not a Pedestrian,Serious Injury
07:41:00,Wednesday,31-50,Male,2-5yr,Lorry (11-40Q),Office areas,Asphalt roads,Wet or damp,Rain,Daylight,Vehicle with vehicle collision,2,2,Stopping,na,No Casualty,na,Overturning,Slight Injury,Owner,Unknown,Normal,Not a Pedestrian,No Casualty
07:41:00,Wednesday,31-50,Male,5-10yr,Stationwagen,Office areas,Asphalt roads,Wet or damp,Rain,Daylight,Vehicle with vehicle collision,2,2,Turnover,na,No Casualty,na,Driving under the influence of drugs,Slight Injury,Owner,Unknown,No Casualty,Not a Pedestrian,No Casualty
17:20:00,Wednesday,Under 18,Male,5-10yr,Other,Other,Asphalt roads,Dry,Normal,Daylight,Collision with roadside objects,2,1,Getting off,Female,18-30,3,Changing lane to the right,Slight Injury,Owner,2-5yrs,Normal,Not a Pedestrian,Slight Injury
17:20:00,Wednesday,31-50,Male,1-2yr,Other,Office areas,Asphalt roads,Dry,Normal,Daylight,Vehicle with vehicle collision,2,1,Moving Backward,Male,18-30,3,Changing lane to the left,Slight Injury,Owner,Unknown,Normal,Not a Pedestrian,Slight Injury
15:00:00,Thursday,18-30,Male,1-2yr,Lorry (11-40Q),Other,Gravel roads,Dry,Normal,Daylight,Vehicle with vehicle collision,2,1,Moving Backward,na,No Casualty,na,No distancing,Slight Injury,Owner,Unknown,No Casualty,Not a Pedestrian,No Casualty
15:00:00,Thursday,31-50,Male,1-2yr,Automobile,Industrial areas,Asphalt roads,Dry,Normal,Daylight,Vehicle with vehicle collision,2,1,Going straight,Female,Over 51,3,No distancing,Slight Injury,Owner,Above 10yr,Normal,Not a Pedestrian,Slight Injury
17:55:00,Monday,Under 18,Male,Above 10yr,Automobile,Residential areas,Asphalt roads,Wet or damp,Rain,Daylight,Vehicle with vehicle collision,2,1,Turnover,Female,18-30,3,No priority to vehicle,Slight Injury,Owner,Unknown,Normal,"In carriageway, statioNot a Pedestrianry - not crossing  (standing or playing)",Slight Injury
17:55:00,Monday,18-30,Male,1-2yr,Lorry (41-100Q),Other,Asphalt roads,Wet or damp,Rain,Daylight,Vehicle with vehicle collision,2,1,Going straight,Female,Over 51,3,Moving Backward,Slight Injury,Owner,Unknown,Normal,Not a Pedestrian,Slight Injury
10:37:00,Tuesday,31-50,Male,Above 10yr,Other,Other,Asphalt roads,Dry,Normal,Daylight,Vehicle with vehicle collision,2,2,Going straight,na,No Casualty,na,Moving Backward,Slight Injury,Owner,5-10yrs,Normal,Not a Pedestrian,No Casualty
10:37:00,Tuesday,31-50,Male,Above 10yr,Lorry (41-100Q),Other,Asphalt roads,Dry,Normal,Daylight,Vehicle with vehicle collision,2,2,U-Turn,na,No Casualty,na,Getting off the vehicle improperly,Slight Injury,Owner,1-2yr,Normal,Not a Pedestrian,No Casualty
10:37:00,Tuesday,18-30,Male,1-2yr,Automobile,Other,Asphalt roads,Dry,Normal,Daylight,Collision with roadside objects,2,2,Going straight,Male,18-30,3,Changing lane to the left,Slight Injury,Owner,Unknown,Normal,Not a Pedestrian,Slight Injury
13:30:00,Friday,18-30,Male,1-2yr,Pick up upto 10Q,Other,Asphalt roads,Dry,Normal,Daylight,Rollover,2,1,Going straight,Male,18-30,3,Changing lane to the left,Slight Injury,Owner,Unknown,Normal,Not a Pedestrian,Slight Injury
13:30:00,Friday,Under 18,Male,2-5yr,Lorry (41-100Q),Residential areas,Asphalt roads,Dry,Normal,Daylight,Vehicle with vehicle collision,2,1,U-Turn,na,No Casualty,na,No priority to vehicle,Slight Injury,Governmental,Below 1yr,No Casualty,Not a Pedestrian,No Casualty
12:35:00,Monday,Over 51,Male,2-5yr,Public (13-45 seats),Office areas,Asphalt roads,Wet or damp,Rain,Daylight,Vehicle with vehicle collision,1,1,Stopping,Female,Under 18,3,Changing lane to the right,Slight Injury,Owner,Unknown,No Casualty,Crossing from nearside - masked by parked or statioNot a Pedestrianry vehicle,Slight Injury
15:00:00,Sunday,18-30,Male,1-2yr,Long lorry,Office areas,Asphalt roads,Dry,Normal,Daylight,Vehicle with vehicle collision,2,2,Going straight,Female,Under 18,3,Changing lane to the right,Slight Injury,Owner,Unknown,Normal,Crossing from nearside - masked by parked or statioNot a Pedestrianry vehicle,Slight Injury
15:00:00,Sunday,31-50,Male,5-10yr,Automobile,Other,Asphalt roads,Dry,Normal,Daylight,Vehicle with vehicle collision,2,2,Moving Backward,Male,31-50,3,Driving carelessly,Slight Injury,Owner,Unknown,Normal,Crossing from offside - masked by  parked or statioNot a Pedestrianry vehicle,Slight Injury
10:40:00,Wednesday,31-50,Male,5-10yr,Automobile,Other,Asphalt roads,Wet or damp,Normal,Daylight,Vehicle with vehicle collision,3,2,Getting off,Female,18-30,3,Changing lane to the left,Slight Injury,Owner,Above 10yr,Normal,Not a Pedestrian,Slight Injury
10:40:00,Wednesday,31-50,Male,1-2yr,Other,Office areas,Asphalt roads,Wet or damp,Normal,Daylight,Vehicle with vehicle collision,3,2,Going straight,Male,18-30,3,Changing lane to the right,Slight Injury,Owner,Unknown,No Casualty,Not a Pedestrian,Slight Injury
10:40:00,Wednesday,18-30,Male,5-10yr,Automobile,Office areas,Asphalt roads,Wet or damp,Normal,Daylight,Vehicle with vehicle collision,3,2,Going straight,Female,18-30,3,Driving under the influence of drugs,Slight Injury,Owner,2-5yrs,Normal,Not a Pedestrian,Slight Injury
20:11:00,Wednesday,18-30,Male,2-5yr,Long lorry,Other,Gravel roads,Dry,Normal,Daylight,Vehicle with vehicle collision,2,1,Turnover,Male,Over 51,3,Driving carelessly,Slight Injury,Owner,Unknown,Normal,Not a Pedestrian,Slight Injury
20:11:00,Wednesday,18-30,Male,5-10yr,Public (12 seats),Other,Asphalt roads,Dry,Normal,Daylight,Collision with roadside objects,2,1,Moving Backward,Male,31-50,3,No distancing,Slight Injury,Owner,Unknown,Normal,Not a Pedestrian,Slight Injury
03:06:00,Sunday,18-30,Female,Above 10yr,Public (12 seats),Residential areas,Asphalt roads,Dry,Normal,Darkness - lights lit,Vehicle with vehicle collision,2,1,Going straight,Male,18-30,3,No priority to vehicle,Slight Injury,Governmental,Unknown,No Casualty,Not a Pedestrian,Slight Injury
03:06:00,Sunday,18-30,Male,Above 10yr,Other,Other,Asphalt roads,Dry,Normal,Darkness - lights lit,Vehicle with vehicle collision,2,1,Moving Backward,Male,Under 18,3,No priority to vehicle,Slight Injury,Owner,1-2yr,Normal,Not a Pedestrian,Slight Injury
19:00:00,Friday,18-30,Male,2-5yr,Other,Office areas,Asphalt roads,Wet or damp,Normal,Daylight,Vehicle with vehicle collision,3,1,Going straight,Male,Under 18,3,No priority to vehicle,Slight Injury,Owner,Unknown,Normal,Not a Pedestrian,Slight Injury
19:00:00,Friday,31-50,Male,5-10yr,Other,Office areas,Earth roads,Wet or damp,Normal,Daylight,Vehicle with vehicle collision,3,1,Going straight,Male,Over 51,3,Changing lane to the left,Slight Injury,Owner,2-5yrs,Normal,Not a Pedestrian,Slight Injury
19:00:00,Friday,Over 51,Male,1-2yr,Public (12 seats),Other,Asphalt roads,Wet or damp,Normal,Daylight,Collision with pedestrians,3,1,Going straight,na,No Casualty,na,Moving Backward,Slight Injury,Owner,Unknown,Normal,Not a Pedestrian,No Casualty
20:10:00,Monday,18-30,Male,Above 10yr,Lorry (41-100Q),Other,Asphalt roads,Dry,Normal,Daylight,Collision with pedestrians,2,1,Reversing,Male,31-50,3,Driving carelessly,Slight Injury,Owner,Unknown,Normal,Not a Pedestrian,Slight Injury
20:10:00,Monday,31-50,Male,5-10yr,Other,Other,Asphalt roads,Dry,Normal,Daylight,Vehicle with vehicle collision,2,1,Going straight,na,No Casualty,na,Driving under the influence of drugs,Slight Injury,Owner,Above 10yr,No Casualty,Not a Pedestrian,No Casualty
11:11:00,Monday,Over 51,Male,2-5yr,Public (12 seats),Office areas,Gravel roads,Dry,Normal,Daylight,Vehicle with vehicle collision,2,1,Going straight,Male,31-50,3,Changing lane to the right,Serious Injury,Owner,Unknown,Normal,Not a Pedestrian,Slight Injury
11:11:00,Monday,18-30,Male,Above 10yr,Other,Office areas,Asphalt roads,Dry,Normal,Daylight,Vehicle with vehicle collision,2,1,Going straight,na,No Casualty,na,No priority to vehicle,Serious Injury,Owner,Above 10yr,Normal,Not a Pedestrian,No Casualty
10:35:00,Wednesday,31-50,Male,2-5yr,Lorry (11-40Q),Other,Asphalt roads,Wet or damp,Normal,Daylight,Rollover,1,1,Going straight,Male,31-50,3,Changing lane to the right,Slight Injury,Owner,Unknown,Normal,Not a Pedestrian,Slight Injury
17:10:00,Tuesday,31-50,Male,Above 10yr,Other,Church areas,Asphalt roads,Wet or damp,Normal,Daylight,Vehicle with vehicle collision,1,1,Reversing,na,No Casualty,na,Driving to the left,Slight Injury,Owner,Above 10yr,Normal,Not a Pedestrian,No Casualty
20:21:00,Thursday,18-30,Male,Above 10yr,Other,Industrial areas,Earth roads,Dry,Normal,Daylight,Vehicle with vehicle collision,2,1,Going straight,Female,Over 51,3,Moving Backward,Slight Injury,Governmental,Unknown,Normal,Crossing from offside - masked by  parked or statioNot a Pedestrianry vehicle,Slight Injury
20:21:00,Thursday,18-30,Male,2-5yr,Other,Other,Asphalt roads,Dry,Normal,Daylight,Collision with pedestrians,2,1,Going straight,Female,31-50,3,No priority to vehicle,Slight Injury,Organization,2-5yrs,Normal,Not a Pedestrian,Slight Injury
04:45:00,Friday,18-30,Male,Above 10yr,Pick up upto 10Q,Other,Asphalt roads,Wet or damp,Rain,Darkness - lights lit,Vehicle with vehicle collision,2,2,Other,Male,Under 18,3,No distancing,Slight Injury,Owner,5-10yrs,No Casualty,Not a Pedestrian,Slight Injury
04:45:00,Friday,18-30,Male,Above 10yr,Automobile,Office areas,Asphalt roads,Wet or damp,Rain,Darkness - lights lit,Vehicle with vehicle collision,2,2,Entering a junction,Male,18-30,3,Driving carelessly,Slight Injury,Owner,1-2yr,Normal,Not a Pedestrian,Slight Injury
04:45:00,Friday,18-30,Male,Below 1yr,Other,Other,Asphalt roads,Wet or damp,Rain,Darkness - lights lit,Vehicle with vehicle collision,2,2,Turnover,na,No Casualty,na,Changing lane to the left,Slight Injury,Owner,Unknown,No Casualty,Not a Pedestrian,No Casualty
12:30:00,Tuesday,18-30,Male,Above 10yr,Lorry (41-100Q),Recreational areas,Asphalt roads,Wet or damp,Other,Daylight,Collision with pedestrians,2,3,Going straight,Male,31-50,3,No priority to vehicle,Slight Injury,Owner,Unknown,Normal,Not a Pedestrian,Slight Injury
12:30:00,Tuesday,18-30,Male,Above 10yr,Public (13-45 seats),Other,Earth roads,Wet or damp,Other,Daylight,Vehicle with vehicle collision,2,3,Going straight,Male,18-30,3,No priority to vehicle,Slight Injury,Governmental,Unknown,Normal,Not a Pedestrian,Slight Injury
12:30:00,Tuesday,18-30,Male,5-10yr,Automobile,Church areas,Asphalt roads,Wet or damp,Other,Daylight,Collision with pedestrians,2,3,Going straight,Male,18-30,3,No distancing,Slight Injury,Governmental,5-10yrs,Normal,Not a Pedestrian,Slight Injury
20:25:00,Friday,Under 18,Male,5-10yr,Pick up upto 10Q,Residential areas,Asphalt roads,Dry,Normal,Daylight,Vehicle with vehicle collision,2,1,Going straight,na,No Casualty,na,Driving to the left,Slight Injury,Owner,Unknown,Normal,Not a Pedestrian,No Casualty
20:25:00,Friday,18-30,Male,5-10yr,Lorry (41-100Q),Office areas,Asphalt roads,Dry,Normal,Daylight,Vehicle with vehicle collision,2,1,Going straight,na,No Casualty,na,Driving carelessly,Slight Injury,Owner,5-10yrs,No Casualty,Not a Pedestrian,No Casualty
18:23:00,Friday,31-50,Male,5-10yr,Public (12 seats),Other,Asphalt roads,Dry,Normal,Daylight,Vehicle with vehicle collision,1,1,Going straight,Female,31-50,3,Driving carelessly,Serious Injury,Owner,2-5yrs,No Casualty,Not a Pedestrian,Slight Injury
03:02:00,Sunday,18-30,Male,Below 1yr,Other,Office areas,Asphalt roads,Dry,Normal,Darkness - lights lit,Vehicle with vehicle collision,2,2,Going straight,na,No Casualty,na,Changing lane to the right,Slight Injury,Governmental,2-5yrs,Normal,Not a Pedestrian,No Casualty
03:02:00,Sunday,31-50,Male,5-10yr,Lorry (41-100Q),Office areas,Asphalt roads,Dry,Normal,Darkness - lights lit,Vehicle with vehicle collision,2,2,Going straight,Male,18-30,3,Driving carelessly,Slight Injury,Owner,Unknown,Normal,Not a Pedestrian,Slight Injury
03:02:00,Sunday,31-50,Male,2-5yr,Pick up upto 10Q,Other,Asphalt roads,Dry,Normal,Darkness - lights lit,Collision with roadside objects,2,2,Getting off,Male,18-30,3,Changing lane to the left,Slight Injury,Owner,Unknown,Normal,Not a Pedestrian,Slight Injury
20:57:00,Tuesday,Under 18,Male,2-5yr,Other,Residential areas,Asphalt roads,Dry,Normal,Darkness - lights lit,Vehicle with vehicle collision,2,4,Getting off,na,No Casualty,na,Driving carelessly,Slight Injury,Owner,Unknown,No Casualty,Not a Pedestrian,No Casualty
20:57:00,Tuesday,Over 51,Male,2-5yr,Lorry (41-100Q),Recreational areas,Asphalt roads,Dry,Normal,Darkness - lights lit,Vehicle with vehicle collision,2,4,Getting off,Male,31-50,3,Driving carelessly,Slight Injury,Owner,Unknown,Normal,Not a Pedestrian,Slight Injury
20:57:00,Tuesday,Over 51,Male,2-5yr,Ridden horse,Church areas,Asphalt roads,Dry,Normal,Darkness - lights lit,Collision with roadside objects,2,4,Moving Backward,na,No Casualty,na,Driving under the influence of drugs,Slight Injury,Owner,Unknown,No Casualty,Not a Pedestrian,No Casualty
20:57:00,Tuesday,Over 51,Male,Above 10yr,Automobile,Other,Asphalt roads,Dry,Normal,Darkness - lights lit,Vehicle with vehicle collision,2,4,Going straight,Male,31-50,3,Driving carelessly,Slight Injury,Owner,Unknown,Normal,Not a Pedestrian,Slight Injury
16:10:00,Friday,Over 51,Male,2-5yr,Automobile,Other,Earth roads,Dry,Normal,Daylight,Vehicle with vehicle collision,2,1,Going straight,na,No Casualty,na,No distancing,Slight Injury,Owner,Unknown,Normal,Not a Pedestrian,No Casualty
16:10:00,Friday,Over 51,Male,1-2yr,Stationwagen,Other,Asphalt roads,Dry,Normal,Daylight,Vehicle with vehicle collision,2,1,Waiting to go,Male,Over 51,3,Driving carelessly,Slight Injury,Owner,Unknown,No Casualty,Crossing from nearside - masked by parked or statioNot a Pedestrianry vehicle,Slight Injury
00:01:00,Friday,18-30,Male,2-5yr,Other,Residential areas,Asphalt roads,Dry,Normal,Darkness - lights lit,Vehicle with vehicle collision,2,1,Going straight,Female,Under 18,3,Driving to the left,Serious Injury,Governmental,Unknown,No Casualty,Not a Pedestrian,Slight Injury
00:01:00,Friday,31-50,Male,1-2yr,Lorry (41-100Q),School areas,Asphalt roads,Dry,Normal,Darkness - lights lit,Collision with pedestrians,2,1,Other,na,No Casualty,na,Overtaking,Serious Injury,Owner,Above 10yr,No Casualty,Not a Pedestrian,No Casualty
17:25:00,Sunday,18-30,Male,5-10yr,Lorry (41-100Q),Church areas,Asphalt roads,Dry,Normal,Daylight,Collision with pedestrians,2,1,Going straight,na,No Casualty,na,No distancing,Slight Injury,Owner,Above 10yr,No Casualty,Not a Pedestrian,No Casualty
17:25:00,Sunday,31-50,Male,5-10yr,Long lorry,Other,Other,Dry,Normal,Daylight,Vehicle with vehicle collision,2,1,Going straight,Male,Over 51,3,Driving carelessly,Slight Injury,Owner,Above 10yr,Normal,Not a Pedestrian,Slight Injury
08:39:00,Tuesday,18-30,Male,2-5yr,Stationwagen,Other,Gravel roads,Dry,Normal,Daylight,Vehicle with vehicle collision,1,1,Going straight,Male,18-30,3,No priority to vehicle,Serious Injury,Owner,Below 1yr,Normal,Not a Pedestrian,Slight Injury
18:31:00,Tuesday,18-30,Male,Below 1yr,Public (12 seats),Office areas,Gravel roads,Dry,Normal,Daylight,Collision with roadside objects,2,2,Going straight,Male,18-30,3,No priority to vehicle,Serious Injury,Owner,2-5yrs,No Casualty,Not a Pedestrian,Slight Injury
18:31:00,Tuesday,18-30,Male,5-10yr,Automobile,Office areas,Asphalt roads,Dry,Normal,Daylight,Vehicle with vehicle collision,2,2,Overtaking,Female,18-30,3,No priority to vehicle,Serious Injury,Owner,2-5yrs,Normal,Not a Pedestrian,Slight Injury
11:30:00,Tuesday,Over 51,Male,Above 10yr,Public (12 seats),Other,Asphalt roads,Dry,Normal,Daylight,Vehicle with vehicle collision,3,3,Going straight,na,No Casualty,na,No priority to vehicle,Slight Injury,Owner,2-5yrs,Normal,Not a Pedestrian,No Casualty
11:30:00,Tuesday,31-50,Male,1-2yr,Lorry (41-100Q),Hospital areas,Earth roads,Dry,Normal,Daylight,Vehicle with vehicle collision,3,3,Going straight,na,No Casualty,na,No distancing,Slight Injury,Owner,Below 1yr,Normal,Not a Pedestrian,No Casualty
11:30:00,Tuesday,Over 51,Male,5-10yr,Automobile,Other,Asphalt roads,Dry,Normal,Daylight,Vehicle with vehicle collision,3,3,Going straight,na,No Casualty,na,Moving Backward,Slight Injury,Owner,2-5yrs,Normal,Not a Pedestrian,No Casualty
15:45:00,Thursday,18-30,Male,1-2yr,Lorry (41-100Q),Other,Asphalt roads,Dry,Normal,Daylight,Collision with roadside objects,2,1,Turnover,Male,31-50,3,No distancing,Serious Injury,Owner,Unknown,Normal,Not a Pedestrian,Slight Injury
15:45:00,Thursday,Under 18,Male,Above 10yr,Lorry (41-100Q),Other,Asphalt roads,Dry,Normal,Daylight,Vehicle with vehicle collision,2,1,Going straight,na,No Casualty,na,Changing lane to the left,Serious Injury,Owner,Unknown,Normal,Not a Pedestrian,No Casualty
12:20:00,Friday,18-30,Male,Below 1yr,Pick up upto 10Q,Other,Asphalt roads,Dry,Normal,Daylight,Vehicle with vehicle collision,1,1,Going straight,Male,31-50,3,Changing lane to the left,Slight Injury,Owner,Unknown,Normal,Not a Pedestrian,Slight Injury
19:25:00,Friday,18-30,Male,2-5yr,Other,Other,Earth roads,Dry,Normal,Daylight,Collision with roadside objects,3,5,Getting off,Male,31-50,2,No priority to pedestrian,Serious Injury,Governmental,Unknown,Normal,Not a Pedestrian,Serious Injury
19:25:00,Friday,18-30,Male,5-10yr,Automobile,Hospital areas,Asphalt roads,Dry,Normal,Daylight,Vehicle with vehicle collision,3,5,Moving Backward,na,No Casualty,na,Moving Backward,Serious Injury,Owner,Above 10yr,Normal,Not a Pedestrian,No Casualty
19:25:00,Friday,18-30,Male,5-10yr,Automobile,Other,Asphalt roads,Dry,Normal,Daylight,Collision with roadside objects,3,5,Getting off,na,No Casualty,na,Changing lane to the left,Serious Injury,Owner,Above 10yr,Normal,Not a Pedestrian,No Casualty
19:25:00,Friday,31-50,Male,1-2yr,Lorry (11-40Q),Other,Asphalt roads,Dry,Normal,Daylight,Vehicle with vehicle collision,3,5,Overtaking,Female,31-50,3,No distancing,Serious Injury,Owner,Unknown,No Casualty,Not a Pedestrian,Slight Injury
19:25:00,Friday,31-50,Male,5-10yr,Bajaj,Other,Asphalt roads,Dry,Normal,Daylight,Vehicle with vehicle collision,3,5,Going straight,Male,31-50,3,No priority to vehicle,Serious Injury,Owner,2-5yrs,No Casualty,Not a Pedestrian,Slight Injury
19:25:00,Friday,31-50,Male,5-10yr,Automobile,Office areas,Asphalt roads,Dry,Normal,Daylight,Vehicle with vehicle collision,3,5,Going straight,na,No Casualty,na,Changing lane to the right,Serious Injury,Owner,Unknown,Normal,Not a Pedestrian,No Casualty
19:25:00,Friday,31-50,Male,2-5yr,Lorry (41-100Q),Residential areas,Asphalt roads,Dry,Normal,Daylight,Vehicle with vehicle collision,3,5,Going straight,Female,Over 51,3,No distancing,Serious Injury,Owner,Unknown,Normal,Not a Pedestrian,Slight Injury
19:00:00,Tuesday,Under 18,Male,1-2yr,Lorry (11-40Q),Other,Asphalt roads,Wet or damp,Normal,Daylight,Vehicle with vehicle collision,2,1,Reversing,Male,18-30,3,No distancing,Slight Injury,Owner,2-5yrs,Normal,Not a Pedestrian,Slight Injury
19:00:00,Tuesday,Over 51,Male,5-10yr,Lorry (11-40Q),Residential areas,Asphalt roads,Wet or damp,Normal,Daylight,Vehicle with vehicle collision,2,1,Getting off,na,No Casualty,na,Getting off the vehicle improperly,Slight Injury,Owner,Unknown,Normal,Not a Pedestrian,No Casualty
20:05:00,Monday,18-30,Male,2-5yr,Automobile,Other,Asphalt roads,Dry,Normal,Daylight,Vehicle with vehicle collision,2,1,Going straight,Male,31-50,3,No priority to pedestrian,Slight Injury,Owner,Unknown,Normal,Not a Pedestrian,Slight Injury
20:05:00,Monday,31-50,Male,5-10yr,Automobile,Residential areas,Asphalt roads,Dry,Normal,Daylight,Vehicle with vehicle collision,2,1,Going straight,na,No Casualty,na,Changing lane to the left,Slight Injury,Owner,2-5yrs,Normal,Not a Pedestrian,No Casualty
00:18:00,Sunday,18-30,Male,Above 10yr,Automobile,Office areas,Earth roads,Dry,Normal,Darkness - lights lit,Collision with pedestrians,2,2,Going straight,Male,18-30,3,No distancing,Serious Injury,Owner,Unknown,Normal,Not a Pedestrian,Slight Injury
00:18:00,Sunday,Over 51,Male,Above 10yr,Public (13-45 seats),Office areas,Asphalt roads,Dry,Normal,Darkness - lights lit,Collision with roadside objects,2,2,Reversing,na,No Casualty,na,Driving carelessly,Serious Injury,Owner,5-10yrs,Normal,Not a Pedestrian,No Casualty
15:30:00,Friday,18-30,Male,5-10yr,Public (12 seats),Office areas,Asphalt roads,Dry,Normal,Daylight,Vehicle with vehicle collision,2,1,Going straight,Male,31-50,3,No distancing,Slight Injury,Owner,Unknown,Normal,Not a Pedestrian,Slight Injury
15:30:00,Friday,31-50,Male,2-5yr,Other,Recreational areas,Asphalt roads,Dry,Normal,Daylight,Vehicle with vehicle collision,2,1,Stopping,na,No Casualty,na,Changing lane to the right,Slight Injury,Owner,Unknown,Normal,Not a Pedestrian,No Casualty
21:41:00,Friday,18-30,Male,2-5yr,Automobile,Other,Asphalt roads,Dry,Normal,Darkness - lights lit,Collision with roadside objects,2,2,Overtaking,Female,31-50,3,Overtaking,Slight Injury,Owner,Unknown,Normal,Not a Pedestrian,Slight Injury
21:41:00,Friday,18-30,Male,Below 1yr,Automobile,Other,Earth roads,Dry,Normal,Darkness - lights lit,Vehicle with vehicle collision,2,2,Going straight,na,No Casualty,na,Driving carelessly,Slight Injury,Owner,Unknown,Normal,Not a Pedestrian,No Casualty
08:30:00,Tuesday,31-50,Male,Above 10yr,Public (13-45 seats),Other,Asphalt roads,Dry,Normal,Daylight,Vehicle with vehicle collision,2,1,Reversing,Male,18-30,3,Moving Backward,Slight Injury,Owner,5-10yrs,Normal,Not a Pedestrian,Slight Injury
08:30:00,Tuesday,31-50,Male,Above 10yr,Public (13-45 seats),Other,Asphalt roads,Dry,Normal,Daylight,Collision with pedestrians,2,1,Going straight,na,No Casualty,na,No distancing,Slight Injury,Owner,Unknown,Normal,Not a Pedestrian,No Casualty
12:46:00,Tuesday,18-30,Male,2-5yr,Automobile,Other,Asphalt roads,Dry,Normal,Daylight,Vehicle with vehicle collision,2,3,Going straight,Male,18-30,3,Overtaking,Slight Injury,Owner,2-5yrs,Normal,Not a Pedestrian,Slight Injury
12:46:00,Tuesday,18-30,Male,2-5yr,Other,Office areas,Asphalt roads,Dry,Normal,Daylight,Collision with pedestrians,2,3,Reversing,Male,Over 51,3,Driving carelessly,Slight Injury,Owner,2-5yrs,Normal,Not a Pedestrian,Slight Injury
12:46:00,Tuesday,18-30,Male,Above 10yr,Pick up upto 10Q,Office areas,Asphalt roads,Dry,Normal,Daylight,Vehicle with vehicle collision,2,3,Going straight,Male,18-30,3,Driving carelessly,Slight Injury,Owner,Above 10yr,Normal,Not a Pedestrian,Slight Injury
21:10:00,Monday,18-30,Male,5-10yr,Lorry (41-100Q),Office areas,Asphalt roads,Wet or damp,Normal,Darkness - lights lit,Vehicle with vehicle collision,2,3,Waiting to go,Female,31-50,3,Moving Backward,Slight Injury,Owner,Unknown,Normal,Not a Pedestrian,Slight Injury
21:10:00,Monday,18-30,Male,Below 1yr,Automobile,Residential areas,Asphalt roads,Wet or damp,Normal,Darkness - lights lit,Collision with roadside objects,2,3,Going straight,Female,Under 18,3,Driving carelessly,Slight Injury,Owner,Above 10yr,Normal,Not a Pedestrian,Slight Injury
21:10:00,Monday,18-30,Male,Below 1yr,Automobile,Recreational areas,Asphalt roads,Wet or damp,Normal,Darkness - lights lit,Vehicle with vehicle collision,2,3,Going straight,na,No Casualty,na,Driving to the left,Slight Injury,Governmental,Below 1yr,No Casualty,Not a Pedestrian,No Casualty
15:30:00,Friday,18-30,Female,Below 1yr,Lorry (41-100Q),Church areas,Other,Dry,Normal,Daylight,Vehicle with vehicle collision,3,1,Going straight,Male,18-30,3,Changing lane to the left,Serious Injury,Owner,Unknown,No Casualty,Crossing from offside - masked by  parked or statioNot a Pedestrianry vehicle,Slight Injury
15:30:00,Friday,31-50,Male,5-10yr,Automobile,Office areas,Asphalt roads,Dry,Normal,Daylight,Vehicle with vehicle collision,3,1,Going straight,Male,31-50,3,No distancing,Serious Injury,Owner,Unknown,Normal,Unknown or other,Slight Injury
15:30:00,Friday,31-50,Male,5-10yr,Other,Other,Asphalt roads,Dry,Normal,Daylight,Collision with pedestrians,3,1,Getting off,na,No Casualty,na,No distancing,Serious Injury,Owner,Unknown,Normal,Not a Pedestrian,No Casualty
09:40:00,Friday,31-50,Male,5-10yr,Automobile,Residential areas,Asphalt roads,Dry,Normal,Daylight,Collision with roadside objects,2,3,Going straight,Male,Over 51,3,Changing lane to the right,Slight Injury,Owner,Unknown,No Casualty,Not a Pedestrian,Slight Injury