Time,Day_of_week,Age_band_of_driver,Sex_of_driver,Driving_experience,Type_of_vehicle,Area_accident_occured,Road_surface_type,Road_surface_conditions,Weather_conditions,Light_conditions,Type_of_collision,Number_of_vehicles_involved,Number_of_casualties,Vehicle_movement,Sex_of_casualty,Age_band_of_casualty,Casualty_severity,Cause_of_accident,Accident_severity,Owner_of_vehicle,Service_year_of_vehicle,Fitness_of_casuality,Pedestrian_movement,Casualty_severity_label
09:40:00,Friday,31-50,Male,5-10yr,Automobile,School areas,Asphalt roads,Dry,Normal,Daylight,Collision with pedestrians,2,3,Going straight,na,No Casualty,na,Driving under the influence of drugs,Slight Injury,Owner,Unknown,No Casualty,Not a Pedestrian,No Casualty
09:40:00,Friday,18-30,Male,2-5yr,Automobile,Office areas,Asphalt roads,Dry,Normal,Daylight,Vehicle with vehicle collision,2,3,Going straight,Male,Under 18,3,Changing lane to the right,Slight Injury,Owner,1-2yr,Normal,Not a Pedestrian,Slight Injury
19:16:00,Tuesday,18-30,Male,5-10yr,Automobile,Other,Asphalt roads,Dry,Normal,Daylight,Vehicle with vehicle collision,2,1,Reversing,na,No Casualty,na,Changing lane to the left,Serious Injury,Owner,Above 10yr,Normal,Not a Pedestrian,No Casualty
19:16:00,Tuesday,18-30,Male,2-5yr,Lorry (41-100Q),Other,Asphalt roads,Dry,Normal,Daylight,Vehicle with vehicle collision,2,1,Turnover,Male,18-30,3,Moving Backward,Serious Injury,Owner,Unknown,Normal,Not a Pedestrian,Slight Injury
16:59:00,Monday,31-50,Male,Below 1yr,Other,Office areas,Earth roads,Dry,Normal,Daylight,Vehicle with vehicle collision,1,1,Going straight,Male,18-30,3,No distancing,Slight Injury,Organization,2-5yrs,No Casualty,Not a Pedestrian,Slight Injury
15:30:00,Wednesday,Under 18,Male,2-5yr,Pick up upto 10Q,Office areas,Asphalt roads,Wet or damp,Rain,Daylight,Vehicle with vehicle collision,2,1,Going straight,Female,18-30,3,Changing lane to the right,Serious Injury,Owner,Unknown,No Casualty,Not a Pedestrian,Slight Injury
15:30:00,Wednesday,Over 51,Male,2-5yr,Stationwagen,Other,Asphalt roads,Wet or damp,Rain,Daylight,Collision with roadside objects,2,1,Going straight,Male,18-30,3,Moving Backward,Serious Injury,Owner,5-10yrs,No Casualty,Not a Pedestrian,Slight Injury
12:11:00,Tuesday,Over 51,Male,2-5yr,Other,Office areas,Asphalt roads,Dry,Normal,Daylight,Collision with roadside objects,1,1,Going straight,na,No Casualty,na,No distancing,Serious Injury,Owner,5-10yrs,No Casualty,Not a Pedestrian,No Casualty
17:30:00,Tuesday,18-30,Female,5-10yr,Pick up upto 10Q,Industrial areas,Asphalt roads,Dry,Normal,Daylight,Vehicle with vehicle collision,1,1,Getting off,Male,31-50,3,Driving to the left,Serious Injury,Owner,2-5yrs,Normal,Not a Pedestrian,Slight Injury
21:30:00,Wednesday,Under 18,Male,5-10yr,Stationwagen,Office areas,Asphalt roads,Wet or damp,Rain,Darkness - lights lit,Vehicle with vehicle collision,2,1,Going straight,Male,31-50,3,Driving to the left,Slight Injury,Owner,Unknown,Normal,Not a Pedestrian,Slight Injury
21:30:00,Wednesday,31-50,Male,5-10yr,Lorry (41-100Q),Other,Asphalt roads,Wet or damp,Rain,Darkness - lights lit,Vehicle with vehicle collision,2,1,Going straight,na,No Casualty,na,Moving Backward,Slight Injury,Owner,Unknown,Normal,Not a Pedestrian,No Casualty
12:17:00,Thursday,18-30,Male,5-10yr,Automobile,Other,Asphalt roads,Dry,Normal,Daylight,Vehicle with vehicle collision,3,2,Going straight,Male,18-30,3,Moving Backward,Slight Injury,Owner,Above 10yr,Normal,Not a Pedestrian,Slight Injury
12:17:00,Thursday,Over 51,Male,2-5yr,Automobile,Office areas,Asphalt roads,Dry,Normal,Daylight,Vehicle with vehicle collision,3,2,Going straight,na,No Casualty,na,Overtaking,Slight Injury,Owner,Unknown,Normal,Not a Pedestrian,No Casualty
12:17:00,Thursday,31-50,Male,Below 1yr,Automobile,Church areas,Asphalt roads,Dry,Normal,Daylight,Vehicle with vehicle collision,3,2,Going straight,Male,31-50,3,Driving carelessly,Slight Injury,Owner,Unknown,No Casualty,Not a Pedestrian,Slight Injury
02:42:00,Friday,18-30,Male,1-2yr,Automobile,Office areas,Asphalt roads,Dry,Unknown,Darkness - lights lit,Vehicle with vehicle collision,2,1,Going straight,na,No Casualty,na,Changing lane to the left,Slight Injury,Owner,Unknown,Normal,Not a Pedestrian,No Casualty
02:42:00,Friday,18-30,Female,Below 1yr,Turbo,Residential areas,Asphalt roads,Dry,Unknown,Darkness - lights lit,Vehicle with vehicle collision,2,1,Going straight,Male,31-50,3,Driving under the influence of drugs,Slight Injury,Owner,Unknown,Normal,Not a Pedestrian,Slight Injury
15:15:00,Thursday,18-30,Male,Above 10yr,Automobile,Recreational areas,Asphalt roads,Dry,Normal,Daylight,Vehicle with vehicle collision,2,1,Going straight,Female,18-30,3,No distancing,Serious Injury,Owner,Unknown,Normal,Not a Pedestrian,Slight Injury
15:15:00,Thursday,Over 51,Male,Below 1yr,Stationwagen,Other,Asphalt roads,Dry,Normal,Daylight,Vehicle with vehicle collision,2,1,Going straight,Female,31-50,3,Moving Backward,Serious Injury,Governmental,5-10yrs,Normal,Not a Pedestrian,Slight Injury
07:15:00,Wednesday,18-30,Male,2-5yr,Automobile,Church areas,Asphalt roads,Dry,Normal,Daylight,Other,2,1,Going straight,na,No Casualty,na,Changing lane to the left,Slight Injury,Owner,Unknown,Normal,Not a Pedestrian,No Casualty
07:15:00,Wednesday,18-30,Male,1-2yr,Automobile,Other,Asphalt roads,Dry,Normal,Daylight,Vehicle with vehicle collision,2,1,Reversing,na,No Casualty,na,Changing lane to the right,Slight Injury,Owner,Unknown,Normal,Not a Pedestrian,No Casualty
21:09:00,Tuesday,31-50,Male,5-10yr,Automobile,Other,Earth roads,Wet or damp,Rain,Darkness - lights lit,Collision with roadside objects,1,1,Going straight,Male,18-30,3,No distancing,Serious Injury,Owner,Above 10yr,Normal,Not a Pedestrian,Slight Injury
07:30:00,Tuesday,31-50,Male,Below 1yr,Pick up upto 10Q,Church areas,Asphalt roads,Wet or damp,Normal,Daylight,Vehicle with vehicle collision,1,1,Turnover,Male,Over 51,3,Overspeed,Serious Injury,Owner,5-10yrs,Normal,Not a Pedestrian,Slight Injury
08:50:00,Friday,18-30,Male,Below 1yr,Lorry (41-100Q),Office areas,Asphalt roads,Dry,Normal,Daylight,Vehicle with vehicle collision,1,1,Going straight,na,No Casualty,na,Changing lane to the right,Slight Injury,Owner,Unknown,Normal,Not a Pedestrian,No Casualty
08:00:00,Wednesday,31-50,Male,Below 1yr,Lorry (41-100Q),Office areas,Asphalt roads,Dry,Normal,Daylight,Vehicle with vehicle collision,2,1,Going straight,Male,31-50,3,No priority to vehicle,Slight Injury,Owner,Unknown,Normal,Not a Pedestrian,Slight Injury
08:00:00,Wednesday,31-50,Male,1-2yr,Automobile,Church areas,Asphalt roads,Dry,Normal,Daylight,Vehicle with vehicle collision,2,1,Going straight,Male,18-30,3,No distancing,Slight Injury,Organization,5-10yrs,Normal,Not a Pedestrian,Slight Injury
09:15:00,Sunday,31-50,Male,5-10yr,Lorry (41-100Q),Other,Asphalt roads,Dry,Normal,Daylight,Vehicle with vehicle collision,2,1,Going straight,Male,31-50,3,Turnover,Slight Injury,Organization,2-5yrs,Normal,Not a Pedestrian,Slight Injury
09:15:00,Sunday,18-30,Male,2-5yr,Lorry (41-100Q),Other,Asphalt roads,Dry,Normal,Daylight,Vehicle with vehicle collision,2,1,Reversing,na,No Casualty,na,No distancing,Slight Injury,Owner,Unknown,No Casualty,Not a Pedestrian,No Casualty
20:05:00,Friday,18-30,Female,Below 1yr,Lorry (41-100Q),Church areas,Asphalt roads,Dry,Normal,Darkness - lights lit,Collision with roadside objects,2,1,Going straight,Male,18-30,3,Changing lane to the right,Slight Injury,Owner,Unknown,Normal,Not a Pedestrian,Slight Injury
20:05:00,Friday,18-30,Male,5-10yr,Lorry (41-100Q),Industrial areas,Asphalt roads,Dry,Normal,Darkness - lights lit,Collision with roadside objects,2,1,Turnover,na,No Casualty,na,No distancing,Slight Injury,Owner,5-10yrs,No Casualty,Not a Pedestrian,No Casualty
13:00:00,Tuesday,31-50,Male,5-10yr,Automobile,Office areas,Asphalt roads,Dry,Normal,Daylight,Vehicle with vehicle collision,2,2,Going straight,Male,31-50,3,Changing lane to the left,Slight Injury,Owner,Unknown,No Casualty,Not a Pedestrian,Slight Injury
13:00:00,Tuesday,31-50,Male,5-10yr,Automobile,School areas,Asphalt roads,Dry,Normal,Daylight,Collision with roadside objects,2,2,Going straight,Female,18-30,3,Driving carelessly,Slight Injury,Owner,Unknown,Normal,Unknown or other,Slight Injury
17:40:00,Friday,18-30,Male,2-5yr,Automobile,Other,Asphalt roads,Dry,Normal,Daylight,Collision with roadside objects,2,1,Going straight,Female,18-30,3,Changing lane to the right,Serious Injury,Owner,Unknown,Normal,Unknown or other,Slight Injury
17:40:00,Friday,Over 51,Male,Above 10yr,Public (13-45 seats),Church areas,Gravel roads,Dry,Normal,Daylight,Vehicle with vehicle collision,2,1,Going straight,Male,18-30,3,No priority to vehicle,Serious Injury,Owner,Unknown,Normal,Not a Pedestrian,Slight Injury
16:24:00,Wednesday,31-50,Male,5-10yr,Automobile,Office areas,Asphalt roads,Dry,Normal,Daylight,Vehicle with vehicle collision,2,1,Going straight,na,No Casualty,na,No distancing,Slight Injury,Owner,Unknown,Normal,Not a Pedestrian,No Casualty
16:24:00,Wednesday,18-30,Male,Above 10yr,Public (13-45 seats),Other,Asphalt roads,Dry,Normal,Daylight,Collision with roadside objects,2,1,Getting off,Female,18-30,3,No priority to pedestrian,Slight Injury,Owner,Unknown,Normal,Not a Pedestrian,Slight Injury
11:10:00,Friday,Over 51,Male,2-5yr,Public (13-45 seats),Other,Asphalt roads,Dry,Normal,Daylight,Vehicle with vehicle collision,2,1,Moving Backward,na,No Casualty,na,No priority to pedestrian,Slight Injury,Owner,2-5yrs,Normal,Not a Pedestrian,No Casualty
11:10:00,Friday,31-50,Male,Below 1yr,Automobile,Other,Asphalt roads,Dry,Normal,Daylight,Vehicle with vehicle collision,2,1,Going straight,na,No Casualty,na,No priority to vehicle,Slight Injury,Owner,Unknown,Normal,Not a Pedestrian,No Casualty
14:21:00,Friday,31-50,Male,Below 1yr,Lorry (11-40Q),Other,Asphalt roads,Dry,Normal,Daylight,Vehicle with vehicle collision,1,1,Turnover,Male,31-50,3,Changing lane to the left,Slight Injury,Owner,2-5yrs,Normal,Not a Pedestrian,Slight Injury
07:45:00,Wednesday,Over 51,Male,5-10yr,Automobile,Church areas,Asphalt roads,Wet or damp,Rain,Daylight,Vehicle with vehicle collision,1,1,Going straight,Male,18-30,3,Changing lane to the left,Slight Injury,Owner,Above 10yr,Normal,Not a Pedestrian,Slight Injury
22:15:00,Tuesday,18-30,Male,2-5yr,Lorry (41-100Q),Residential areas,Asphalt roads,Wet or damp,Normal,Darkness - lights lit,Vehicle with vehicle collision,2,2,Going straight,na,No Casualty,na,No distancing,Serious Injury,Governmental,2-5yrs,Normal,Not a Pedestrian,No Casualty
22:15:00,Tuesday,18-30,Male,Below 1yr,Other,Office areas,Asphalt roads,Wet or damp,Normal,Darkness - lights lit,Vehicle with vehicle collision,2,2,Going straight,Male,18-30,3,No priority to vehicle,Serious Injury,Owner,2-5yrs,No Casualty,Not a Pedestrian,Slight Injury
08:55:00,Friday,Over 51,Male,2-5yr,Pick up upto 10Q,Other,Asphalt roads,Dry,Normal,Daylight,Collision with pedestrians,3,5,Going straight,na,No Casualty,na,No distancing,Slight Injury,Owner,2-5yrs,Normal,Not a Pedestrian,No Casualty
08:55:00,Friday,Over 51,Male,5-10yr,Lorry (11-40Q),Office areas,Asphalt roads,Dry,Normal,Daylight,Vehicle with vehicle collision,3,5,Going straight,Male,18-30,3,No distancing,Slight Injury,Owner,2-5yrs,No Casualty,Not a Pedestrian,Slight Injury
08:55:00,Friday,31-50,Male,Above 10yr,Motorcycle,Other,Asphalt roads,Dry,Normal,Daylight,Collision with roadside objects,3,5,Going straight,Female,18-30,3,Changing lane to the right,Slight Injury,Owner,2-5yrs,Normal,Not a Pedestrian,Slight Injury
08:55:00,Friday,31-50,Male,Above 10yr,Pick up upto 10Q,Church areas,Asphalt roads,Dry,Normal,Daylight,Vehicle with vehicle collision,3,5,Turnover,na,No Casualty,na,Changing lane to the left,Slight Injury,Owner,1-2yr,No Casualty,Not a Pedestrian,No Casualty
08:55:00,Friday,31-50,Male,5-10yr,Lorry (11-40Q),Office areas,Asphalt roads,Dry,Normal,Daylight,Vehicle with vehicle collision,3,5,Turnover,Male,31-50,3,No distancing,Slight Injury,Owner,Unknown,Normal,Not a Pedestrian,Slight Injury
15:35:00,Sunday,18-30,Male,1-2yr,Lorry (11-40Q),Other,Asphalt roads,Dry,Normal,Daylight,Vehicle with vehicle collision,1,1,Going straight,na,No Casualty,na,Overturning,Serious Injury,Owner,Unknown,No Casualty,Not a Pedestrian,No Casualty
19:50:00,Friday,18-30,Male,5-10yr,Automobile,Other,Asphalt roads,Dry,Normal,Darkness - lights lit,Vehicle with vehicle collision,2,2,Getting off,Male,31-50,3,No priority to vehicle,Slight Injury,Owner,Unknown,No Casualty,Not a Pedestrian,Slight Injury
19:50:00,Friday,Over 51,Male,5-10yr,Automobile,School areas,Asphalt roads,Dry,Normal,Darkness - lights lit,Vehicle with vehicle collision,2,2,Getting off,na,No Casualty,na,Moving Backward,Slight Injury,Owner,Above 10yr,Normal,Not a Pedestrian,No Casualty
01:40:00,Monday,18-30,Female,1-2yr,Other,Church areas,Asphalt roads,Dry,Normal,Darkness - lights lit,Vehicle with vehicle collision,2,3,Going straight,Male,31-50,3,Driving under the influence of drugs,Slight Injury,Owner,Unknown,Normal,Not a Pedestrian,Slight Injury
01:40:00,Monday,31-50,Male,5-10yr,Other,School areas,Other,Dry,Normal,Darkness - lights lit,Vehicle with vehicle collision,2,3,Overtaking,na,No Casualty,na,Moving Backward,Slight Injury,Owner,Unknown,Normal,Not a Pedestrian,No Casualty
01:40:00,Monday,31-50,Male,Above 10yr,Automobile,Residential areas,Asphalt roads,Dry,Normal,Darkness - lights lit,Vehicle with vehicle collision,2,3,Reversing,Male,18-30,3,Changing lane to the right,Slight Injury,Owner,2-5yrs,Normal,Not a Pedestrian,Slight Injury
01:40:00,Monday,31-50,Male,Below 1yr,Taxi,Office areas,Asphalt roads,Dry,Normal,Darkness - lights lit,Vehicle with vehicle collision,2,3,Going straight,na,No Casualty,na,Overspeed,Slight Injury,Owner,Unknown,No Casualty,Not a Pedestrian,No Casualty
15:09:00,Thursday,18-30,Female,5-10yr,Other,Office areas,Asphalt roads,Dry,Normal,Daylight,Collision with roadside objects,2,2,Getting off,na,No Casualty,na,Driving under the influence of drugs,Serious Injury,Owner,Unknown,Normal,Not a Pedestrian,No Casualty
15:09:00,Thursday,18-30,Male,Above 10yr,Taxi,Church areas,Asphalt roads,Dry,Normal,Daylight,Vehicle with vehicle collision,2,2,Getting off,Male,18-30,3,Driving carelessly,Serious Injury,Governmental,5-10yrs,No Casualty,Not a Pedestrian,Slight Injury
15:09:00,Thursday,18-30,Male,Below 1yr,Lorry (11-40Q),Residential areas,Asphalt roads,Dry,Normal,Daylight,Collision with roadside objects,2,2,Reversing,Male,31-50,3,No distancing,Serious Injury,Owner,2-5yrs,Normal,Not a Pedestrian,Slight Injury
15:45:00,Tuesday,31-50,Male,1-2yr,Automobile,Office areas,Asphalt roads,Wet or damp,Rain,Daylight,Vehicle with vehicle collision,1,1,Turnover,na,No Casualty,na,No priority to vehicle,Slight Injury,Owner,Unknown,Normal,Not a Pedestrian,No Casualty
13:09:00,Wednesday,18-30,Male,Above 10yr,Other,Residential areas,Asphalt roads,Dry,Normal,Daylight,Vehicle with vehicle collision,2,1,Moving Backward,Female,Under 18,3,Overspeed,Slight Injury,Owner,2-5yrs,Normal,Not a Pedestrian,Slight Injury
13:09:00,Wednesday,31-50,Male,Above 10yr,Automobile,Other,Other,Dry,Normal,Daylight,Vehicle with vehicle collision,2,1,Going straight,Female,Under 18,3,Driving under the influence of drugs,Slight Injury,Owner,2-5yrs,Normal,Not a Pedestrian,Slight Injury
17:40:00,Thursday,31-50,Male,Above 10yr,Automobile,Other,Asphalt roads,Dry,Normal,Daylight,Collision with pedestrians,1,1,Going straight,na,No Casualty,na,Changing lane to the right,Serious Injury,Governmental,2-5yrs,Normal,Not a Pedestrian,No Casualty
14:50:00,Monday,18-30,Male,5-10yr,Automobile,Residential areas,Asphalt roads,Dry,Normal,Daylight,Vehicle with vehicle collision,2,1,Going straight,na,No Casualty,na,Changing lane to the right,Slight Injury,Owner,Unknown,Normal,Not a Pedestrian,No Casualty
14:50:00,Monday,18-30,Male,1-2yr,Automobile,Industrial areas,Asphalt roads,Dry,Normal,Daylight,Vehicle with vehicle collision,2,1,Going straight,Male,31-50,3,Changing lane to the right,Slight Injury,Owner,5-10yrs,Normal,Not a Pedestrian,Slight Injury
19:15:00,Thursday,Over 51,Male,1-2yr,Lorry (41-100Q),Other,Asphalt roads,Wet or damp,Normal,Darkness - lights lit,Vehicle with vehicle collision,1,1,Reversing,na,No Casualty,na,Changing lane to the right,Slight Injury,Owner,2-5yrs,Normal,Not a Pedestrian,No Casualty
14:20:00,Monday,31-50,Male,Below 1yr,Other,Office areas,Asphalt roads,Dry,Normal,Daylight,Collision with pedestrians,1,2,Going straight,Female,18-30,3,Moving Backward,Slight Injury,Owner,1-2yr,No Casualty,Not a Pedestrian,Slight Injury
14:20:00,Monday,31-50,Male,1-2yr,Pick up upto 10Q,Other,Asphalt roads,Dry,Normal,Daylight,Collision with roadside objects,1,2,Going straight,Male,31-50,3,No distancing,Slight Injury,Organization,2-5yrs,No Casualty,Not a Pedestrian,Slight Injury
17:34:00,Friday,Over 51,Male,2-5yr,Pick up upto 10Q,Other,Asphalt roads,Wet or damp,Normal,Darkness - lights lit,Vehicle with vehicle collision,2,1,Going straight,na,No Casualty,na,Overspeed,Serious Injury,Governmental,1-2yr,Normal,Not a Pedestrian,No Casualty
17:34:00,Friday,18-30,Female,5-10yr,Automobile,Other,Asphalt roads,Wet or damp,Normal,Darkness - lights lit,Vehicle with vehicle collision,2,1,Going straight,na,No Casualty,na,No distancing,Serious Injury,Owner,Unknown,Normal,Not a Pedestrian,No Casualty
19:50:00,Monday,31-50,Male,Above 10yr,Long lorry,Other,Asphalt roads,Dry,Rain & Wind,Darkness - lights lit,Vehicle with vehicle collision,2,1,Getting off,Female,Over 51,3,Driving carelessly,Serious Injury,Owner,2-5yrs,Normal,Not a Pedestrian,Slight Injury
19:50:00,Monday,31-50,Male,2-5yr,Automobile,Office areas,Other,Dry,Rain & Wind,Darkness - lights lit,Vehicle with vehicle collision,2,1,Going straight,na,No Casualty,na,Moving Backward,Serious Injury,Owner,Unknown,Normal,Not a Pedestrian,No Casualty
14:55:00,Tuesday,18-30,Male,Above 10yr,Public (13-45 seats),Other,Asphalt roads,Dry,Normal,Daylight,Vehicle with vehicle collision,3,3,Going straight,Male,18-30,3,Overtaking,Slight Injury,Governmental,1-2yr,No Casualty,Not a Pedestrian,Slight Injury
14:55:00,Tuesday,18-30,Male,5-10yr,Lorry (41-100Q),Other,Asphalt roads,Dry,Normal,Daylight,Vehicle with vehicle collision,3,3,Going straight,na,No Casualty,na,Changing lane to the left,Slight Injury,Owner,Unknown,Normal,Not a Pedestrian,No Casualty
14:55:00,Tuesday,18-30,Male,5-10yr,Public (13-45 seats),Other,Asphalt roads,Dry,Normal,Daylight,Vehicle with vehicle collision,3,3,Going straight,Female,31-50,3,Changing lane to the right,Slight Injury,Organization,Unknown,Normal,Not a Pedestrian,Slight Injury
14:55:00,Tuesday,18-30,Male,5-10yr,Other,Other,Asphalt roads,Dry,Normal,Daylight,Collision with roadside objects,3,3,Reversing,na,No Casualty,na,Overtaking,Slight Injury,Owner,Above 10yr,Normal,Not a Pedestrian,No Casualty
12:50:00,Wednesday,18-30,Male,Below 1yr,Lorry (41-100Q),Office areas,Asphalt roads with some distress,Dry,Normal,Daylight,Collision with roadside objects,2,3,Moving Backward,Female,18-30,3,Overloading,Slight Injury,Owner,Unknown,Normal,Not a Pedestrian,Slight Injury
12:50:00,Wednesday,18-30,Male,2-5yr,Lorry (41-100Q),Office areas,Asphalt roads,Dry,Normal,Daylight,Vehicle with vehicle collision,2,3,Going straight,Male,Over 51,3,Other,Slight Injury,Owner,Unknown,Normal,Not a Pedestrian,Slight Injury
12:50:00,Wednesday,Over 51,Male,2-5yr,Long lorry,Church areas,Asphalt roads,Dry,Normal,Daylight,Vehicle with vehicle collision,2,3,Going straight,na,No Casualty,na,No priority to vehicle,Slight Injury,Owner,Above 10yr,Normal,Not a Pedestrian,No Casualty
18:15:00,Tuesday,18-30,Male,2-5yr,Pick up upto 10Q,Office areas,Asphalt roads,Dry,Normal,Darkness - lights lit,Vehicle with vehicle collision,2,1,Going straight,Male,31-50,3,Changing lane to the right,Slight Injury,Owner,Unknown,No Casualty,Not a Pedestrian,Slight Injury
18:15:00,Tuesday,Under 18,Male,2-5yr,Pick up upto 10Q,Office areas,Asphalt roads,Dry,Normal,Darkness - lights lit,Vehicle with vehicle collision,2,1,Going straight,na,No Casualty,na,Moving Backward,Slight Injury,Owner,Above 10yr,Normal,Not a Pedestrian,No Casualty
08:40:00,Monday,31-50,Male,5-10yr,Lorry (41-100Q),Office areas,Asphalt roads,Wet or damp,Rain,Daylight,Vehicle with vehicle collision,2,1,Going straight,Male,Under 18,3,Changing lane to the left,Slight Injury,Owner,Unknown,Normal,Not a Pedestrian,Slight Injury
08:40:00,Monday,31-50,Male,5-10yr,Lorry (41-100Q),Office areas,Earth roads,Wet or damp,Rain,Daylight,Rollover,2,1,Going straight,na,No Casualty,na,No priority to pedestrian,Slight Injury,Owner,Unknown,No Casualty,Not a Pedestrian,No Casualty
13:15:00,Friday,18-30,Male,Above 10yr,Automobile,Residential areas,Asphalt roads,Wet or damp,Rain,Daylight,Vehicle with vehicle collision,2,1,Turnover,na,No Casualty,na,No distancing,Serious Injury,Owner,2-5yrs,No Casualty,Not a Pedestrian,No Casualty
13:15:00,Friday,18-30,Male,5-10yr,Other,Residential areas,Asphalt roads,Wet or damp,Rain,Daylight,Collision with roadside objects,2,1,Going straight,Male,Over 51,3,No priority to vehicle,Serious Injury,Owner,Above 10yr,Normal,Not a Pedestrian,Slight Injury
12:30:00,Monday,18-30,Male,5-10yr,Automobile,Residential areas,Asphalt roads,Dry,Normal,Daylight,Collision with pedestrians,1,2,Other,na,No Casualty,na,No distancing,Slight Injury,Owner,5-10yrs,No Casualty,Not a Pedestrian,No Casualty
12:30:00,Monday,18-30,Male,Above 10yr,Other,Office areas,Asphalt roads,Dry,Normal,Daylight,Vehicle with vehicle collision,1,2,Going straight,Male,31-50,3,No distancing,Slight Injury,Owner,5-10yrs,Normal,Not a Pedestrian,Slight Injury
08:35:00,Friday,Over 51,Male,5-10yr,Automobile,Residential areas,Asphalt roads,Wet or damp,Rain,Daylight,Vehicle with vehicle collision,2,1,Going straight,na,No Casualty,na,Moving Backward,Slight Injury,Owner,Unknown,Normal,Not a Pedestrian,No Casualty
08:35:00,Friday,18-30,Male,5-10yr,Pick up upto 10Q,Other,Asphalt roads,Wet or damp,Rain,Daylight,Vehicle with vehicle collision,2,1,Going straight,Male,31-50,3,Changing lane to the right,Slight Injury,Governmental,Unknown,Normal,Not a Pedestrian,Slight Injury
15:48:00,Tuesday,31-50,Male,5-10yr,Automobile,Other,Asphalt roads,Wet or damp,Rain,Darkness - lights lit,Vehicle with vehicle collision,2,1,Going straight,Male,Under 18,3,No priority to pedestrian,Slight Injury,Governmental,Below 1yr,Normal,Crossing from offside - masked by  parked or statioNot a Pedestrianry vehicle,Slight Injury
15:48:00,Tuesday,31-50,Male,Below 1yr,Public (12 seats),Other,Asphalt roads,Wet or damp,Rain,Darkness - lights lit,Vehicle with vehicle collision,2,1,Going straight,Male,18-30,3,Moving Backward,Slight Injury,Owner,Unknown,Normal,Not a Pedestrian,Slight Injury
14:56:00,Sunday,18-30,Male,5-10yr,Automobile,School areas,Asphalt roads,Dry,Normal,Daylight,Vehicle with vehicle collision,1,1,Moving Backward,na,No Casualty,na,Getting off the vehicle improperly,Serious Injury,Owner,Unknown,Normal,Not a Pedestrian,No Casualty
22:30:00,Thursday,18-30,Male,5-10yr,Other,School areas,Asphalt roads,Wet or damp,Rain,Darkness - lights lit,Vehicle with vehicle collision,2,1,Moving Backward,Male,31-50,3,Overtaking,Slight Injury,Owner,Unknown,Normal,Not a Pedestrian,Slight Injury
22:30:00,Thursday,18-30,Male,5-10yr,Public (12 seats),School areas,Asphalt roads,Wet or damp,Rain,Darkness - lights lit,Collision with roadside objects,2,1,Moving Backward,na,No Casualty,na,Overloading,Slight Injury,Owner,2-5yrs,Normal,Not a Pedestrian,No Casualty
08:14:00,Wednesday,31-50,Male,Above 10yr,Stationwagen,Residential areas,Gravel roads,Dry,Normal,Daylight,Rollover,2,1,Other,na,No Casualty,na,Changing lane to the right,Slight Injury,Owner,Unknown,No Casualty,Not a Pedestrian,No Casualty
08:14:00,Wednesday,31-50,Male,Above 10yr,Lorry (41-100Q),Other,Asphalt roads,Dry,Normal,Daylight,Vehicle with vehicle collision,2,1,Going straight,Male,18-30,3,Improper parking,Slight Injury,Owner,Unknown,Normal,Not a Pedestrian,Slight Injury
09:10:00,Monday,Over 51,Male,Above 10yr,Lorry (41-100Q),Office areas,Asphalt roads,Wet or damp,Normal,Daylight,Collision with pedestrians,1,1,Unknown,Male,31-50,3,Other,Slight Injury,Owner,Unknown,Normal,Not a Pedestrian,Slight Injury
16:42:00,Tuesday,31-50,Male,Above 10yr,Lorry (41-100Q),Other,Asphalt roads,Wet or damp,Rain,Darkness - no lighting,Vehicle with vehicle collision,3,1,Turnover,na,No Casualty,na,Changing lane to the left,Slight Injury,Owner,5-10yrs,Normal,Not a Pedestrian,No Casualty
16:42:00,Tuesday,31-50,Male,Above 10yr,Automobile,School areas,Asphalt roads,Wet or damp,Rain,Darkness - no lighting,Vehicle with vehicle collision,3,1,Getting off,Male,Over 51,3,Changing lane to the right,Slight Injury,Owner,Above 10yr,Normal,Crossing from nearside - masked by parked or statioNot a Pedestrianry vehicle,Slight Injury
16:42:00,Tuesday,31-50,Male,Above 10yr,Lorry (41-100Q),Other,Asphalt roads,Wet or damp,Rain,Darkness - no lighting,Collision with pedestrians,3,1,Going straight,Female,Under 18,3,No priority to pedestrian,Slight Injury,Owner,5-10yrs,No Casualty,Unknown or other,Slight Injury
19:35:00,Wednesday,18-30,Male,5-10yr,Automobile,Industrial areas,Asphalt roads,Dry,Unknown,Darkness - no lighting,Collision with pedestrians,1,1,Going straight,na,No Casualty,na,Overspeed,Serious Injury,Owner,2-5yrs,Normal,Not a Pedestrian,No Casualty
08:45:00,Monday,Under 18,Male,2-5yr,Public (12 seats),Other,Asphalt roads,Wet or damp,Normal,Daylight,Vehicle with vehicle collision,3,1,Going straight,Female,18-30,3,Changing lane to the left,Slight Injury,Owner,2-5yrs,Normal,Not a Pedestrian,Slight Injury
08:45:00,Monday,18-30,Female,Below 1yr,Automobile,Office areas,Asphalt roads,Wet or damp,Normal,Daylight,Vehicle with vehicle collision,3,1,Turnover,Male,18-30,3,No priority to vehicle,Slight Injury,Owner,Unknown,Normal,Not a Pedestrian,Slight Injury
08:45:00,Monday,18-30,Female,Below 1yr,Stationwagen,Other,Asphalt roads,Wet or damp,Normal,Daylight,Vehicle with vehicle collision,3,1,Reversing,na,No Casualty,na,Changing lane to the right,Slight Injury,Owner,Unknown,Normal,Not a Pedestrian,No Casualty