Time,Day_of_week,Age_band_of_driver,Sex_of_driver,Driving_experience,Type_of_vehicle,Area_accident_occured,Road_surface_type,Road_surface_conditions,Weather_conditions,Light_conditions,Type_of_collision,Number_of_vehicles_involved,Number_of_casualties,Vehicle_movement,Sex_of_casualty,Age_band_of_casualty,Casualty_severity,Cause_of_accident,Accident_severity,Owner_of_vehicle,Service_year_of_vehicle,Fitness_of_casuality,Pedestrian_movement,Casualty_severity_label
15:30:00,Tuesday,31-50,Male,2-5yr,Automobile,Other,Asphalt roads,Wet or damp,Other,Daylight,Vehicle with vehicle collision,1,1,Moving Backward,Male,31-50,3,No distancing,Slight Injury,Owner,Unknown,Normal,Not a Pedestrian,Slight Injury
12:04:00,Sunday,18-30,Male,Below 1yr,Lorry (41-100Q),Outside rural areas,Asphalt roads,Wet or damp,Normal,Daylight,Vehicle with vehicle collision,2,1,Other,na,No Casualty,na,No priority to pedestrian,Slight Injury,Organization,Above 10yr,Normal,Not a Pedestrian,No Casualty
12:04:00,Sunday,Over 51,Male,Below 1yr,Other,Other,Asphalt roads,Wet or damp,Normal,Daylight,Collision with roadside objects,2,1,Going straight,Male,31-50,3,No distancing,Slight Injury,Owner,Unknown,No Casualty,Not a Pedestrian,Slight Injury
15:35:00,Tuesday,Under 18,Male,5-10yr,Pick up upto 10Q,Residential areas,Asphalt roads,Wet or damp,Rain,Darkness - lights lit,Vehicle with vehicle collision,2,2,Going straight,Male,18-30,3,No priority to vehicle,Slight Injury,Owner,Above 10yr,Normal,Not a Pedestrian,Slight Injury
15:35:00,Tuesday,31-50,Male,5-10yr,Automobile,Office areas,Asphalt roads,Wet or damp,Rain,Darkness - lights lit,Vehicle with vehicle collision,2,2,Going straight,na,No Casualty,na,Other,Slight Injury,Owner,Above 10yr,Normal,Not a Pedestrian,No Casualty
19:00:00,Friday,18-30,Female,Below 1yr,Lorry (41-100Q),Office areas,Asphalt roads,Dry,Normal,Darkness - lights lit,Vehicle with vehicle collision,2,1,Going straight,Male,18-30,3,Driving carelessly,Slight Injury,Owner,Unknown,Normal,Not a Pedestrian,Slight Injury
19:00:00,Friday,31-50,Male,Below 1yr,Automobile,Hospital areas,Asphalt roads,Dry,Normal,Darkness - lights lit,Vehicle with vehicle collision,2,1,Going straight,na,No Casualty,na,Changing lane to the left,Slight Injury,Owner,2-5yrs,Normal,Not a Pedestrian,No Casualty
23:35:00,Thursday,18-30,Male,1-2yr,Public (13-45 seats),Industrial areas,Asphalt roads,Wet or damp,Rain,Darkness - no lighting,Vehicle with vehicle collision,1,1,Going straight,Female,18-30,3,Driving carelessly,Slight Injury,Owner,Unknown,No Casualty,Not a Pedestrian,Slight Injury
13:40:00,Thursday,18-30,Male,Above 10yr,Automobile,Other,Asphalt roads,Wet or damp,Cloudy,Daylight,Vehicle with vehicle collision,2,1,Going straight,Male,18-30,3,Changing lane to the left,Serious Injury,Owner,2-5yrs,Normal,Not a Pedestrian,Slight Injury
13:40:00,Thursday,Under 18,Male,Above 10yr,Lorry (41-100Q),Office areas,Asphalt roads,Wet or damp,Cloudy,Daylight,Vehicle with vehicle collision,2,1,Going straight,Female,18-30,3,No priority to vehicle,Serious Injury,Owner,Unknown,Normal,Not a Pedestrian,Slight Injury
17:05:00,Thursday,18-30,Male,Below 1yr,Public (12 seats),Office areas,Asphalt roads,Dry,Normal,Darkness - lights lit,Vehicle with vehicle collision,2,1,Going straight,na,No Casualty,na,No distancing,Slight Injury,Owner,Unknown,Normal,Not a Pedestrian,No Casualty
17:05:00,Thursday,31-50,Male,2-5yr,Motorcycle,Residential areas,Asphalt roads,Dry,Normal,Darkness - lights lit,Vehicle with vehicle collision,2,1,Other,Male,31-50,3,Changing lane to the right,Slight Injury,Owner,Unknown,No Casualty,Not a Pedestrian,Slight Injury
17:24:00,Thursday,18-30,Male,2-5yr,Public (12 seats),Residential areas,Other,Wet or damp,Rain,Darkness - lights lit,Vehicle with vehicle collision,2,1,Moving Backward,na,No Casualty,na,Changing lane to the right,Slight Injury,Owner,Unknown,Normal,Not a Pedestrian,No Casualty
17:24:00,Thursday,31-50,Male,Above 10yr,Lorry (41-100Q),School areas,Asphalt roads,Wet or damp,Rain,Darkness - lights lit,Vehicle with vehicle collision,2,1,Going straight,Female,31-50,3,Overspeed,Slight Injury,Owner,Unknown,Normal,Crossing from offside - masked by  parked or statioNot a Pedestrianry vehicle,Slight Injury
18:41:00,Friday,Over 51,Male,2-5yr,Automobile,Other,Asphalt roads,Dry,Normal,Darkness - lights lit,Vehicle with vehicle collision,2,1,Moving Backward,na,No Casualty,na,No distancing,Serious Injury,Governmental,Unknown,Normal,Not a Pedestrian,No Casualty
18:41:00,Friday,31-50,Male,2-5yr,Lorry (41-100Q),Market areas,Asphalt roads,Dry,Normal,Darkness - lights lit,Vehicle with vehicle collision,2,1,Going straight,Male,31-50,3,Changing lane to the right,Serious Injury,Governmental,Unknown,No Casualty,Not a Pedestrian,Slight Injury
20:30:00,Thursday,18-30,Male,1-2yr,Stationwagen,Office areas,Asphalt roads,Dry,Normal,Darkness - lights lit,Vehicle with vehicle collision,2,2,Moving Backward,Male,31-50,3,Changing lane to the left,Slight Injury,Owner,Unknown,Normal,Not a Pedestrian,Slight Injury
20:30:00,Thursday,31-50,Male,5-10yr,Pick up upto 10Q,Church areas,Asphalt roads,Dry,Normal,Darkness - lights lit,Vehicle with vehicle collision,2,2,Going straight,Male,31-50,3,Getting off the vehicle improperly,Slight Injury,Owner,Unknown,Normal,Not a Pedestrian,Slight Injury
17:35:00,Wednesday,18-30,Male,Below 1yr,Automobile,Church areas,Asphalt roads,Wet or damp,Rain,Darkness - lights lit,Collision with roadside objects,2,3,Going straight,na,No Casualty,na,Other,Slight Injury,Governmental,Unknown,Normal,Not a Pedestrian,No Casualty
17:35:00,Wednesday,18-30,Male,Below 1yr,Automobile,Residential areas,Asphalt roads,Wet or damp,Rain,Darkness - lights lit,Vehicle with vehicle collision,2,3,Going straight,Male,Over 51,3,Other,Slight Injury,Owner,Unknown,No Casualty,Not a Pedestrian,Slight Injury
17:35:00,Wednesday,18-30,Male,5-10yr,Automobile,Residential areas,Asphalt roads,Wet or damp,Rain,Darkness - lights lit,Vehicle with vehicle collision,2,3,Going straight,na,No Casualty,na,No distancing,Slight Injury,Owner,Above 10yr,Normal,Not a Pedestrian,No Casualty
17:35:00,Wednesday,18-30,Male,Below 1yr,Other,Residential areas,Asphalt roads,Wet or damp,Rain,Darkness - lights lit,Vehicle with vehicle collision,2,3,Going straight,Male,18-30,3,No priority to vehicle,Slight Injury,Owner,Unknown,Normal,Not a Pedestrian,Slight Injury
19:15:00,Friday,Over 51,Male,1-2yr,Automobile,Residential areas,Asphalt roads,Wet or damp,Normal,Darkness - lights lit,Vehicle with vehicle collision,2,1,Other,na,No Casualty,na,Overtaking,Slight Injury,Owner,Above 10yr,Normal,Not a Pedestrian,No Casualty
19:15:00,Friday,31-50,Male,2-5yr,Public (13-45 seats),Other,Asphalt roads,Wet or damp,Normal,Darkness - lights lit,Collision with pedestrians,2,1,Going straight,Male,18-30,3,No priority to pedestrian,Slight Injury,Owner,1-2yr,Normal,Not a Pedestrian,Slight Injury
06:40:00,Monday,18-30,Male,1-2yr,Public (13-45 seats),Other,Asphalt roads,Wet or damp,Normal,Darkness - lights lit,Vehicle with vehicle collision,2,1,Moving Backward,na,No Casualty,na,No distancing,Slight Injury,Owner,Unknown,No Casualty,Not a Pedestrian,No Casualty
06:40:00,Monday,31-50,Male,5-10yr,Automobile,Residential areas,Asphalt roads,Wet or damp,Normal,Darkness - lights lit,Vehicle with vehicle collision,2,1,Moving Backward,na,No Casualty,na,Changing lane to the right,Slight Injury,Owner,2-5yrs,Normal,Not a Pedestrian,No Casualty
19:10:00,Friday,18-30,Male,Below 1yr,Public (12 seats),Other,Other,Wet or damp,Rain,Darkness - lights lit,Vehicle with vehicle collision,2,1,Moving Backward,Male,18-30,3,Driving carelessly,Serious Injury,Owner,Unknown,Normal,Not a Pedestrian,Slight Injury
19:10:00,Friday,Over 51,Male,Above 10yr,Public (12 seats),Church areas,Asphalt roads,Wet or damp,Rain,Darkness - lights lit,Vehicle with vehicle collision,2,1,Going straight,Male,31-50,3,Changing lane to the right,Serious Injury,Owner,Unknown,Deaf,Not a Pedestrian,Slight Injury
20:20:00,Thursday,18-30,Male,5-10yr,Lorry (41-100Q),Other,Asphalt roads,Wet or damp,Normal,Darkness - lights lit,Vehicle with vehicle collision,2,1,Going straight,na,No Casualty,na,Overtaking,Serious Injury,Owner,Unknown,Normal,Not a Pedestrian,No Casualty
20:20:00,Thursday,18-30,Male,Below 1yr,Automobile,Office areas,Asphalt roads,Wet or damp,Normal,Darkness - lights lit,Vehicle with vehicle collision,2,1,Going straight,na,No Casualty,na,Other,Serious Injury,Owner,Unknown,Normal,Not a Pedestrian,No Casualty
08:25:00,Monday,31-50,Male,5-10yr,Pick up upto 10Q,Office areas,Asphalt roads,Wet or damp,Rain,Daylight,Vehicle with vehicle collision,1,1,Going straight,Male,18-30,3,Driving to the left,Serious Injury,Owner,2-5yrs,Normal,Not a Pedestrian,Slight Injury
09:10:00,Monday,18-30,Male,5-10yr,Pick up upto 10Q,Residential areas,Asphalt roads,Wet or damp,Normal,Daylight,Vehicle with vehicle collision,3,1,Other,Male,31-50,3,Overspeed,Slight Injury,Owner,Unknown,Normal,Not a Pedestrian,Slight Injury
09:10:00,Monday,18-30,Unknown,2-5yr,Lorry (41-100Q),Other,Asphalt roads,Wet or damp,Normal,Daylight,Collision with pedestrians,3,1,Going straight,na,No Casualty,na,Unknown,Slight Injury,Owner,Unknown,Normal,Not a Pedestrian,No Casualty
09:10:00,Monday,18-30,Male,Above 10yr,Automobile,Industrial areas,Asphalt roads,Wet or damp,Normal,Daylight,Vehicle with vehicle collision,3,1,Going straight,na,No Casualty,na,Changing lane to the right,Slight Injury,Owner,Above 10yr,No Casualty,Not a Pedestrian,No Casualty
19:19:00,Friday,18-30,Female,5-10yr,Stationwagen,Office areas,Asphalt roads,Wet or damp,Rain,Darkness - lights lit,Vehicle with vehicle collision,2,1,Going straight,Male,31-50,3,No distancing,Slight Injury,Owner,Unknown,Normal,Not a Pedestrian,Slight Injury
19:19:00,Friday,Over 51,Male,1-2yr,Motorcycle,Recreational areas,Asphalt roads,Wet or damp,Rain,Darkness - lights lit,Vehicle with vehicle collision,2,1,Reversing,Male,18-30,3,Other,Slight Injury,Organization,Unknown,Normal,Not a Pedestrian,Slight Injury
09:20:00,Thursday,31-50,Male,5-10yr,Automobile,Residential areas,Other,Wet or damp,Normal,Daylight,Vehicle with vehicle collision,2,1,Moving Backward,Male,31-50,3,No priority to vehicle,Slight Injury,Owner,1-2yr,Normal,Not a Pedestrian,Slight Injury
09:20:00,Thursday,18-30,Male,2-5yr,Other,Residential areas,Asphalt roads,Wet or damp,Normal,Daylight,Collision with roadside objects,2,1,Going straight,Male,Over 51,3,Changing lane to the left,Slight Injury,Owner,Above 10yr,Normal,Not a Pedestrian,Slight Injury
09:35:00,Thursday,31-50,Male,Below 1yr,Automobile,Church areas,Asphalt roads,Snow,Normal,Daylight,Vehicle with vehicle collision,2,2,Going straight,na,No Casualty,na,No priority to pedestrian,Slight Injury,Owner,5-10yrs,Normal,Not a Pedestrian,No Casualty
09:35:00,Thursday,31-50,Male,Below 1yr,Automobile,Residential areas,Asphalt roads,Snow,Normal,Daylight,Vehicle with vehicle collision,2,2,Reversing,Male,31-50,3,Overtaking,Slight Injury,Owner,5-10yrs,Normal,Not a Pedestrian,Slight Injury
09:35:00,Thursday,31-50,Male,5-10yr,Automobile,Other,Asphalt roads,Snow,Normal,Daylight,Vehicle with vehicle collision,2,2,Going straight,na,No Casualty,na,Driving carelessly,Slight Injury,Owner,Unknown,Normal,Not a Pedestrian,No Casualty
15:55:00,Friday,Over 51,Male,5-10yr,Public (> 45 seats),Other,Asphalt roads,Dry,Normal,Daylight,Vehicle with vehicle collision,1,1,Reversing,Female,18-30,3,No priority to vehicle,Slight Injury,Owner,5-10yrs,No Casualty,Not a Pedestrian,Slight Injury
11:34:00,Wednesday,18-30,Male,1-2yr,Automobile,Other,Asphalt roads,Dry,Normal,Daylight,Vehicle with vehicle collision,3,2,Other,Male,18-30,3,No priority to pedestrian,Slight Injury,Owner,Unknown,No Casualty,Not a Pedestrian,Slight Injury
11:34:00,Wednesday,31-50,Male,5-10yr,Other,Church areas,Earth roads,Dry,Normal,Daylight,Vehicle with vehicle collision,3,2,Going straight,na,No Casualty,na,Changing lane to the right,Slight Injury,Owner,Unknown,No Casualty,Not a Pedestrian,No Casualty
11:34:00,Wednesday,18-30,Female,Above 10yr,Automobile,Other,Asphalt roads,Dry,Normal,Daylight,Vehicle with vehicle collision,3,2,Going straight,na,No Casualty,na,Driving carelessly,Slight Injury,Governmental,Unknown,No Casualty,Not a Pedestrian,No Casualty
06:30:00,Tuesday,31-50,Male,1-2yr,Other,Church areas,Asphalt roads,Wet or damp,Normal,Darkness - lights lit,Collision with roadside objects,2,2,Going straight,Male,18-30,2,Changing lane to the right,Slight Injury,Owner,Unknown,No Casualty,Not a Pedestrian,Serious Injury
06:30:00,Tuesday,18-30,Male,5-10yr,Lorry (41-100Q),Church areas,Asphalt roads,Wet or damp,Normal,Darkness - lights lit,Vehicle with vehicle collision,2,2,Going straight,Female,31-50,3,Changing lane to the right,Slight Injury,Owner,Unknown,No Casualty,Not a Pedestrian,Slight Injury
21:40:00,Wednesday,31-50,Male,Above 10yr,Pick up upto 10Q,Other,Asphalt roads,Wet or damp,Normal,Darkness - lights lit,Vehicle with vehicle collision,2,3,Going straight,na,No Casualty,na,Changing lane to the left,Slight Injury,Owner,Above 10yr,Normal,Not a Pedestrian,No Casualty
21:40:00,Wednesday,Under 18,Male,2-5yr,Public (13-45 seats),Other,Asphalt roads,Wet or damp,Normal,Darkness - lights lit,Vehicle with vehicle collision,2,3,Going straight,na,No Casualty,na,Overturning,Slight Injury,Governmental,5-10yrs,Normal,Not a Pedestrian,No Casualty
21:40:00,Wednesday,Under 18,Male,5-10yr,Automobile,School areas,Asphalt roads,Wet or damp,Normal,Darkness - lights lit,Vehicle with vehicle collision,2,3,Going straight,Female,Over 51,3,Driving carelessly,Slight Injury,Owner,5-10yrs,Normal,Not a Pedestrian,Slight Injury
17:35:00,Thursday,31-50,Male,Below 1yr,Pick up upto 10Q,Residential areas,Asphalt roads,Dry,Normal,Darkness - lights lit,Rollover,2,1,Going straight,na,No Casualty,na,No distancing,Slight Injury,Owner,Above 10yr,No Casualty,Not a Pedestrian,No Casualty
17:35:00,Thursday,Under 18,Male,5-10yr,Automobile,Other,Asphalt roads,Dry,Normal,Darkness - lights lit,Vehicle with vehicle collision,2,1,Going straight,na,No Casualty,na,Driving carelessly,Slight Injury,Owner,1-2yr,Normal,Not a Pedestrian,No Casualty
11:00:00,Wednesday,Over 51,Male,Above 10yr,Lorry (41-100Q),Office areas,Asphalt roads,Dry,Normal,Daylight,Vehicle with vehicle collision,2,2,Going straight,na,No Casualty,na,Changing lane to the left,Slight Injury,Owner,Above 10yr,Normal,Not a Pedestrian,No Casualty
11:00:00,Wednesday,31-50,Male,5-10yr,Automobile,Residential areas,Asphalt roads,Dry,Normal,Daylight,Collision with roadside objects,2,2,Going straight,Female,31-50,3,No priority to vehicle,Slight Injury,Owner,Above 10yr,Normal,Not a Pedestrian,Slight Injury
11:00:00,Wednesday,31-50,Male,1-2yr,Lorry (41-100Q),Other,Asphalt roads,Dry,Normal,Daylight,Vehicle with vehicle collision,2,2,Going straight,Male,18-30,2,Changing lane to the right,Slight Injury,Owner,Above 10yr,Normal,Not a Pedestrian,Serious Injury
08:35:00,Wednesday,Under 18,Male,5-10yr,Lorry (41-100Q),Residential areas,Asphalt roads,Dry,Normal,Daylight,Vehicle with vehicle collision,2,1,Going straight,Male,Under 18,3,No distancing,Slight Injury,Owner,Above 10yr,Other,Not a Pedestrian,Slight Injury
08:35:00,Wednesday,31-50,Male,1-2yr,Lorry (41-100Q),Residential areas,Asphalt roads,Dry,Normal,Daylight,Vehicle with vehicle collision,2,1,Going straight,na,No Casualty,na,Moving Backward,Slight Injury,Owner,5-10yrs,Blind,Not a Pedestrian,No Casualty
09:34:00,Thursday,18-30,Male,1-2yr,Public (13-45 seats),Residential areas,Asphalt roads,Wet or damp,Unknown,Daylight,Collision with roadside objects,2,1,Going straight,Male,18-30,3,Moving Backward,Slight Injury,Owner,Unknown,Normal,Not a Pedestrian,Slight Injury
09:34:00,Thursday,18-30,Male,1-2yr,Automobile,Other,Asphalt roads,Wet or damp,Unknown,Daylight,Collision with roadside objects,2,1,Going straight,na,No Casualty,na,No distancing,Slight Injury,Owner,1-2yr,Normal,Not a Pedestrian,No Casualty
19:35:00,Wednesday,31-50,Male,5-10yr,Other,Other,Asphalt roads,Dry,Normal,Darkness - lights lit,Vehicle with vehicle collision,2,2,Moving Backward,Male,18-30,3,No distancing,Slight Injury,Owner,5-10yrs,Normal,Crossing from driver's nearside,Slight Injury
19:35:00,Wednesday,18-30,Male,5-10yr,Other,Other,Asphalt roads,Dry,Normal,Darkness - lights lit,Vehicle with vehicle collision,2,2,Going straight,Male,18-30,3,No distancing,Slight Injury,Owner,5-10yrs,Normal,Not a Pedestrian,Slight Injury
05:55:00,Friday,Over 51,Male,5-10yr,Other,Hospital areas,Earth roads,Dry,Normal,Darkness - no lighting,Collision with roadside objects,2,3,Going straight,Female,18-30,3,No priority to pedestrian,Slight Injury,Owner,1-2yr,Normal,Crossing from driver's nearside,Slight Injury
05:55:00,Friday,18-30,Male,Below 1yr,Automobile,Residential areas,Asphalt roads,Dry,Normal,Darkness - no lighting,Collision with roadside objects,2,3,Going straight,na,No Casualty,na,Driving carelessly,Slight Injury,Owner,2-5yrs,Normal,Not a Pedestrian,No Casualty
05:55:00,Friday,18-30,Male,Above 10yr,Other,Residential areas,Asphalt roads,Dry,Normal,Darkness - no lighting,Vehicle with vehicle collision,2,3,Going straight,Male,18-30,3,Changing lane to the right,Slight Injury,Owner,5-10yrs,Normal,Not a Pedestrian,Slight Injury
12:15:00,Monday,Under 18,Male,5-10yr,Lorry (41-100Q),Residential areas,Asphalt roads,Wet or damp,Normal,Daylight,Vehicle with vehicle collision,2,1,Turnover,Male,18-30,3,Changing lane to the left,Slight Injury,Owner,5-10yrs,Normal,Not a Pedestrian,Slight Injury
12:15:00,Monday,18-30,Male,Below 1yr,Public (12 seats),Other,Asphalt roads,Wet or damp,Normal,Daylight,Vehicle with vehicle collision,2,1,Going straight,na,No Casualty,na,Driving carelessly,Slight Injury,Owner,1-2yr,Normal,Not a Pedestrian,No Casualty
18:30:00,Friday,Under 18,Male,Above 10yr,Lorry (41-100Q),Office areas,Asphalt roads,Wet or damp,Normal,Darkness - lights lit,Collision with roadside objects,2,1,Going straight,Male,31-50,3,Driving carelessly,Slight Injury,Owner,1-2yr,Normal,Not a Pedestrian,Slight Injury
18:30:00,Friday,31-50,Male,5-10yr,Public (12 seats),Other,Asphalt roads,Wet or damp,Normal,Darkness - lights lit,Vehicle with vehicle collision,2,1,Going straight,na,No Casualty,na,No distancing,Slight Injury,Owner,2-5yrs,No Casualty,Not a Pedestrian,No Casualty
22:55:00,Friday,Under 18,Male,Above 10yr,Lorry (41-100Q),Office areas,Asphalt roads,Dry,Normal,Darkness - lights lit,Vehicle with vehicle collision,4,1,Going straight,Male,31-50,3,Other,Slight Injury,Owner,Unknown,Normal,Not a Pedestrian,Slight Injury
22:55:00,Friday,18-30,Female,5-10yr,Other,Residential areas,Asphalt roads,Dry,Normal,Darkness - lights lit,Vehicle with vehicle collision,4,1,Going straight,na,No Casualty,na,Changing lane to the right,Slight Injury,Owner,Unknown,Normal,Not a Pedestrian,No Casualty
22:55:00,Friday,18-30,Female,1-2yr,Lorry (41-100Q),Office areas,Asphalt roads,Dry,Normal,Darkness - lights lit,Rollover,4,1,Going straight,Male,18-30,3,Changing lane to the right,Slight Injury,Owner,Unknown,Normal,Not a Pedestrian,Slight Injury
22:55:00,Friday,18-30,Female,1-2yr,Automobile,Office areas,Asphalt roads,Dry,Normal,Darkness - lights lit,Vehicle with vehicle collision,4,1,Going straight,na,No Casualty,na,No distancing,Slight Injury,Owner,Unknown,No Casualty,Not a Pedestrian,No Casualty
02:59:00,Thursday,18-30,Male,1-2yr,Public (> 45 seats),Other,Earth roads,Dry,Normal,Darkness - lights lit,Vehicle with vehicle collision,2,1,Going straight,Male,31-50,3,No distancing,Slight Injury,Organization,Unknown,Normal,Not a Pedestrian,Slight Injury
02:59:00,Thursday,18-30,Male,2-5yr,Lorry (41-100Q),Office areas,Asphalt roads,Dry,Normal,Darkness - lights lit,Collision with pedestrians,2,1,Going straight,Male,31-50,2,Overturning,Slight Injury,Owner,Unknown,No Casualty,Not a Pedestrian,Serious Injury
13:15:00,Friday,Over 51,Male,Above 10yr,Other,Office areas,Asphalt roads,Dry,Normal,Daylight,Vehicle with vehicle collision,2,1,Turnover,Male,31-50,3,Overspeed,Slight Injury,Owner,Unknown,Normal,Not a Pedestrian,Slight Injury
13:15:00,Friday,31-50,Male,2-5yr,Other,Office areas,Asphalt roads,Dry,Normal,Daylight,Vehicle with vehicle collision,2,1,Going straight,Male,31-50,3,No priority to vehicle,Slight Injury,Governmental,Unknown,Normal,Not a Pedestrian,Slight Injury
07:05:00,Wednesday,Over 51,Male,Above 10yr,Automobile,Other,Asphalt roads,Dry,Normal,Daylight,Vehicle with vehicle collision,2,1,Reversing,Male,18-30,3,No priority to pedestrian,Slight Injury,Owner,Unknown,Normal,Not a Pedestrian,Slight Injury
07:05:00,Wednesday,18-30,Male,2-5yr,Lorry (41-100Q),Residential areas,Asphalt roads,Dry,Normal,Daylight,Vehicle with vehicle collision,2,1,Other,na,No Casualty,na,No priority to vehicle,Slight Injury,Owner,Unknown,Normal,Not a Pedestrian,No Casualty
18:20:00,Tuesday,18-30,Male,5-10yr,Pick up upto 10Q,Residential areas,Asphalt roads,Wet or damp,Rain,Darkness - lights lit,Collision with roadside objects,2,2,Going straight,na,No Casualty,na,Other,Slight Injury,Owner,2-5yrs,Normal,Not a Pedestrian,No Casualty
18:20:00,Tuesday,18-30,Male,1-2yr,Automobile,Church areas,Asphalt roads,Wet or damp,Rain,Darkness - lights lit,Vehicle with vehicle collision,2,2,Going straight,Male,18-30,3,Other,Slight Injury,Owner,5-10yrs,Normal,Not a Pedestrian,Slight Injury
18:20:00,Tuesday,18-30,Male,5-10yr,Automobile,Other,Asphalt roads,Wet or damp,Rain,Darkness - lights lit,Vehicle with vehicle collision,2,2,Turnover,Female,Over 51,3,Moving Backward,Slight Injury,Owner,5-10yrs,Normal,Crossing from driver's nearside,Slight Injury
16:24:00,Tuesday,Under 18,Male,1-2yr,Other,Residential areas,Gravel roads,Wet or damp,Normal,Daylight,Vehicle with vehicle collision,1,1,Other,Female,18-30,3,No distancing,Slight Injury,Owner,Unknown,Normal,Crossing from nearside - masked by parked or statioNot a Pedestrianry vehicle,Slight Injury
23:54:00,Friday,18-30,Female,Above 10yr,Automobile,Other,Asphalt roads,Wet or damp,Normal,Darkness - lights lit,Vehicle with vehicle collision,2,1,Going straight,Male,18-30,3,Moving Backward,Serious Injury,Owner,2-5yrs,No Casualty,Crossing from nearside - masked by parked or statioNot a Pedestrianry vehicle,Slight Injury
23:54:00,Friday,18-30,Male,1-2yr,Stationwagen,Residential areas,Asphalt roads,Wet or damp,Normal,Darkness - lights lit,Collision with roadside objects,2,1,Going straight,Female,Under 18,3,No priority to vehicle,Serious Injury,Owner,2-5yrs,No Casualty,Not a Pedestrian,Slight Injury
17:30:00,Thursday,31-50,Male,1-2yr,Other,Residential areas,Asphalt roads,Dry,Normal,Darkness - lights lit,Vehicle with vehicle collision,2,1,Other,Male,18-30,3,Driving carelessly,Slight Injury,Owner,2-5yrs,Normal,Not a Pedestrian,Slight Injury
17:30:00,Thursday,31-50,Male,2-5yr,Automobile,Other,Asphalt roads,Dry,Normal,Darkness - lights lit,Collision with roadside objects,2,1,Going straight,Female,Over 51,3,No distancing,Slight Injury,Owner,5-10yrs,Normal,Not a Pedestrian,Slight Injury
02:35:00,Sunday,18-30,Male,1-2yr,Ridden horse,Other,Asphalt roads,Dry,Normal,Darkness - lights lit,Vehicle with vehicle collision,2,3,Turnover,na,No Casualty,na,Other,Slight Injury,Owner,Unknown,Normal,Not a Pedestrian,No Casualty
02:35:00,Sunday,31-50,Male,1-2yr,Automobile,Other,Asphalt roads,Dry,Normal,Darkness - lights lit,Rollover,2,3,Going straight,Male,31-50,3,Changing lane to the right,Slight Injury,Owner,Unknown,No Casualty,Not a Pedestrian,Slight Injury
02:35:00,Sunday,31-50,Male,Above 10yr,Other,Other,Asphalt roads,Dry,Normal,Darkness - lights lit,Vehicle with vehicle collision,2,3,Turnover,Female,31-50,3,No distancing,Slight Injury,Owner,Unknown,No Casualty,Not a Pedestrian,Slight Injury
16:15:00,Friday,31-50,Male,Above 10yr,Lorry (41-100Q),Residential areas,Asphalt roads,Dry,Normal,Daylight,Vehicle with vehicle collision,2,1,Going straight,Male,31-50,3,Driving carelessly,Slight Injury,Owner,Unknown,No Casualty,Not a Pedestrian,Slight Injury
16:15:00,Friday,18-30,Male,Above 10yr,Lorry (41-100Q),Recreational areas,Asphalt roads,Dry,Normal,Daylight,Vehicle with vehicle collision,2,1,Moving Backward,Male,18-30,3,No distancing,Slight Injury,Owner,2-5yrs,No Casualty,Not a Pedestrian,Slight Injury
09:15:00,Sunday,Under 18,Male,Above 10yr,Lorry (41-100Q),Other,Asphalt roads,Dry,Normal,Daylight,Vehicle with vehicle collision,2,1,Going straight,Male,Under 18,3,No priority to vehicle,Slight Injury,Owner,Unknown,Normal,Not a Pedestrian,Slight Injury
09:15:00,Sunday,31-50,Male,1-2yr,Stationwagen,Office areas,Asphalt roads,Dry,Normal,Daylight,Vehicle with vehicle collision,2,1,Going straight,Male,18-30,3,Changing lane to the right,Slight Injury,Owner,Unknown,Normal,Not a Pedestrian,Slight Injury
16:20:00,Wednesday,Over 51,Male,5-10yr,Lorry (41-100Q),Other,Asphalt roads,Dry,Normal,Daylight,Collision with pedestrians,1,1,Going straight,Female,31-50,3,No priority to pedestrian,Serious Injury,Owner,Unknown,Normal,Not a Pedestrian,Slight Injury
06:15:00,Wednesday,18-30,Male,2-5yr,Automobile,Office areas,Asphalt roads,Dry,Normal,Darkness - lights lit,Rollover,1,1,Reversing,na,No Casualty,na,No priority to vehicle,Slight Injury,Owner,Unknown,Normal,Not a Pedestrian,No Casualty
15:20:00,Friday,18-30,Male,2-5yr,Automobile,Office areas,Asphalt roads,Dry,Normal,Daylight,Vehicle with vehicle collision,1,1,Reversing,Female,Under 18,3,Changing lane to the left,Slight Injury,Owner,Unknown,Normal,Crossing from offside - masked by  parked or statioNot a Pedestrianry vehicle,Slight Injury
16:40:00,Tuesday,31-50,Male,5-10yr,Pick up upto 10Q,Office areas,Asphalt roads,Dry,Normal,Daylight,Rollover,2,1,Reversing,Male,18-30,3,Turnover,Slight Injury,Owner,Unknown,No Casualty,Not a Pedestrian,Slight Injury
16:40:00,Tuesday,Over 51,Male,5-10yr,Taxi,Other,Asphalt roads,Dry,Normal,Daylight,Vehicle with vehicle collision,2,1,Going straight,na,No Casualty,na,Driving to the left,Slight Injury,Owner,Unknown,Normal,Not a Pedestrian,No Casualty
07:51:00,Monday,31-50,Male,2-5yr,Automobile,Other,Asphalt roads,Wet or damp,Rain,Daylight,Vehicle with vehicle collision,2,1,Going straight,na,No Casualty,na,Driving carelessly,Slight Injury,Governmental,Unknown,Normal,Not a Pedestrian,No Casualty