Time,Day_of_week,Age_band_of_driver,Sex_of_driver,Driving_experience,Type_of_vehicle,Area_accident_occured,Road_surface_type,Road_surface_conditions,Weather_conditions,Light_conditions,Type_of_collision,Number_of_vehicles_involved,Number_of_casualties,Vehicle_movement,Sex_of_casualty,Age_band_of_casualty,Casualty_severity,Cause_of_accident,Accident_severity,Owner_of_vehicle,Service_year_of_vehicle,Fitness_of_casuality,Pedestrian_movement,Casualty_severity_label
07:51:00,Monday,31-50,Male,Above 10yr,Automobile,Office areas,Asphalt roads,Wet or damp,Rain,Daylight,Vehicle with vehicle collision,2,1,Going straight,Male,31-50,3,Driving to the left,Slight Injury,Owner,Unknown,Normal,Not a Pedestrian,Slight Injury
16:50:00,Sunday,18-30,Female,5-10yr,Automobile,Residential areas,Asphalt roads,Wet or damp,Rain,Daylight,Fall from vehicles,2,3,Going straight,Male,31-50,2,Driving carelessly,Slight Injury,Owner,Unknown,Normal,Crossing from driver's nearside,Serious Injury
16:50:00,Sunday,18-30,Male,Above 10yr,Long lorry,Recreational areas,Asphalt roads,Wet or damp,Rain,Daylight,Vehicle with vehicle collision,2,3,Moving Backward,na,No Casualty,na,No priority to pedestrian,Slight Injury,Governmental,2-5yrs,Normal,Not a Pedestrian,No Casualty
16:50:00,Sunday,18-30,Male,2-5yr,Public (12 seats),Other,Earth roads,Wet or damp,Rain,Daylight,Collision with roadside objects,2,3,Going straight,Male,31-50,3,Driving carelessly,Slight Injury,Owner,1-2yr,Normal,Not a Pedestrian,Slight Injury
16:50:00,Sunday,18-30,Male,2-5yr,Pick up upto 10Q,Residential areas,Asphalt roads,Wet or damp,Rain,Daylight,Vehicle with vehicle collision,2,3,Moving Backward,na,No Casualty,na,Changing lane to the right,Slight Injury,Owner,Above 10yr,Normal,Not a Pedestrian,No Casualty
10:30:00,Friday,Over 51,Male,2-5yr,Automobile,Other,Asphalt roads,Wet or damp,Other,Daylight,Vehicle with vehicle collision,3,1,Moving Backward,Male,18-30,3,Moving Backward,Slight Injury,Owner,Unknown,Normal,Not a Pedestrian,Slight Injury
10:30:00,Friday,18-30,Male,1-2yr,Other,Other,Asphalt roads,Wet or damp,Other,Daylight,Vehicle with vehicle collision,3,1,Going straight,na,No Casualty,na,Driving carelessly,Slight Injury,Owner,Unknown,Normal,Not a Pedestrian,No Casualty
10:30:00,Friday,18-30,Female,5-10yr,Lorry (41-100Q),Other,Asphalt roads,Wet or damp,Other,Daylight,Collision with pedestrians,3,1,Other,Male,18-30,3,Changing lane to the right,Slight Injury,Owner,5-10yrs,Normal,Not a Pedestrian,Slight Injury
19:35:00,Thursday,31-50,Male,2-5yr,Automobile,Other,Asphalt roads,Dry,Normal,Darkness - lights lit,Vehicle with vehicle collision,1,1,Going straight,na,No Casualty,na,Driving carelessly,Slight Injury,Owner,Unknown,Normal,Not a Pedestrian,No Casualty
14:30:00,Friday,18-30,Male,1-2yr,Pick up upto 10Q,Other,Asphalt roads,Dry,Unknown,Daylight,Vehicle with vehicle collision,2,1,Other,Male,18-30,3,Driving carelessly,Slight Injury,Owner,2-5yrs,Normal,Not a Pedestrian,Slight Injury
14:30:00,Friday,18-30,Male,1-2yr,Lorry (41-100Q),School areas,Asphalt roads,Dry,Unknown,Daylight,Vehicle with vehicle collision,2,1,Going straight,na,No Casualty,na,Driving carelessly,Slight Injury,Owner,Unknown,No Casualty,Not a Pedestrian,No Casualty
17:15:00,Tuesday,18-30,Male,5-10yr,Lorry (41-100Q),Office areas,Gravel roads,Dry,Normal,Daylight,Rollover,2,1,Reversing,Male,31-50,3,Changing lane to the right,Slight Injury,Owner,Unknown,Normal,Not a Pedestrian,Slight Injury
17:15:00,Tuesday,31-50,Male,5-10yr,Long lorry,Office areas,Asphalt roads,Dry,Normal,Daylight,Collision with roadside objects,2,1,Going straight,na,No Casualty,na,Changing lane to the right,Slight Injury,Owner,Unknown,No Casualty,Not a Pedestrian,No Casualty
17:00:00,Wednesday,18-30,Male,1-2yr,Public (> 45 seats),Office areas,Asphalt roads,Dry,Normal,Daylight,Vehicle with vehicle collision,1,1,Going straight,na,No Casualty,na,Driving carelessly,Slight Injury,Owner,5-10yrs,No Casualty,Not a Pedestrian,No Casualty
15:05:00,Wednesday,Over 51,Male,2-5yr,Public (> 45 seats),School areas,Asphalt roads,Dry,Normal,Daylight,Vehicle with vehicle collision,3,1,Going straight,Male,18-30,3,Overtaking,Serious Injury,Owner,Unknown,Normal,Crossing from driver's nearside,Slight Injury
15:05:00,Wednesday,31-50,Male,5-10yr,Automobile,School areas,Other,Dry,Normal,Daylight,Collision with roadside objects,3,1,Going straight,Male,18-30,3,Changing lane to the right,Serious Injury,Governmental,Unknown,Normal,Crossing from driver's nearside,Slight Injury
15:05:00,Wednesday,31-50,Male,5-10yr,Automobile,Office areas,Asphalt roads,Dry,Normal,Daylight,Vehicle with vehicle collision,3,1,Going straight,Male,31-50,3,No distancing,Serious Injury,Owner,Unknown,Normal,Not a Pedestrian,Slight Injury
13:25:00,Tuesday,31-50,Male,5-10yr,Automobile,Office areas,Asphalt roads,Wet or damp,Normal,Daylight,Vehicle with vehicle collision,1,1,Going straight,na,No Casualty,na,Other,Slight Injury,Owner,Unknown,Normal,Not a Pedestrian,No Casualty
18:15:00,Friday,Over 51,Male,2-5yr,Other,School areas,Asphalt roads,Dry,Normal,Daylight,Vehicle with vehicle collision,1,1,Going straight,Male,18-30,3,Changing lane to the right,Slight Injury,Governmental,Above 10yr,Normal,Not a Pedestrian,Slight Injury
16:40:00,Friday,Over 51,Male,Above 10yr,Public (12 seats),Other,Asphalt roads,Dry,Normal,Daylight,Rollover,2,2,Other,na,No Casualty,na,Changing lane to the right,Slight Injury,Owner,1-2yr,Normal,Not a Pedestrian,No Casualty
16:40:00,Friday,18-30,Male,Above 10yr,Automobile,Other,Asphalt roads,Dry,Normal,Daylight,Rollover,2,2,Going straight,Male,Under 18,3,Overtaking,Slight Injury,Owner,Above 10yr,Normal,Crossing from driver's nearside,Slight Injury
12:25:00,Friday,18-30,Male,5-10yr,Stationwagen,Other,Asphalt roads,Dry,Normal,Daylight,Collision with pedestrians,2,1,Going straight,Male,18-30,3,Other,Slight Injury,Owner,Below 1yr,Normal,Not a Pedestrian,Slight Injury
12:25:00,Friday,18-30,Male,Above 10yr,Automobile,Other,Asphalt roads,Dry,Normal,Daylight,Vehicle with vehicle collision,2,1,Going straight,na,No Casualty,na,Driving to the left,Slight Injury,Owner,Above 10yr,Normal,Not a Pedestrian,No Casualty
23:30:00,Monday,18-30,Male,5-10yr,Automobile,Residential areas,Asphalt roads,Dry,Normal,Darkness - lights lit,Vehicle with vehicle collision,2,2,Going straight,na,No Casualty,na,Overtaking,Slight Injury,Owner,Unknown,Normal,Not a Pedestrian,No Casualty
23:30:00,Monday,31-50,Male,5-10yr,Automobile,Other,Asphalt roads,Dry,Normal,Darkness - lights lit,Vehicle with vehicle collision,2,2,Reversing,Male,18-30,2,No priority to vehicle,Slight Injury,Governmental,1-2yr,No Casualty,Not a Pedestrian,Serious Injury
23:30:00,Monday,31-50,Male,Above 10yr,Automobile,Other,Asphalt roads,Dry,Normal,Darkness - lights lit,Collision with pedestrians,2,2,Going straight,Male,Over 51,3,Moving Backward,Slight Injury,Owner,1-2yr,Normal,Not a Pedestrian,Slight Injury
17:30:00,Tuesday,Over 51,Male,Above 10yr,Automobile,Industrial areas,Asphalt roads,Dry,Normal,Daylight,Collision with pedestrians,1,1,Going straight,Male,31-50,3,Other,Slight Injury,Owner,Unknown,No Casualty,Not a Pedestrian,Slight Injury
17:00:00,Monday,18-30,Male,5-10yr,Pick up upto 10Q,Recreational areas,Asphalt roads,Wet or damp,Rain,Daylight,Vehicle with vehicle collision,2,1,Other,na,No Casualty,na,No priority to vehicle,Slight Injury,Owner,Unknown,Normal,Not a Pedestrian,No Casualty
17:00:00,Monday,18-30,Male,5-10yr,Turbo,Church areas,Asphalt roads,Wet or damp,Rain,Daylight,Vehicle with vehicle collision,2,1,Going straight,Male,31-50,3,No priority to pedestrian,Slight Injury,Owner,Above 10yr,No Casualty,Not a Pedestrian,Slight Injury
19:40:00,Sunday,31-50,Male,Above 10yr,Pick up upto 10Q,Office areas,Asphalt roads,Dry,Normal,Darkness - lights lit,Vehicle with vehicle collision,2,1,Going straight,na,No Casualty,na,Changing lane to the right,Slight Injury,Owner,Unknown,Normal,Not a Pedestrian,No Casualty
19:40:00,Sunday,Over 51,Male,Below 1yr,Other,Other,Gravel roads,Dry,Normal,Darkness - lights lit,Collision with roadside objects,2,1,Going straight,Male,18-30,3,Changing lane to the right,Slight Injury,Owner,Unknown,No Casualty,Not a Pedestrian,Slight Injury
19:39:00,Thursday,Under 18,Male,2-5yr,Stationwagen,Office areas,Asphalt roads,Dry,Normal,Daylight,Vehicle with vehicle collision,2,1,Turnover,na,No Casualty,na,Changing lane to the right,Slight Injury,Owner,Unknown,No Casualty,Not a Pedestrian,No Casualty
19:39:00,Thursday,31-50,Male,2-5yr,Pick up upto 10Q,Office areas,Asphalt roads,Dry,Normal,Daylight,Collision with roadside objects,2,1,Going straight,na,No Casualty,na,Driving to the left,Slight Injury,Owner,Unknown,Normal,Not a Pedestrian,No Casualty
16:45:00,Tuesday,31-50,Male,5-10yr,Lorry (41-100Q),Other,Asphalt roads,Dry,Normal,Daylight,Vehicle with vehicle collision,3,3,Going straight,Male,18-30,3,Changing lane to the left,Serious Injury,Owner,Unknown,Normal,Not a Pedestrian,Slight Injury
16:45:00,Tuesday,Under 18,Male,5-10yr,Lorry (41-100Q),Residential areas,Other,Dry,Normal,Daylight,Vehicle with vehicle collision,3,3,Reversing,Female,18-30,3,Moving Backward,Serious Injury,Owner,Above 10yr,Normal,Not a Pedestrian,Slight Injury
16:45:00,Tuesday,Under 18,Male,Above 10yr,Automobile,Office areas,Asphalt roads,Dry,Normal,Daylight,Collision with roadside objects,3,3,Other,na,No Casualty,na,Overspeed,Serious Injury,Owner,Above 10yr,Normal,Not a Pedestrian,No Casualty
16:45:00,Tuesday,Under 18,Male,2-5yr,Automobile,Residential areas,Other,Dry,Normal,Daylight,Vehicle with vehicle collision,3,3,Going straight,na,No Casualty,na,Moving Backward,Serious Injury,Owner,Above 10yr,No Casualty,Not a Pedestrian,No Casualty
12:10:00,Sunday,31-50,Male,5-10yr,Pick up upto 10Q,School areas,Asphalt roads,Dry,Normal,Daylight,Vehicle with vehicle collision,1,1,Going straight,Male,31-50,3,No distancing,Slight Injury,Owner,Unknown,Normal,Not a Pedestrian,Slight Injury
18:55:00,Sunday,31-50,Male,Below 1yr,Pick up upto 10Q,Office areas,Asphalt roads,Dry,Normal,Daylight,Collision with roadside objects,3,2,Moving Backward,Female,31-50,3,Other,Slight Injury,Owner,Above 10yr,No Casualty,Not a Pedestrian,Slight Injury
18:55:00,Sunday,31-50,Male,5-10yr,Lorry (41-100Q),Other,Asphalt roads,Dry,Normal,Daylight,Collision with roadside objects,3,2,Reversing,na,No Casualty,na,No priority to vehicle,Slight Injury,Owner,5-10yrs,Normal,Not a Pedestrian,No Casualty
18:55:00,Sunday,18-30,Male,Above 10yr,Public (12 seats),Other,Asphalt roads,Dry,Normal,Daylight,Vehicle with vehicle collision,3,2,Going straight,Female,31-50,3,Changing lane to the right,Slight Injury,Owner,Above 10yr,Normal,Not a Pedestrian,Slight Injury
16:08:00,Thursday,18-30,Male,5-10yr,Other,Church areas,Asphalt roads,Dry,Normal,Daylight,Vehicle with vehicle collision,2,1,Going straight,Female,Over 51,3,Other,Slight Injury,Owner,Above 10yr,Normal,Not a Pedestrian,Slight Injury
16:08:00,Thursday,18-30,Male,1-2yr,Stationwagen,Office areas,Asphalt roads,Dry,Normal,Daylight,Vehicle with vehicle collision,2,1,Moving Backward,Female,18-30,3,No distancing,Slight Injury,Owner,Unknown,Normal,Not a Pedestrian,Slight Injury
00:01:00,Friday,18-30,Male,5-10yr,Automobile,Other,Asphalt roads,Dry,Normal,Darkness - lights lit,Vehicle with vehicle collision,3,3,Going straight,na,No Casualty,na,Driving carelessly,Slight Injury,Owner,Unknown,Normal,Not a Pedestrian,No Casualty
00:01:00,Friday,18-30,Male,1-2yr,Automobile,Office areas,Asphalt roads,Dry,Normal,Darkness - lights lit,Vehicle with vehicle collision,3,3,Going straight,Male,Under 18,3,No distancing,Slight Injury,Owner,Unknown,Normal,Not a Pedestrian,Slight Injury
00:01:00,Friday,18-30,Male,Above 10yr,Lorry (41-100Q),Office areas,Asphalt roads,Dry,Normal,Darkness - lights lit,Vehicle with vehicle collision,3,3,Going straight,Male,18-30,3,Moving Backward,Slight Injury,Owner,Unknown,Normal,Not a Pedestrian,Slight Injury
00:01:00,Friday,18-30,Male,1-2yr,Stationwagen,Office areas,Asphalt roads,Dry,Normal,Darkness - lights lit,Vehicle with vehicle collision,3,3,Going straight,na,No Casualty,na,No distancing,Slight Injury,Owner,Above 10yr,Normal,Not a Pedestrian,No Casualty
00:01:00,Friday,18-30,Male,5-10yr,Lorry (41-100Q),Church areas,Asphalt roads,Dry,Normal,Darkness - lights lit,Vehicle with vehicle collision,3,3,Going straight,na,No Casualty,na,Moving Backward,Slight Injury,Owner,Above 10yr,No Casualty,Not a Pedestrian,No Casualty
15:04:00,Wednesday,18-30,Male,2-5yr,Public (> 45 seats),Office areas,Asphalt roads,Dry,Normal,Daylight,Vehicle with vehicle collision,2,3,Going straight,Male,18-30,3,No priority to pedestrian,Slight Injury,Owner,Above 10yr,No Casualty,Not a Pedestrian,Slight Injury
15:04:00,Wednesday,31-50,Male,5-10yr,Automobile,Other,Asphalt roads,Dry,Normal,Daylight,Vehicle with vehicle collision,2,3,Going straight,Male,Under 18,3,Changing lane to the left,Slight Injury,Owner,5-10yrs,Normal,Not a Pedestrian,Slight Injury
15:04:00,Wednesday,31-50,Male,2-5yr,Automobile,Other,Asphalt roads,Dry,Normal,Daylight,Vehicle with vehicle collision,2,3,Going straight,Male,Under 18,3,No distancing,Slight Injury,Owner,Unknown,Normal,Not a Pedestrian,Slight Injury
15:04:00,Wednesday,31-50,Male,2-5yr,Automobile,Church areas,Asphalt roads,Dry,Normal,Daylight,Vehicle with vehicle collision,2,3,Reversing,Male,Over 51,3,Other,Slight Injury,Owner,5-10yrs,Normal,Not a Pedestrian,Slight Injury
15:00:00,Sunday,31-50,Male,Above 10yr,Automobile,School areas,Asphalt roads,Dry,Normal,Daylight,Vehicle with vehicle collision,2,1,Going straight,Male,18-30,3,No distancing,Slight Injury,Owner,1-2yr,Normal,Not a Pedestrian,Slight Injury
15:00:00,Sunday,Over 51,Male,1-2yr,Lorry (41-100Q),Church areas,Asphalt roads,Dry,Normal,Daylight,Vehicle with vehicle collision,2,1,Going straight,Female,31-50,3,No priority to pedestrian,Slight Injury,Owner,Unknown,No Casualty,Not a Pedestrian,Slight Injury
09:55:00,Sunday,18-30,Male,1-2yr,Lorry (41-100Q),Office areas,Asphalt roads,Dry,Cloudy,Daylight,Vehicle with vehicle collision,2,1,Going straight,Male,31-50,2,Moving Backward,Slight Injury,Owner,Above 10yr,Normal,Not a Pedestrian,Serious Injury
09:55:00,Sunday,Over 51,Male,5-10yr,Automobile,Other,Asphalt roads,Dry,Cloudy,Daylight,Vehicle with vehicle collision,2,1,Going straight,na,No Casualty,na,No priority to pedestrian,Slight Injury,Owner,2-5yrs,Normal,Not a Pedestrian,No Casualty
15:35:00,Sunday,Over 51,Male,1-2yr,Stationwagen,Church areas,Asphalt roads,Dry,Normal,Daylight,Vehicle with vehicle collision,2,2,Going straight,Male,18-30,3,No distancing,Slight Injury,Owner,Above 10yr,Normal,Not a Pedestrian,Slight Injury
15:35:00,Sunday,Over 51,Male,5-10yr,Public (12 seats),Other,Asphalt roads,Dry,Normal,Daylight,Vehicle with vehicle collision,2,2,Going straight,na,No Casualty,na,No priority to pedestrian,Slight Injury,Governmental,1-2yr,Normal,Not a Pedestrian,No Casualty
15:50:00,Thursday,Over 51,Male,Above 10yr,Public (12 seats),Other,Earth roads,Dry,Normal,Daylight,Collision with roadside objects,2,1,Other,Male,18-30,3,Driving carelessly,Slight Injury,Governmental,Above 10yr,Normal,Not a Pedestrian,Slight Injury
15:50:00,Thursday,31-50,Male,Above 10yr,Automobile,Office areas,Asphalt roads,Dry,Normal,Daylight,Vehicle with vehicle collision,2,1,Moving Backward,Male,31-50,3,Getting off the vehicle improperly,Slight Injury,Organization,5-10yrs,Normal,Crossing from nearside - masked by parked or statioNot a Pedestrianry vehicle,Slight Injury
02:19:00,Tuesday,31-50,Male,5-10yr,Public (12 seats),Other,Asphalt roads,Dry,Normal,Darkness - lights lit,Collision with pedestrians,2,1,Other,Female,18-30,3,Driving carelessly,Slight Injury,Organization,Above 10yr,No Casualty,Not a Pedestrian,Slight Injury
02:19:00,Tuesday,31-50,Male,2-5yr,Public (12 seats),Other,Asphalt roads,Dry,Normal,Darkness - lights lit,Vehicle with vehicle collision,2,1,Going straight,Female,Under 18,3,Changing lane to the left,Slight Injury,Owner,2-5yrs,Normal,Not a Pedestrian,Slight Injury
07:15:00,Monday,18-30,Male,2-5yr,Lorry (41-100Q),Residential areas,Asphalt roads,Dry,Normal,Daylight,Collision with roadside objects,2,2,Going straight,na,No Casualty,na,No priority to vehicle,Slight Injury,Governmental,Unknown,Normal,Not a Pedestrian,No Casualty
07:15:00,Monday,31-50,Male,Below 1yr,Automobile,Office areas,Asphalt roads,Dry,Normal,Daylight,Vehicle with vehicle collision,2,2,Going straight,Male,31-50,3,Changing lane to the right,Slight Injury,Owner,2-5yrs,No Casualty,Not a Pedestrian,Slight Injury
07:15:00,Monday,31-50,Male,2-5yr,Lorry (41-100Q),Church areas,Asphalt roads,Dry,Normal,Daylight,Vehicle with vehicle collision,2,2,Other,Male,31-50,3,Changing lane to the right,Slight Injury,Owner,2-5yrs,No Casualty,Not a Pedestrian,Slight Injury
14:15:00,Wednesday,18-30,Female,2-5yr,Automobile,Other,Asphalt roads,Dry,Normal,Daylight,Vehicle with vehicle collision,3,1,Going straight,Female,31-50,3,No distancing,Slight Injury,Owner,1-2yr,Normal,Not a Pedestrian,Slight Injury
14:15:00,Wednesday,31-50,Male,5-10yr,Automobile,Market areas,Asphalt roads,Dry,Normal,Daylight,Vehicle with vehicle collision,3,1,Going straight,Female,31-50,3,No distancing,Slight Injury,Owner,Above 10yr,No Casualty,Not a Pedestrian,Slight Injury
14:15:00,Wednesday,18-30,Male,Above 10yr,Stationwagen,Other,Asphalt roads,Dry,Normal,Daylight,Vehicle with vehicle collision,3,1,Going straight,Male,18-30,3,Changing lane to the left,Slight Injury,Owner,Above 10yr,Normal,Not a Pedestrian,Slight Injury
15:10:00,Tuesday,Over 51,Male,5-10yr,Automobile,Other,Asphalt roads,Dry,Normal,Daylight,Rollover,2,1,Going straight,Male,31-50,3,Changing lane to the right,Slight Injury,Owner,Unknown,Normal,Crossing from offside - masked by  parked or statioNot a Pedestrianry vehicle,Slight Injury
15:10:00,Tuesday,18-30,Male,2-5yr,Automobile,Church areas,Gravel roads,Dry,Normal,Daylight,Collision with roadside objects,2,1,Going straight,na,No Casualty,na,No priority to vehicle,Slight Injury,Owner,Unknown,Normal,Not a Pedestrian,No Casualty
14:20:00,Friday,18-30,Female,5-10yr,Automobile,Residential areas,Asphalt roads,Wet or damp,Rain,Daylight,Vehicle with vehicle collision,1,1,Going straight,Male,18-30,3,Changing lane to the left,Slight Injury,Governmental,1-2yr,Normal,Not a Pedestrian,Slight Injury
17:45:00,Tuesday,18-30,Male,2-5yr,Stationwagen,Other,Earth roads,Dry,Normal,Daylight,Collision with roadside objects,2,1,Moving Backward,Female,18-30,3,No priority to vehicle,Slight Injury,Owner,Unknown,Normal,Not a Pedestrian,Slight Injury
17:45:00,Tuesday,Over 51,Male,5-10yr,Automobile,Other,Asphalt roads,Dry,Normal,Daylight,Vehicle with vehicle collision,2,1,Moving Backward,na,No Casualty,na,Moving Backward,Slight Injury,Owner,Unknown,Normal,Not a Pedestrian,No Casualty
09:05:00,Wednesday,Over 51,Male,1-2yr,Other,Other,Asphalt roads,Dry,Normal,Daylight,Vehicle with vehicle collision,2,1,Going straight,Male,Under 18,3,Turnover,Slight Injury,Owner,Unknown,Normal,Not a Pedestrian,Slight Injury
09:05:00,Wednesday,31-50,Male,2-5yr,Other,Recreational areas,Asphalt roads,Dry,Normal,Daylight,Vehicle with vehicle collision,2,1,Going straight,Female,18-30,3,No distancing,Slight Injury,Owner,Unknown,Normal,Not a Pedestrian,Slight Injury
10:50:00,Wednesday,31-50,Male,Above 10yr,Automobile,Recreational areas,Earth roads,Wet or damp,Rain,Daylight,Vehicle with vehicle collision,1,1,Turnover,na,No Casualty,na,No distancing,Serious Injury,Owner,Unknown,No Casualty,Not a Pedestrian,No Casualty
16:55:00,Thursday,31-50,Male,Below 1yr,Lorry (41-100Q),Other,Asphalt roads,Dry,Normal,Daylight,Vehicle with vehicle collision,2,1,Going straight,Female,31-50,3,No distancing,Slight Injury,Owner,Unknown,Normal,Crossing from nearside - masked by parked or statioNot a Pedestrianry vehicle,Slight Injury
16:55:00,Thursday,31-50,Male,2-5yr,Lorry (41-100Q),Office areas,Asphalt roads,Dry,Normal,Daylight,Collision with roadside objects,2,1,Going straight,Male,18-30,3,Changing lane to the left,Slight Injury,Organization,1-2yr,Normal,Not a Pedestrian,Slight Injury
08:55:00,Tuesday,18-30,Male,Below 1yr,Lorry (41-100Q),Residential areas,Asphalt roads,Dry,Normal,Daylight,Vehicle with vehicle collision,3,2,Going straight,Female,18-30,3,No priority to vehicle,Slight Injury,Owner,2-5yrs,Normal,Not a Pedestrian,Slight Injury
08:55:00,Tuesday,31-50,Male,5-10yr,Automobile,Other,Asphalt roads,Dry,Normal,Daylight,Collision with roadside objects,3,2,Going straight,Male,Over 51,3,Overspeed,Slight Injury,Owner,2-5yrs,Normal,Not a Pedestrian,Slight Injury
08:55:00,Tuesday,18-30,Male,1-2yr,Automobile,Residential areas,Asphalt roads,Dry,Normal,Daylight,Vehicle with vehicle collision,3,2,Going straight,na,No Casualty,na,Overtaking,Slight Injury,Owner,1-2yr,No Casualty,Not a Pedestrian,No Casualty
17:44:00,Friday,31-50,Male,Below 1yr,Public (13-45 seats),Church areas,Asphalt roads,Wet or damp,Rain,Daylight,Vehicle with vehicle collision,2,1,Going straight,na,No Casualty,na,Other,Slight Injury,Owner,Unknown,Normal,Not a Pedestrian,No Casualty
17:44:00,Friday,Under 18,Male,5-10yr,Public (13-45 seats),Other,Asphalt roads,Wet or damp,Rain,Daylight,Vehicle with vehicle collision,2,1,Going straight,Male,18-30,3,Changing lane to the left,Slight Injury,Owner,2-5yrs,Normal,Not a Pedestrian,Slight Injury
09:10:00,Friday,Over 51,Male,Below 1yr,Lorry (41-100Q),Office areas,Asphalt roads,Dry,Normal,Daylight,Vehicle with vehicle collision,2,1,Going straight,Male,Over 51,3,No priority to pedestrian,Serious Injury,Owner,5-10yrs,Normal,Not a Pedestrian,Slight Injury
09:10:00,Friday,18-30,Female,Below 1yr,Lorry (41-100Q),Other,Asphalt roads,Dry,Normal,Daylight,Vehicle with vehicle collision,2,1,Going straight,Female,31-50,2,Changing lane to the left,Serious Injury,Owner,2-5yrs,Normal,Not a Pedestrian,Serious Injury
08:40:00,Wednesday,Over 51,Male,5-10yr,Public (12 seats),Recreational areas,Asphalt roads,Wet or damp,Normal,Daylight,Vehicle with vehicle collision,2,1,Other,Male,18-30,3,No distancing,Slight Injury,Owner,Unknown,Normal,Not a Pedestrian,Slight Injury
08:40:00,Wednesday,Over 51,Male,2-5yr,Other,Other,Asphalt roads,Wet or damp,Normal,Daylight,Vehicle with vehicle collision,2,1,Getting off,na,No Casualty,na,Moving Backward,Slight Injury,Owner,Unknown,Normal,Not a Pedestrian,No Casualty
15:00:00,Sunday,31-50,Male,Above 10yr,Lorry (41-100Q),Office areas,Asphalt roads,Dry,Normal,Daylight,Vehicle with vehicle collision,2,1,Going straight,Female,31-50,3,Changing lane to the left,Slight Injury,Owner,1-2yr,No Casualty,"In carriageway, statioNot a Pedestrianry - not crossing  (standing or playing)",Slight Injury
15:00:00,Sunday,18-30,Female,Above 10yr,Automobile,Residential areas,Asphalt roads,Dry,Normal,Daylight,Vehicle with vehicle collision,2,1,Going straight,Male,18-30,3,Other,Slight Injury,Governmental,Unknown,Normal,Crossing from offside - masked by  parked or statioNot a Pedestrianry vehicle,Slight Injury
13:35:00,Friday,31-50,Male,5-10yr,Other,Office areas,Asphalt roads,Dry,Normal,Daylight,Vehicle with vehicle collision,2,1,Going straight,Male,18-30,3,No distancing,Serious Injury,Owner,Unknown,Normal,Crossing from offside - masked by  parked or statioNot a Pedestrianry vehicle,Slight Injury
13:35:00,Friday,31-50,Male,1-2yr,Motorcycle,Office areas,Asphalt roads,Dry,Normal,Daylight,Vehicle with vehicle collision,2,1,Other,na,No Casualty,na,Moving Backward,Serious Injury,Owner,Unknown,Normal,Not a Pedestrian,No Casualty
19:13:00,Wednesday,Under 18,Male,Below 1yr,Automobile,Church areas,Asphalt roads,Dry,Normal,Daylight,Rollover,1,2,Going straight,Male,18-30,3,No distancing,Serious Injury,Owner,Unknown,Normal,Not a Pedestrian,Slight Injury
19:13:00,Wednesday,Under 18,Male,Below 1yr,Automobile,Church areas,Asphalt roads,Dry,Normal,Daylight,Collision with roadside objects,1,2,Moving Backward,na,No Casualty,na,Changing lane to the left,Serious Injury,Owner,Unknown,No Casualty,Not a Pedestrian,No Casualty
08:15:00,Friday,31-50,Male,2-5yr,Lorry (41-100Q),Residential areas,Asphalt roads,Wet or damp,Normal,Daylight,Vehicle with vehicle collision,2,1,Other,Male,31-50,3,Changing lane to the left,Slight Injury,Owner,Unknown,Normal,Not a Pedestrian,Slight Injury
08:15:00,Friday,Over 51,Male,1-2yr,Automobile,Other,Asphalt roads,Wet or damp,Normal,Daylight,Vehicle with vehicle collision,2,1,Going straight,na,No Casualty,na,No priority to pedestrian,Slight Injury,Owner,Unknown,Normal,Not a Pedestrian,No Casualty
20:30:00,Friday,18-30,Male,5-10yr,Public (> 45 seats),Other,Asphalt roads,Dry,Normal,Daylight,Collision with roadside objects,2,2,Going straight,Male,Under 18,3,Changing lane to the left,Serious Injury,Owner,Unknown,Normal,Not a Pedestrian,Slight Injury
20:30:00,Friday,18-30,Male,2-5yr,Lorry (41-100Q),Other,Earth roads,Dry,Normal,Daylight,Vehicle with vehicle collision,2,2,Going straight,Male,31-50,3,Driving carelessly,Serious Injury,Owner,Unknown,No Casualty,Not a Pedestrian,Slight Injury
20:30:00,Friday,18-30,Male,5-10yr,Public (> 45 seats),Residential areas,Asphalt roads,Dry,Normal,Daylight,Vehicle with vehicle collision,2,2,Going straight,na,No Casualty,na,Driving carelessly,Serious Injury,Owner,2-5yrs,Normal,Not a Pedestrian,No Casualty
14:00:00,Sunday,31-50,Male,Above 10yr,Lorry (41-100Q),Office areas,Asphalt roads,Dry,Normal,Daylight,Vehicle with vehicle collision,1,1,Going straight,Female,18-30,3,No priority to pedestrian,Serious Injury,Owner,Unknown,Normal,Not a Pedestrian,Slight Injury
09:15:00,Wednesday,18-30,Male,5-10yr,Lorry (41-100Q),Residential areas,Other,Wet or damp,Normal,Daylight,Rollover,3,4,Going straight,na,No Casualty,na,Getting off the vehicle improperly,Slight Injury,Owner,Unknown,Normal,Not a Pedestrian,No Casualty
09:15:00,Wednesday,Under 18,Male,5-10yr,Lorry (41-100Q),Other,Asphalt roads,Wet or damp,Normal,Daylight,Rollover,3,4,Going straight,Male,31-50,3,No distancing,Slight Injury,Owner,Unknown,No Casualty,Not a Pedestrian,Slight Injury
09:15:00,Wednesday,Under 18,Male,5-10yr,Public (12 seats),Other,Asphalt roads,Wet or damp,Normal,Daylight,Collision with pedestrians,3,4,Going straight,na,No Casualty,na,Changing lane to the left,Slight Injury,Owner,Unknown,Normal,Not a Pedestrian,No Casualty