Time,Day_of_week,Age_band_of_driver,Sex_of_driver,Driving_experience,Type_of_vehicle,Area_accident_occured,Road_surface_type,Road_surface_conditions,Weather_conditions,Light_conditions,Type_of_collision,Number_of_vehicles_involved,Number_of_casualties,Vehicle_movement,Sex_of_casualty,Age_band_of_casualty,Casualty_severity,Cause_of_accident,Accident_severity,Owner_of_vehicle,Service_year_of_vehicle,Fitness_of_casuality,Pedestrian_movement,Casualty_severity_label
18:15:00,Wednesday,18-30,Female,5-10yr,Automobile,Office areas,Asphalt roads,Dry,Normal,Daylight,Vehicle with vehicle collision,1,1,Going straight,na,No Casualty,na,No priority to pedestrian,Slight Injury,Owner,1-2yr,Normal,Not a Pedestrian,No Casualty
16:20:00,Friday,Under 18,Male,1-2yr,Automobile,Outside rural areas,Asphalt roads,Dry,Normal,Daylight,Vehicle with vehicle collision,2,1,Moving Backward,Male,Under 18,3,Moving Backward,Slight Injury,Owner,Above 10yr,Normal,Not a Pedestrian,Slight Injury
16:20:00,Friday,18-30,Male,5-10yr,Public (> 45 seats),Church areas,Asphalt roads,Dry,Normal,Daylight,Vehicle with vehicle collision,2,1,Moving Backward,na,No Casualty,na,Changing lane to the right,Slight Injury,Owner,Above 10yr,Normal,Not a Pedestrian,No Casualty
10:30:00,Tuesday,18-30,Female,1-2yr,Lorry (11-40Q),Office areas,Asphalt roads,Dry,Normal,Daylight,Vehicle with vehicle collision,1,1,Going straight,Male,18-30,2,Changing lane to the left,Slight Injury,Owner,Unknown,Normal,Not a Pedestrian,Serious Injury
15:30:00,Tuesday,Over 51,Male,Above 10yr,Lorry (41-100Q),Church areas,Asphalt roads,Wet or damp,Rain,Daylight,Collision with roadside objects,2,4,Going straight,Male,Under 18,2,Changing lane to the right,Slight Injury,Owner,Above 10yr,Normal,Not a Pedestrian,Serious Injury
15:30:00,Tuesday,18-30,Male,1-2yr,Lorry (41-100Q),Office areas,Asphalt roads,Wet or damp,Rain,Daylight,Rollover,2,4,Going straight,na,No Casualty,na,Driving under the influence of drugs,Slight Injury,Owner,Unknown,Normal,Not a Pedestrian,No Casualty
15:30:00,Tuesday,18-30,Male,5-10yr,Stationwagen,Office areas,Asphalt roads,Wet or damp,Rain,Daylight,Vehicle with vehicle collision,2,4,Going straight,Male,18-30,3,No priority to vehicle,Slight Injury,Governmental,Unknown,Normal,Not a Pedestrian,Slight Injury
15:30:00,Tuesday,18-30,Male,2-5yr,Other,School areas,Asphalt roads,Wet or damp,Rain,Daylight,Collision with pedestrians,2,4,Going straight,na,No Casualty,na,No priority to vehicle,Slight Injury,Owner,1-2yr,No Casualty,Not a Pedestrian,No Casualty
16:05:00,Sunday,31-50,Male,5-10yr,Automobile,Residential areas,Asphalt roads,Dry,Normal,Daylight,Vehicle with vehicle collision,1,1,Going straight,Female,31-50,3,Changing lane to the left,Serious Injury,Owner,Below 1yr,Normal,Not a Pedestrian,Slight Injury
19:38:00,Thursday,18-30,Female,2-5yr,Pick up upto 10Q,Office areas,Asphalt roads,Dry,Unknown,Daylight,Vehicle with vehicle collision,1,1,Going straight,na,No Casualty,na,Changing lane to the right,Serious Injury,Owner,Unknown,Normal,Not a Pedestrian,No Casualty
21:45:00,Friday,18-30,Male,2-5yr,Motorcycle,Rural village areas,Asphalt roads,Wet or damp,Rain,Darkness - no lighting,Collision with pedestrians,1,1,Going straight,na,No Casualty,na,Changing lane to the right,Serious Injury,Owner,Unknown,No Casualty,Not a Pedestrian,No Casualty
18:50:00,Friday,18-30,Male,Above 10yr,Automobile,Other,Asphalt roads,Dry,Normal,Daylight,Collision with pedestrians,2,1,Going straight,Female,Over 51,3,Changing lane to the left,Slight Injury,Owner,Unknown,No Casualty,Not a Pedestrian,Slight Injury
18:50:00,Friday,Under 18,Male,1-2yr,Pick up upto 10Q,Residential areas,Asphalt roads,Dry,Normal,Daylight,Vehicle with vehicle collision,2,1,Going straight,Male,Over 51,3,Changing lane to the left,Slight Injury,Owner,Unknown,No Casualty,Not a Pedestrian,Slight Injury
18:15:00,Thursday,18-30,Male,1-2yr,Motorcycle,Office areas,Asphalt roads,Dry,Normal,Daylight,Vehicle with vehicle collision,2,1,Other,Male,Over 51,3,Getting off the vehicle improperly,Slight Injury,Owner,Unknown,Normal,Not a Pedestrian,Slight Injury
18:15:00,Thursday,18-30,Male,5-10yr,Stationwagen,Office areas,Asphalt roads,Dry,Normal,Daylight,Vehicle with vehicle collision,2,1,Going straight,na,No Casualty,na,Overtaking,Slight Injury,Owner,Unknown,No Casualty,Not a Pedestrian,No Casualty
08:25:00,Thursday,Over 51,Male,1-2yr,Lorry (41-100Q),Residential areas,Asphalt roads,Dry,Normal,Daylight,Vehicle with vehicle collision,1,1,Reversing,na,No Casualty,na,Changing lane to the left,Slight Injury,Owner,Unknown,No Casualty,Not a Pedestrian,No Casualty
21:05:00,Tuesday,18-30,Male,5-10yr,Taxi,Office areas,Asphalt roads,Wet or damp,Normal,Darkness - lights lit,Vehicle with vehicle collision,2,2,Going straight,na,No Casualty,na,Driving under the influence of drugs,Slight Injury,Owner,Unknown,Normal,Not a Pedestrian,No Casualty
21:05:00,Tuesday,18-30,Male,Above 10yr,Automobile,Office areas,Asphalt roads,Wet or damp,Normal,Darkness - lights lit,Collision with roadside objects,2,2,Reversing,Male,18-30,3,Driving carelessly,Slight Injury,Owner,Unknown,Normal,Not a Pedestrian,Slight Injury
19:00:00,Thursday,31-50,Male,Above 10yr,Long lorry,Office areas,Asphalt roads,Dry,Normal,Daylight,Vehicle with vehicle collision,1,1,Going straight,Male,Over 51,3,Moving Backward,Serious Injury,Owner,Unknown,Normal,Not a Pedestrian,Slight Injury
07:10:00,Friday,18-30,Male,5-10yr,Automobile,Office areas,Asphalt roads,Dry,Normal,Daylight,Vehicle with vehicle collision,2,1,Reversing,na,No Casualty,na,No distancing,Slight Injury,Owner,Unknown,Normal,Not a Pedestrian,No Casualty
07:10:00,Friday,Over 51,Male,2-5yr,Public (12 seats),Other,Asphalt roads,Dry,Normal,Daylight,Vehicle with vehicle collision,2,1,Going straight,na,No Casualty,na,No priority to vehicle,Slight Injury,Owner,Unknown,No Casualty,Not a Pedestrian,No Casualty
19:40:00,Monday,Under 18,Male,2-5yr,Lorry (11-40Q),Other,Asphalt roads,Dry,Normal,Daylight,Vehicle with vehicle collision,1,1,Going straight,Male,31-50,3,Overturning,Serious Injury,Owner,Unknown,Normal,Not a Pedestrian,Slight Injury
19:52:00,Sunday,Under 18,Male,Below 1yr,Pick up upto 10Q,Other,Asphalt roads,Dry,Normal,Darkness - lights lit,Vehicle with vehicle collision,2,1,Reversing,na,No Casualty,na,Changing lane to the left,Slight Injury,Owner,2-5yrs,No Casualty,Not a Pedestrian,No Casualty
19:52:00,Sunday,18-30,Male,2-5yr,Lorry (41-100Q),Residential areas,Asphalt roads,Dry,Normal,Darkness - lights lit,Vehicle with vehicle collision,2,1,Other,Female,Under 18,3,No distancing,Slight Injury,Owner,2-5yrs,No Casualty,Crossing from nearside - masked by parked or statioNot a Pedestrianry vehicle,Slight Injury
15:25:00,Tuesday,18-30,Male,2-5yr,Other,School areas,Asphalt roads,Dry,Normal,Daylight,Vehicle with vehicle collision,1,1,Going straight,Male,31-50,3,Moving Backward,Serious Injury,Owner,2-5yrs,No Casualty,Not a Pedestrian,Slight Injury
15:00:00,Thursday,31-50,Male,5-10yr,Automobile,Residential areas,Asphalt roads,Dry,Normal,Daylight,Vehicle with vehicle collision,2,1,Going straight,Female,Under 18,3,No priority to vehicle,Slight Injury,Owner,2-5yrs,No Casualty,Not a Pedestrian,Slight Injury
15:00:00,Thursday,Over 51,Male,Above 10yr,Long lorry,Office areas,Asphalt roads,Dry,Normal,Daylight,Vehicle with vehicle collision,2,1,Going straight,na,No Casualty,na,No priority to vehicle,Slight Injury,Owner,2-5yrs,No Casualty,Not a Pedestrian,No Casualty
12:00:00,Friday,Over 51,Male,5-10yr,Lorry (11-40Q),Church areas,Asphalt roads,Dry,Normal,Daylight,Vehicle with vehicle collision,1,1,Moving Backward,Female,18-30,2,No distancing,Slight Injury,Owner,Unknown,Normal,Not a Pedestrian,Serious Injury
09:00:00,Monday,18-30,Male,2-5yr,Long lorry,Other,Asphalt roads,Wet or damp,Normal,Daylight,Vehicle with vehicle collision,2,1,Going straight,na,No Casualty,na,No distancing,Slight Injury,Owner,Unknown,Normal,Not a Pedestrian,No Casualty
09:00:00,Monday,31-50,Male,5-10yr,Automobile,Other,Asphalt roads,Wet or damp,Normal,Daylight,Vehicle with vehicle collision,2,1,Going straight,Male,31-50,3,Overtaking,Slight Injury,Owner,2-5yrs,Normal,Not a Pedestrian,Slight Injury
17:22:00,Friday,Over 51,Male,2-5yr,Taxi,Other,Asphalt roads,Dry,Normal,Daylight,Vehicle with vehicle collision,2,1,Going straight,Female,31-50,2,Driving under the influence of drugs,Serious Injury,Owner,5-10yrs,Normal,Not a Pedestrian,Serious Injury
17:22:00,Friday,31-50,Male,5-10yr,Taxi,Other,Asphalt roads,Dry,Normal,Daylight,Vehicle with vehicle collision,2,1,Going straight,Female,18-30,3,Changing lane to the right,Serious Injury,Owner,Unknown,Normal,Not a Pedestrian,Slight Injury
14:20:00,Monday,18-30,Male,1-2yr,Long lorry,Office areas,Asphalt roads,Dry,Normal,Daylight,Vehicle with vehicle collision,2,1,Other,Male,Under 18,3,Changing lane to the left,Serious Injury,Owner,Unknown,Normal,Not a Pedestrian,Slight Injury
14:20:00,Monday,18-30,Male,2-5yr,Lorry (11-40Q),Office areas,Asphalt roads,Dry,Normal,Daylight,Collision with roadside objects,2,1,Going straight,Male,31-50,3,Driving carelessly,Serious Injury,Owner,Unknown,No Casualty,Not a Pedestrian,Slight Injury
13:40:00,Friday,31-50,Male,Above 10yr,Lorry (11-40Q),Residential areas,Asphalt roads,Dry,Normal,Daylight,Vehicle with vehicle collision,2,1,Going straight,Female,31-50,3,Moving Backward,Serious Injury,Owner,Unknown,Normal,Not a Pedestrian,Slight Injury
13:40:00,Friday,18-30,Male,Below 1yr,Long lorry,Office areas,Asphalt roads,Dry,Normal,Daylight,Vehicle with vehicle collision,2,1,Turnover,na,No Casualty,na,Moving Backward,Serious Injury,Owner,Unknown,No Casualty,Not a Pedestrian,No Casualty
17:40:00,Thursday,18-30,Male,2-5yr,Turbo,Residential areas,Asphalt roads,Dry,Normal,Daylight,Vehicle with vehicle collision,2,2,Going straight,Male,18-30,3,Changing lane to the right,Slight Injury,Owner,Unknown,Normal,Not a Pedestrian,Slight Injury
17:40:00,Thursday,31-50,Male,Below 1yr,Long lorry,Office areas,Asphalt roads,Dry,Normal,Daylight,Vehicle with vehicle collision,2,2,Moving Backward,Male,18-30,3,No priority to vehicle,Slight Injury,Owner,Unknown,Normal,Not a Pedestrian,Slight Injury
17:40:00,Thursday,31-50,Male,5-10yr,Long lorry,Other,Asphalt roads,Dry,Normal,Daylight,Collision with pedestrians,2,2,Moving Backward,Male,18-30,3,Overspeed,Slight Injury,Owner,Unknown,Normal,Not a Pedestrian,Slight Injury
11:40:00,Tuesday,18-30,Male,1-2yr,Public (13-45 seats),Office areas,Asphalt roads,Wet or damp,Normal,Daylight,Vehicle with vehicle collision,2,2,Going straight,Male,18-30,3,Driving under the influence of drugs,Slight Injury,Owner,Unknown,No Casualty,Not a Pedestrian,Slight Injury
11:40:00,Tuesday,18-30,Male,Below 1yr,Automobile,School areas,Asphalt roads,Wet or damp,Normal,Daylight,Vehicle with vehicle collision,2,2,Other,Male,Under 18,3,Changing lane to the right,Slight Injury,Owner,Unknown,No Casualty,Not a Pedestrian,Slight Injury
11:40:00,Tuesday,18-30,Male,5-10yr,Automobile,Residential areas,Asphalt roads,Wet or damp,Normal,Daylight,Vehicle with vehicle collision,2,2,Going straight,Male,Under 18,3,Driving carelessly,Slight Injury,Owner,Unknown,Normal,Not a Pedestrian,Slight Injury
08:20:00,Tuesday,Under 18,Male,Below 1yr,Pick up upto 10Q,Office areas,Asphalt roads,Dry,Normal,Daylight,Vehicle with vehicle collision,2,1,Going straight,na,No Casualty,na,No distancing,Slight Injury,Owner,Unknown,Normal,Not a Pedestrian,No Casualty
08:20:00,Tuesday,31-50,Male,Below 1yr,Automobile,Residential areas,Asphalt roads,Dry,Normal,Daylight,Vehicle with vehicle collision,2,1,Going straight,na,No Casualty,na,Changing lane to the left,Slight Injury,Owner,Unknown,Normal,Not a Pedestrian,No Casualty
09:30:00,Tuesday,Over 51,Male,5-10yr,Stationwagen,Office areas,Asphalt roads,Dry,Normal,Daylight,Vehicle with vehicle collision,2,1,Going straight,Male,18-30,3,No distancing,Slight Injury,Owner,Unknown,Normal,"In carriageway, statioNot a Pedestrianry - not crossing  (standing or playing)",Slight Injury
09:30:00,Tuesday,18-30,Female,2-5yr,Automobile,Office areas,Asphalt roads,Dry,Normal,Daylight,Vehicle with vehicle collision,2,1,Going straight,Male,18-30,3,No distancing,Slight Injury,Owner,2-5yrs,Normal,Not a Pedestrian,Slight Injury
14:45:00,Wednesday,Under 18,Male,Above 10yr,Automobile,Residential areas,Asphalt roads,Dry,Normal,Daylight,Vehicle with vehicle collision,2,1,Going straight,na,No Casualty,na,Getting off the vehicle improperly,Serious Injury,Owner,Unknown,Normal,Not a Pedestrian,No Casualty
14:45:00,Wednesday,Under 18,Male,Above 10yr,Automobile,Other,Asphalt roads,Dry,Normal,Daylight,Collision with pedestrians,2,1,Going straight,Male,Over 51,3,Overtaking,Serious Injury,Owner,Unknown,Normal,Not a Pedestrian,Slight Injury
18:45:00,Thursday,31-50,Male,5-10yr,Long lorry,Industrial areas,Asphalt roads,Dry,Normal,Daylight,Vehicle with vehicle collision,2,1,Going straight,Male,18-30,3,Driving carelessly,Serious Injury,Owner,Above 10yr,No Casualty,Not a Pedestrian,Slight Injury
18:45:00,Thursday,31-50,Male,1-2yr,Public (13-45 seats),Office areas,Asphalt roads,Dry,Normal,Daylight,Vehicle with vehicle collision,2,1,Other,na,No Casualty,na,Driving under the influence of drugs,Serious Injury,Owner,Unknown,No Casualty,Not a Pedestrian,No Casualty
07:35:00,Monday,Over 51,Male,Below 1yr,Public (13-45 seats),Recreational areas,Asphalt roads,Wet or damp,Rain,Daylight,Vehicle with vehicle collision,3,2,Going straight,Female,Over 51,3,Moving Backward,Serious Injury,Organization,Unknown,No Casualty,Not a Pedestrian,Slight Injury
07:35:00,Monday,18-30,Male,Below 1yr,Lorry (11-40Q),Residential areas,Asphalt roads,Wet or damp,Rain,Daylight,Vehicle with vehicle collision,3,2,Overtaking,na,No Casualty,na,Overturning,Serious Injury,Owner,1-2yr,Normal,Not a Pedestrian,No Casualty
07:35:00,Monday,31-50,Male,2-5yr,Lorry (11-40Q),Residential areas,Asphalt roads,Wet or damp,Rain,Daylight,Collision with roadside objects,3,2,Going straight,Female,18-30,3,Driving under the influence of drugs,Serious Injury,Owner,Above 10yr,Normal,Not a Pedestrian,Slight Injury
15:10:00,Wednesday,18-30,Male,1-2yr,Pick up upto 10Q,Church areas,Asphalt roads,Dry,Normal,Daylight,Vehicle with vehicle collision,1,1,Going straight,Female,18-30,3,Changing lane to the right,Serious Injury,Owner,5-10yrs,Normal,Not a Pedestrian,Slight Injury
10:40:00,Friday,31-50,Male,5-10yr,Automobile,Residential areas,Asphalt roads,Dry,Normal,Daylight,Vehicle with vehicle collision,2,1,Going straight,na,No Casualty,na,Changing lane to the left,Slight Injury,Owner,5-10yrs,Normal,Not a Pedestrian,No Casualty
10:40:00,Friday,31-50,Male,2-5yr,Automobile,Other,Asphalt roads,Dry,Normal,Daylight,Vehicle with vehicle collision,2,1,U-Turn,Female,Over 51,3,No distancing,Slight Injury,Owner,Unknown,No Casualty,Unknown or other,Slight Injury
17:20:00,Tuesday,31-50,Male,5-10yr,Automobile,Other,Asphalt roads,Wet or damp,Normal,Daylight,Vehicle with vehicle collision,2,1,Going straight,na,No Casualty,na,No distancing,Slight Injury,Owner,5-10yrs,Normal,Not a Pedestrian,No Casualty
17:20:00,Tuesday,18-30,Male,Above 10yr,Long lorry,Other,Asphalt roads,Wet or damp,Normal,Daylight,Vehicle with vehicle collision,2,1,Going straight,Female,31-50,3,No priority to vehicle,Slight Injury,Owner,Unknown,Normal,Not a Pedestrian,Slight Injury
19:00:00,Thursday,18-30,Male,5-10yr,Long lorry,Church areas,Asphalt roads,Dry,Normal,Darkness - lights unlit,Vehicle with vehicle collision,2,1,Going straight,na,No Casualty,na,Moving Backward,Slight Injury,Owner,Unknown,Normal,Not a Pedestrian,No Casualty
19:00:00,Thursday,31-50,Male,5-10yr,Automobile,Other,Asphalt roads,Dry,Normal,Darkness - lights unlit,Vehicle with vehicle collision,2,1,Going straight,Male,18-30,3,Moving Backward,Slight Injury,Governmental,Unknown,Normal,Not a Pedestrian,Slight Injury
06:20:00,Friday,Over 51,Male,5-10yr,Stationwagen,Church areas,Asphalt roads,Wet or damp,Normal,Darkness - lights lit,Collision with roadside objects,2,1,Turnover,Female,Under 18,3,Getting off the vehicle improperly,Slight Injury,Owner,Unknown,Normal,Crossing from nearside - masked by parked or statioNot a Pedestrianry vehicle,Slight Injury
06:20:00,Friday,31-50,Male,Above 10yr,Automobile,Church areas,Asphalt roads,Wet or damp,Normal,Darkness - lights lit,Vehicle with vehicle collision,2,1,Going straight,Female,31-50,3,Changing lane to the left,Slight Injury,Owner,Unknown,Normal,Crossing from nearside - masked by parked or statioNot a Pedestrianry vehicle,Slight Injury
02:30:00,Sunday,18-30,Male,1-2yr,Other,Other,Asphalt roads,Dry,Normal,Darkness - lights lit,Vehicle with vehicle collision,1,2,Going straight,Female,18-30,3,Changing lane to the left,Slight Injury,Owner,Above 10yr,Normal,Not a Pedestrian,Slight Injury
02:30:00,Sunday,18-30,Male,2-5yr,Special vehicle,Other,Asphalt roads,Dry,Normal,Darkness - lights lit,Vehicle with vehicle collision,1,2,Moving Backward,na,No Casualty,na,No priority to vehicle,Slight Injury,Governmental,5-10yrs,Normal,Not a Pedestrian,No Casualty
08:35:00,Friday,Under 18,Male,1-2yr,Lorry (41-100Q),School areas,Asphalt roads,Dry,Normal,Daylight,Vehicle with vehicle collision,2,1,Going straight,Female,18-30,3,Changing lane to the right,Serious Injury,Owner,5-10yrs,Normal,Crossing from nearside - masked by parked or statioNot a Pedestrianry vehicle,Slight Injury
08:35:00,Friday,18-30,Male,5-10yr,Pick up upto 10Q,Residential areas,Asphalt roads,Dry,Normal,Daylight,Rollover,2,1,Moving Backward,Female,18-30,3,Changing lane to the right,Serious Injury,Owner,Above 10yr,Normal,Not a Pedestrian,Slight Injury
07:00:00,Thursday,18-30,Male,5-10yr,Lorry (11-40Q),Other,Asphalt roads,Wet or damp,Normal,Darkness - lights lit,Vehicle with vehicle collision,1,1,Going straight,na,No Casualty,na,Driving carelessly,Serious Injury,Owner,1-2yr,Normal,Not a Pedestrian,No Casualty
10:20:00,Thursday,Over 51,Male,5-10yr,Lorry (41-100Q),Office areas,Asphalt roads,Dry,Normal,Daylight,Vehicle with vehicle collision,2,2,Going straight,Male,18-30,3,Changing lane to the left,Slight Injury,Owner,Above 10yr,No Casualty,Not a Pedestrian,Slight Injury
10:20:00,Thursday,Over 51,Male,Above 10yr,Motorcycle,Residential areas,Asphalt roads,Dry,Normal,Daylight,Collision with roadside objects,2,2,Going straight,Female,Under 18,3,Changing lane to the right,Slight Injury,Owner,Above 10yr,Normal,Crossing from nearside - masked by parked or statioNot a Pedestrianry vehicle,Slight Injury
10:20:00,Thursday,Over 51,Male,2-5yr,Automobile,Other,Asphalt roads,Dry,Normal,Daylight,Vehicle with vehicle collision,2,2,Going straight,Male,Over 51,2,Driving under the influence of drugs,Slight Injury,Owner,Above 10yr,Normal,Not a Pedestrian,Serious Injury
18:18:00,Friday,18-30,Male,Above 10yr,Automobile,Residential areas,Gravel roads,Dry,Normal,Darkness - lights lit,Vehicle with vehicle collision,2,3,U-Turn,Male,Under 18,3,Driving carelessly,Serious Injury,Owner,Above 10yr,Normal,Not a Pedestrian,Slight Injury
18:18:00,Friday,31-50,Male,2-5yr,Automobile,Residential areas,Asphalt roads,Dry,Normal,Darkness - lights lit,Vehicle with vehicle collision,2,3,Going straight,na,No Casualty,na,No distancing,Serious Injury,Owner,5-10yrs,Normal,Not a Pedestrian,No Casualty
18:18:00,Friday,31-50,Male,5-10yr,Stationwagen,Residential areas,Asphalt roads,Dry,Normal,Darkness - lights lit,Collision with roadside objects,2,3,Going straight,Male,18-30,3,No priority to vehicle,Serious Injury,Owner,Unknown,Normal,Not a Pedestrian,Slight Injury
18:18:00,Friday,31-50,Male,5-10yr,Automobile,Other,Asphalt roads,Dry,Normal,Darkness - lights lit,Collision with roadside objects,2,3,Going straight,na,No Casualty,na,No priority to vehicle,Serious Injury,Owner,1-2yr,Normal,Not a Pedestrian,No Casualty
08:40:00,Wednesday,31-50,Male,5-10yr,Public (> 45 seats),Other,Asphalt roads,Dry,Normal,Daylight,Vehicle with vehicle collision,1,1,Going straight,Male,31-50,3,No priority to vehicle,Slight Injury,Owner,5-10yrs,No Casualty,Not a Pedestrian,Slight Injury
02:40:00,Friday,18-30,Male,5-10yr,Public (> 45 seats),Other,Asphalt roads,Dry,Normal,Darkness - lights lit,Vehicle with vehicle collision,1,1,Going straight,na,No Casualty,na,Changing lane to the left,Slight Injury,Owner,5-10yrs,Normal,Not a Pedestrian,No Casualty
17:02:00,Monday,31-50,Male,Above 10yr,Stationwagen,Hospital areas,Asphalt roads,Dry,Normal,Daylight,Collision with roadside objects,2,1,Going straight,Male,Under 18,3,Moving Backward,Slight Injury,Owner,1-2yr,No Casualty,Not a Pedestrian,Slight Injury
17:02:00,Monday,18-30,Male,Below 1yr,Automobile,Residential areas,Asphalt roads,Dry,Normal,Daylight,Collision with roadside objects,2,1,Stopping,Male,18-30,3,Driving carelessly,Slight Injury,Owner,2-5yrs,No Casualty,Not a Pedestrian,Slight Injury
18:00:00,Wednesday,31-50,Male,5-10yr,Bicycle,Residential areas,Asphalt roads,Dry,Normal,Darkness - lights lit,Vehicle with vehicle collision,2,1,Turnover,na,No Casualty,na,Driving under the influence of drugs,Slight Injury,Owner,5-10yrs,No Casualty,Not a Pedestrian,No Casualty
18:00:00,Wednesday,31-50,Male,1-2yr,Automobile,Residential areas,Asphalt roads,Dry,Normal,Darkness - lights lit,Collision with pedestrians,2,1,Getting off,na,No Casualty,na,Changing lane to the right,Slight Injury,Owner,5-10yrs,Normal,Not a Pedestrian,No Casualty
19:15:00,Friday,31-50,Male,5-10yr,Lorry (41-100Q),Other,Asphalt roads with some distress,Dry,Normal,Darkness - lights lit,Vehicle with vehicle collision,2,1,Moving Backward,Male,18-30,3,No priority to vehicle,Slight Injury,Owner,1-2yr,Normal,Not a Pedestrian,Slight Injury
19:15:00,Friday,Over 51,Male,Above 10yr,Automobile,Office areas,Asphalt roads,Dry,Normal,Darkness - lights lit,Vehicle with vehicle collision,2,1,Moving Backward,Male,31-50,3,Changing lane to the right,Slight Injury,Owner,1-2yr,Normal,Not a Pedestrian,Slight Injury
20:40:00,Tuesday,31-50,Male,2-5yr,Public (13-45 seats),Other,Asphalt roads,Dry,Normal,Darkness - lights lit,Vehicle with vehicle collision,1,1,Going straight,Male,Under 18,3,Driving to the left,Slight Injury,Owner,2-5yrs,Normal,Not a Pedestrian,Slight Injury
17:35:00,Wednesday,31-50,Male,1-2yr,Special vehicle,Office areas,Asphalt roads,Wet or damp,Rain,Darkness - lights lit,Vehicle with vehicle collision,2,1,Turnover,na,No Casualty,na,Moving Backward,Slight Injury,Owner,Unknown,Normal,Not a Pedestrian,No Casualty
17:35:00,Wednesday,18-30,Male,1-2yr,Automobile,Residential areas,Asphalt roads,Wet or damp,Rain,Darkness - lights lit,Vehicle with vehicle collision,2,1,Going straight,na,No Casualty,na,No priority to vehicle,Slight Injury,Owner,Unknown,Normal,Not a Pedestrian,No Casualty
08:01:00,Thursday,31-50,Male,2-5yr,Public (13-45 seats),Office areas,Asphalt roads,Dry,Normal,Daylight,Collision with roadside objects,2,1,Going straight,Female,18-30,3,No distancing,Slight Injury,Owner,Unknown,Normal,Not a Pedestrian,Slight Injury
08:01:00,Thursday,31-50,Male,Above 10yr,Automobile,Office areas,Asphalt roads,Dry,Normal,Daylight,Collision with roadside objects,2,1,U-Turn,na,No Casualty,na,Driving carelessly,Slight Injury,Owner,Unknown,Normal,Not a Pedestrian,No Casualty
10:25:00,Monday,Over 51,Male,2-5yr,Lorry (41-100Q),Other,Asphalt roads,Dry,Normal,Daylight,Vehicle with vehicle collision,2,1,Going straight,Male,18-30,2,Changing lane to the left,Slight Injury,Organization,Unknown,Normal,Not a Pedestrian,Serious Injury
10:25:00,Monday,18-30,Male,5-10yr,Lorry (41-100Q),Office areas,Asphalt roads,Dry,Normal,Daylight,Vehicle with vehicle collision,2,1,Going straight,Male,31-50,3,No priority to vehicle,Slight Injury,Owner,Unknown,No Casualty,Not a Pedestrian,Slight Injury
11:30:00,Friday,Over 51,Male,Below 1yr,Public (12 seats),Office areas,Asphalt roads,Wet or damp,Normal,Daylight,Vehicle with vehicle collision,1,1,U-Turn,na,No Casualty,na,No priority to vehicle,Slight Injury,Owner,Unknown,Normal,Not a Pedestrian,No Casualty
07:45:00,Thursday,Over 51,Male,5-10yr,Lorry (41-100Q),Office areas,Asphalt roads,Dry,Normal,Daylight,Vehicle with vehicle collision,2,1,Stopping,na,No Casualty,na,No distancing,Slight Injury,Governmental,Unknown,Normal,Not a Pedestrian,No Casualty
07:45:00,Thursday,Over 51,Male,Above 10yr,Lorry (41-100Q),Other,Asphalt roads,Dry,Normal,Daylight,Vehicle with vehicle collision,2,1,Going straight,Male,31-50,3,Driving to the left,Slight Injury,Owner,Unknown,Normal,Not a Pedestrian,Slight Injury
17:58:00,Monday,18-30,Male,5-10yr,Public (12 seats),Residential areas,Asphalt roads,Wet or damp,Normal,Darkness - lights lit,Vehicle with vehicle collision,2,2,Moving Backward,na,No Casualty,na,Driving carelessly,Slight Injury,Owner,Unknown,Normal,Not a Pedestrian,No Casualty
17:58:00,Monday,18-30,Male,1-2yr,Public (> 45 seats),Residential areas,Asphalt roads,Wet or damp,Normal,Darkness - lights lit,Vehicle with vehicle collision,2,2,Getting off,Male,18-30,3,Driving carelessly,Slight Injury,Owner,2-5yrs,No Casualty,Not a Pedestrian,Slight Injury
17:32:00,Tuesday,18-30,Male,5-10yr,Automobile,Church areas,Asphalt roads,Dry,Normal,Daylight,Vehicle with vehicle collision,3,1,Going straight,Female,18-30,3,Changing lane to the right,Slight Injury,Owner,5-10yrs,Normal,Crossing from nearside - masked by parked or statioNot a Pedestrianry vehicle,Slight Injury
17:32:00,Tuesday,18-30,Male,1-2yr,Pick up upto 10Q,Other,Asphalt roads,Dry,Normal,Daylight,Vehicle with vehicle collision,3,1,Going straight,Male,31-50,3,Driving carelessly,Slight Injury,Owner,5-10yrs,Normal,Not a Pedestrian,Slight Injury
17:32:00,Tuesday,18-30,Male,Above 10yr,Stationwagen,Residential areas,Asphalt roads,Dry,Normal,Daylight,Vehicle with vehicle collision,3,1,Turnover,Female,31-50,3,Changing lane to the left,Slight Injury,Owner,Unknown,Normal,Not a Pedestrian,Slight Injury
08:50:00,Wednesday,Over 51,Male,1-2yr,Other,Other,Asphalt roads,Dry,Normal,Daylight,Other,2,1,Moving Backward,Female,18-30,3,Driving carelessly,Slight Injury,Owner,2-5yrs,Normal,Not a Pedestrian,Slight Injury
08:50:00,Wednesday,Over 51,Male,5-10yr,Automobile,Residential areas,Asphalt roads,Dry,Normal,Daylight,Vehicle with vehicle collision,2,1,Going straight,Female,31-50,3,Driving carelessly,Slight Injury,Owner,2-5yrs,Normal,Not a Pedestrian,Slight Injury