Time,Day_of_week,Age_band_of_driver,Sex_of_driver,Driving_experience,Type_of_vehicle,Area_accident_occured,Road_surface_type,Road_surface_conditions,Weather_conditions,Light_conditions,Type_of_collision,Number_of_vehicles_involved,Number_of_casualties,Vehicle_movement,Sex_of_casualty,Age_band_of_casualty,Casualty_severity,Cause_of_accident,Accident_severity,Owner_of_vehicle,Service_year_of_vehicle,Fitness_of_casuality,Pedestrian_movement,Casualty_severity_label
15:50:00,Thursday,18-30,Female,2-5yr,Automobile,Office areas,Asphalt roads,Wet or damp,Normal,Daylight,Collision with roadside objects,1,1,Going straight,Male,18-30,3,Driving under the influence of drugs,Serious Injury,Owner,Unknown,Normal,Not a Pedestrian,Slight Injury
20:00:00,Friday,18-30,Male,5-10yr,Automobile,Residential areas,Asphalt roads,Dry,Unknown,Darkness - lights lit,Vehicle with vehicle collision,1,2,Going straight,Male,18-30,3,Driving carelessly,Serious Injury,Owner,Above 10yr,Normal,Not a Pedestrian,Slight Injury
20:00:00,Friday,18-30,Male,5-10yr,Taxi,Residential areas,Asphalt roads,Dry,Unknown,Darkness - lights lit,Vehicle with vehicle collision,1,2,Turnover,Male,18-30,2,No distancing,Serious Injury,Owner,5-10yrs,Normal,Not a Pedestrian,Serious Injury
15:15:00,Tuesday,Over 51,Male,Above 10yr,Lorry (41-100Q),Other,Asphalt roads,Dry,Normal,Daylight,Vehicle with vehicle collision,1,1,Entering a junction,Female,Under 18,3,No priority to vehicle,Slight Injury,Owner,Unknown,Normal,Not a Pedestrian,Slight Injury
19:50:00,Wednesday,Over 51,Male,5-10yr,Other,Church areas,Asphalt roads,Wet or damp,Normal,Darkness - lights lit,Vehicle with vehicle collision,2,1,Entering a junction,na,No Casualty,na,Overspeed,Slight Injury,Owner,5-10yrs,Normal,Not a Pedestrian,No Casualty
19:50:00,Wednesday,31-50,Male,Above 10yr,Automobile,Recreational areas,Asphalt roads,Wet or damp,Normal,Darkness - lights lit,Collision with pedestrians,2,1,Entering a junction,na,No Casualty,na,Driving under the influence of drugs,Slight Injury,Owner,Unknown,Normal,Not a Pedestrian,No Casualty
15:05:00,Friday,18-30,Male,Below 1yr,Public (> 45 seats),Industrial areas,Asphalt roads,Wet or damp,Normal,Daylight,Vehicle with vehicle collision,1,1,Entering a junction,Male,31-50,3,Changing lane to the right,Slight Injury,Owner,Unknown,No Casualty,Not a Pedestrian,Slight Injury
16:55:00,Friday,Over 51,Male,5-10yr,Stationwagen,Residential areas,Asphalt roads,Dry,Normal,Daylight,Vehicle with vehicle collision,1,1,Other,Female,18-30,3,Changing lane to the right,Serious Injury,Owner,Unknown,Normal,Unknown or other,Slight Injury
17:06:00,Tuesday,Over 51,Male,1-2yr,Automobile,Residential areas,Asphalt roads,Dry,Normal,Darkness - lights lit,Vehicle with vehicle collision,1,1,Entering a junction,na,No Casualty,na,Changing lane to the right,Serious Injury,Owner,Above 10yr,Normal,Not a Pedestrian,No Casualty
13:00:00,Friday,Over 51,Male,5-10yr,Lorry (41-100Q),Office areas,Asphalt roads,Dry,Normal,Daylight,Vehicle with vehicle collision,3,2,Turnover,Male,18-30,3,Changing lane to the right,Slight Injury,Owner,2-5yrs,Normal,Not a Pedestrian,Slight Injury
13:00:00,Friday,Over 51,Male,5-10yr,Other,Market areas,Asphalt roads,Dry,Normal,Daylight,Vehicle with vehicle collision,3,2,Entering a junction,Male,18-30,3,Moving Backward,Slight Injury,Owner,2-5yrs,No Casualty,Unknown or other,Slight Injury
13:00:00,Friday,31-50,Male,2-5yr,Public (13-45 seats),Unknown,Asphalt roads,Dry,Normal,Daylight,Vehicle with vehicle collision,3,2,Entering a junction,Male,18-30,3,No distancing,Slight Injury,Owner,Unknown,Normal,Not a Pedestrian,Slight Injury
13:00:00,Friday,18-30,Male,5-10yr,Other,Industrial areas,Asphalt roads,Dry,Normal,Daylight,Vehicle with vehicle collision,3,2,Entering a junction,Female,18-30,3,Overspeed,Slight Injury,Owner,Unknown,Normal,Not a Pedestrian,Slight Injury
15:20:00,Thursday,18-30,Male,5-10yr,Other,Residential areas,Asphalt roads,Dry,Normal,Daylight,Vehicle with vehicle collision,1,1,Entering a junction,na,No Casualty,na,No distancing,Slight Injury,Owner,Unknown,Normal,Not a Pedestrian,No Casualty
09:15:00,Monday,18-30,Male,Above 10yr,Ridden horse,Residential areas,Asphalt roads,Dry,Normal,Daylight,Collision with pedestrians,2,1,Entering a junction,Male,Under 18,3,Driving carelessly,Serious Injury,Governmental,Below 1yr,Normal,Crossing from driver's nearside,Slight Injury
09:15:00,Monday,18-30,Female,Above 10yr,Lorry (41-100Q),Other,Asphalt roads,Dry,Normal,Daylight,Vehicle with vehicle collision,2,1,Other,Male,18-30,3,No distancing,Serious Injury,Owner,5-10yrs,Normal,Not a Pedestrian,Slight Injury
14:30:00,Friday,31-50,Male,Below 1yr,Lorry (41-100Q),Residential areas,Asphalt roads,Dry,Normal,Daylight,Vehicle with vehicle collision,3,1,Going straight,na,No Casualty,na,No distancing,Slight Injury,Governmental,Unknown,Normal,Not a Pedestrian,No Casualty
14:30:00,Friday,Over 51,Male,5-10yr,Pick up upto 10Q,Rural village areas,Asphalt roads,Dry,Normal,Daylight,Vehicle with vehicle collision,3,1,Going straight,Female,18-30,3,No distancing,Slight Injury,Owner,1-2yr,Normal,Not a Pedestrian,Slight Injury
14:30:00,Friday,31-50,Male,5-10yr,Lorry (11-40Q),Rural village areas,Asphalt roads,Dry,Normal,Daylight,Vehicle with vehicle collision,3,1,Other,na,No Casualty,na,Changing lane to the right,Slight Injury,Owner,2-5yrs,Normal,Not a Pedestrian,No Casualty
16:20:00,Sunday,Under 18,Male,2-5yr,Automobile,Office areas,Asphalt roads,Dry,Normal,Daylight,Collision with roadside objects,2,1,Going straight,Male,18-30,3,No distancing,Slight Injury,Owner,Unknown,Normal,Not a Pedestrian,Slight Injury
16:20:00,Sunday,18-30,Female,Above 10yr,Automobile,Residential areas,Asphalt roads,Dry,Normal,Daylight,Vehicle with vehicle collision,2,1,Going straight,Male,18-30,3,No priority to vehicle,Slight Injury,Owner,2-5yrs,Normal,"Walking along in carriageway, back to traffic",Slight Injury
14:10:00,Thursday,Over 51,Male,2-5yr,Pick up upto 10Q,Residential areas,Asphalt roads,Dry,Normal,Daylight,Vehicle with vehicle collision,4,1,Going straight,Female,18-30,3,Changing lane to the left,Slight Injury,Owner,Unknown,Normal,Not a Pedestrian,Slight Injury
14:10:00,Thursday,31-50,Male,Above 10yr,Automobile,Outside rural areas,Asphalt roads,Dry,Normal,Daylight,Vehicle with vehicle collision,4,1,Going straight,na,No Casualty,na,Moving Backward,Slight Injury,Owner,Unknown,Normal,Not a Pedestrian,No Casualty
14:10:00,Thursday,Under 18,Male,Below 1yr,Other,Residential areas,Asphalt roads,Dry,Normal,Daylight,Vehicle with vehicle collision,4,1,Going straight,Male,Over 51,3,Driving carelessly,Slight Injury,Owner,Above 10yr,Normal,Not a Pedestrian,Slight Injury
14:10:00,Thursday,18-30,Female,2-5yr,Lorry (41-100Q),Church areas,Asphalt roads,Dry,Normal,Daylight,Vehicle with vehicle collision,4,1,Reversing,Male,18-30,3,Changing lane to the left,Slight Injury,Owner,5-10yrs,Normal,Not a Pedestrian,Slight Injury
13:15:00,Monday,18-30,Female,5-10yr,Public (13-45 seats),Office areas,Asphalt roads,Dry,Normal,Daylight,Vehicle with vehicle collision,2,1,Moving Backward,Female,31-50,3,No priority to pedestrian,Slight Injury,Owner,Unknown,Normal,Crossing from nearside - masked by parked or statioNot a Pedestrianry vehicle,Slight Injury
13:15:00,Monday,31-50,Male,5-10yr,Pick up upto 10Q,Office areas,Asphalt roads,Dry,Normal,Daylight,Vehicle with vehicle collision,2,1,Overtaking,na,No Casualty,na,No distancing,Slight Injury,Owner,Unknown,Normal,Not a Pedestrian,No Casualty
08:45:00,Tuesday,18-30,Male,1-2yr,Stationwagen,Office areas,Asphalt roads,Wet or damp,Normal,Daylight,Collision with roadside objects,1,1,Going straight,Male,18-30,3,No distancing,Slight Injury,Governmental,Unknown,No Casualty,Not a Pedestrian,Slight Injury
00:25:00,Wednesday,Under 18,Male,5-10yr,Other,Other,Asphalt roads,Dry,Normal,Darkness - no lighting,Vehicle with vehicle collision,3,2,Going straight,Male,18-30,3,Overturning,Slight Injury,Owner,2-5yrs,Normal,Not a Pedestrian,Slight Injury
00:25:00,Wednesday,Under 18,Male,1-2yr,Pick up upto 10Q,Other,Asphalt roads,Dry,Normal,Darkness - no lighting,Vehicle with vehicle collision,3,2,Going straight,Male,18-30,3,No distancing,Slight Injury,Owner,2-5yrs,Normal,Not a Pedestrian,Slight Injury
00:25:00,Wednesday,18-30,Female,5-10yr,Public (13-45 seats),Residential areas,Asphalt roads,Dry,Normal,Darkness - no lighting,Vehicle with vehicle collision,3,2,Going straight,na,No Casualty,na,Drunk driving,Slight Injury,Owner,Unknown,Normal,Not a Pedestrian,No Casualty
00:25:00,Wednesday,18-30,Female,1-2yr,Public (12 seats),Other,Asphalt roads,Dry,Normal,Darkness - no lighting,Vehicle with vehicle collision,3,2,Going straight,Male,18-30,3,Moving Backward,Slight Injury,Owner,Unknown,Normal,Not a Pedestrian,Slight Injury
15:58:00,Wednesday,18-30,Male,5-10yr,Lorry (41-100Q),Other,Asphalt roads,Dry,Normal,Daylight,Rollover,2,1,Going straight,na,No Casualty,na,No priority to pedestrian,Slight Injury,Owner,Below 1yr,Normal,Not a Pedestrian,No Casualty
15:58:00,Wednesday,31-50,Male,2-5yr,Pick up upto 10Q,Other,Asphalt roads,Dry,Normal,Daylight,Vehicle with vehicle collision,2,1,Going straight,Male,31-50,3,Changing lane to the left,Slight Injury,Owner,5-10yrs,Normal,Not a Pedestrian,Slight Injury
08:15:00,Wednesday,31-50,Male,2-5yr,Lorry (41-100Q),Other,Asphalt roads,Dry,Other,Daylight,Vehicle with vehicle collision,2,1,Going straight,na,No Casualty,na,Changing lane to the left,Slight Injury,Governmental,5-10yrs,Normal,Not a Pedestrian,No Casualty
08:15:00,Wednesday,Over 51,Male,5-10yr,Pick up upto 10Q,Other,Asphalt roads,Dry,Other,Daylight,Collision with roadside objects,2,1,Going straight,na,No Casualty,na,Getting off the vehicle improperly,Slight Injury,Owner,2-5yrs,Normal,Not a Pedestrian,No Casualty
20:55:00,Friday,31-50,Male,Below 1yr,Long lorry,Other,Asphalt roads,Wet or damp,Normal,Darkness - lights lit,Vehicle with vehicle collision,1,2,Going straight,Male,18-30,2,No distancing,Slight Injury,Owner,Unknown,No Casualty,Not a Pedestrian,Serious Injury
20:55:00,Friday,31-50,Male,Below 1yr,Automobile,Church areas,Asphalt roads,Wet or damp,Normal,Darkness - lights lit,Vehicle with vehicle collision,1,2,Going straight,na,No Casualty,na,Changing lane to the right,Slight Injury,Owner,2-5yrs,Normal,Not a Pedestrian,No Casualty
01:18:00,Friday,18-30,Male,5-10yr,Other,Other,Asphalt roads,Dry,Normal,Darkness - lights lit,Vehicle with vehicle collision,1,4,Other,Male,31-50,3,Changing lane to the right,Slight Injury,Owner,5-10yrs,Normal,Not a Pedestrian,Slight Injury
01:18:00,Friday,18-30,Male,Below 1yr,Automobile,Industrial areas,Asphalt roads,Dry,Normal,Darkness - lights lit,Collision with roadside objects,1,4,Going straight,Male,Over 51,3,Moving Backward,Slight Injury,Organization,2-5yrs,Normal,Crossing from nearside - masked by parked or statioNot a Pedestrianry vehicle,Slight Injury
01:18:00,Friday,18-30,Male,2-5yr,Public (13-45 seats),Residential areas,Asphalt roads,Dry,Normal,Darkness - lights lit,Collision with roadside objects,1,4,Moving Backward,na,No Casualty,na,Overspeed,Slight Injury,Owner,Unknown,Normal,Not a Pedestrian,No Casualty
01:18:00,Friday,18-30,Male,2-5yr,Special vehicle,Other,Asphalt roads,Dry,Normal,Darkness - lights lit,Vehicle with vehicle collision,1,4,Other,Female,18-30,3,Changing lane to the left,Slight Injury,Governmental,Above 10yr,Normal,Not a Pedestrian,Slight Injury
21:35:00,Wednesday,18-30,Male,5-10yr,Lorry (41-100Q),Office areas,Asphalt roads,Wet or damp,Rain,Darkness - lights lit,Vehicle with vehicle collision,2,1,Going straight,Female,18-30,3,Moving Backward,Slight Injury,Owner,Unknown,Normal,Not a Pedestrian,Slight Injury
21:35:00,Wednesday,31-50,Male,5-10yr,Lorry (41-100Q),Industrial areas,Asphalt roads,Wet or damp,Rain,Darkness - lights lit,Collision with roadside objects,2,1,Going straight,na,No Casualty,na,Overtaking,Slight Injury,Owner,Unknown,Normal,Not a Pedestrian,No Casualty
08:20:00,Wednesday,31-50,Male,5-10yr,Public (> 45 seats),Industrial areas,Asphalt roads,Dry,Normal,Daylight,Collision with roadside objects,2,1,Going straight,na,No Casualty,na,Changing lane to the left,Slight Injury,Owner,1-2yr,Normal,Not a Pedestrian,No Casualty
08:20:00,Wednesday,Under 18,Male,5-10yr,Automobile,Other,Asphalt roads,Dry,Normal,Daylight,Vehicle with vehicle collision,2,1,Going straight,Male,31-50,3,Changing lane to the right,Slight Injury,Owner,Unknown,Normal,Not a Pedestrian,Slight Injury
11:30:00,Sunday,31-50,Male,5-10yr,Automobile,Hospital areas,Asphalt roads,Dry,Normal,Daylight,Vehicle with vehicle collision,3,1,Going straight,Female,18-30,3,Overtaking,Slight Injury,Organization,Above 10yr,No Casualty,Not a Pedestrian,Slight Injury
11:30:00,Sunday,Over 51,Male,2-5yr,Automobile,Office areas,Asphalt roads,Dry,Normal,Daylight,Vehicle with vehicle collision,3,1,Going straight,na,No Casualty,na,Overloading,Slight Injury,Owner,Unknown,Normal,Not a Pedestrian,No Casualty
11:30:00,Sunday,18-30,Male,5-10yr,Public (> 45 seats),Church areas,Asphalt roads,Dry,Normal,Daylight,Collision with roadside objects,3,1,Going straight,Male,31-50,3,Other,Slight Injury,Owner,2-5yrs,Normal,Not a Pedestrian,Slight Injury
07:50:00,Wednesday,31-50,Male,Below 1yr,Lorry (11-40Q),Hospital areas,Asphalt roads,Dry,Normal,Daylight,Vehicle with vehicle collision,2,1,Going straight,Female,18-30,3,No priority to vehicle,Slight Injury,Organization,5-10yrs,Normal,Not a Pedestrian,Slight Injury
07:50:00,Wednesday,18-30,Male,1-2yr,Pick up upto 10Q,Office areas,Asphalt roads,Dry,Normal,Daylight,Vehicle with vehicle collision,2,1,Going straight,na,No Casualty,na,Changing lane to the right,Slight Injury,Owner,Above 10yr,Normal,Not a Pedestrian,No Casualty
10:26:00,Wednesday,18-30,Male,2-5yr,Lorry (11-40Q),Other,Asphalt roads,Dry,Normal,Daylight,Vehicle with vehicle collision,2,1,Other,Male,31-50,3,Moving Backward,Slight Injury,Owner,2-5yrs,Normal,Not a Pedestrian,Slight Injury
10:26:00,Wednesday,Under 18,Male,2-5yr,Pick up upto 10Q,Office areas,Asphalt roads,Dry,Normal,Daylight,Rollover,2,1,Reversing,Female,31-50,3,Changing lane to the left,Slight Injury,Owner,1-2yr,Normal,Not a Pedestrian,Slight Injury
08:25:00,Wednesday,18-30,Male,5-10yr,Special vehicle,Office areas,Asphalt roads,Dry,Normal,Daylight,Vehicle with vehicle collision,1,1,Other,na,No Casualty,na,No priority to pedestrian,Slight Injury,Owner,2-5yrs,Normal,Not a Pedestrian,No Casualty
15:30:00,Wednesday,31-50,Male,5-10yr,Lorry (11-40Q),Other,Asphalt roads,Dry,Normal,Daylight,Vehicle with vehicle collision,2,1,Other,Male,Over 51,3,No distancing,Serious Injury,Owner,Unknown,Normal,Not a Pedestrian,Slight Injury
15:30:00,Wednesday,31-50,Male,5-10yr,Automobile,Office areas,Asphalt roads,Dry,Normal,Daylight,Collision with pedestrians,2,1,Reversing,Male,18-30,3,No priority to vehicle,Serious Injury,Owner,1-2yr,Normal,Not a Pedestrian,Slight Injury
11:10:00,Tuesday,Over 51,Male,Above 10yr,Automobile,Residential areas,Asphalt roads,Dry,Normal,Daylight,Vehicle with vehicle collision,1,1,Going straight,Male,18-30,3,No distancing,Slight Injury,Owner,Unknown,Normal,Unknown or other,Slight Injury
04:55:00,Friday,18-30,Male,Above 10yr,Lorry (41-100Q),Other,Asphalt roads,Dry,Normal,Darkness - lights lit,Vehicle with vehicle collision,2,1,Going straight,Male,18-30,3,No distancing,Slight Injury,Owner,Unknown,Normal,Not a Pedestrian,Slight Injury
04:55:00,Friday,31-50,Male,Above 10yr,Other,Office areas,Asphalt roads,Dry,Normal,Darkness - lights lit,Vehicle with vehicle collision,2,1,Going straight,na,No Casualty,na,Moving Backward,Slight Injury,Owner,2-5yrs,Normal,Not a Pedestrian,No Casualty
16:59:00,Thursday,18-30,Female,5-10yr,Other,Office areas,Asphalt roads,Dry,Normal,Daylight,Vehicle with vehicle collision,3,1,Going straight,Male,31-50,3,Changing lane to the right,Slight Injury,Owner,5-10yrs,Normal,Not a Pedestrian,Slight Injury
16:59:00,Thursday,18-30,Male,5-10yr,Automobile,Office areas,Asphalt roads,Dry,Normal,Daylight,Collision with roadside objects,3,1,Turnover,Male,18-30,3,No priority to pedestrian,Slight Injury,Owner,Unknown,Normal,Not a Pedestrian,Slight Injury
16:59:00,Thursday,31-50,Male,2-5yr,Other,Other,Asphalt roads,Dry,Normal,Daylight,Vehicle with vehicle collision,3,1,Going straight,na,No Casualty,na,Moving Backward,Slight Injury,Owner,5-10yrs,No Casualty,Not a Pedestrian,No Casualty
07:35:00,Monday,31-50,Male,5-10yr,Automobile,Church areas,Asphalt roads,Dry,Normal,Daylight,Vehicle with vehicle collision,2,1,Going straight,na,No Casualty,na,Getting off the vehicle improperly,Slight Injury,Owner,Unknown,Normal,Not a Pedestrian,No Casualty
07:35:00,Monday,31-50,Male,2-5yr,Public (13-45 seats),Industrial areas,Asphalt roads,Dry,Normal,Daylight,Vehicle with vehicle collision,2,1,Going straight,Female,31-50,3,Overtaking,Slight Injury,Owner,Unknown,Normal,Not a Pedestrian,Slight Injury
05:53:00,Sunday,Under 18,Male,5-10yr,Lorry (41-100Q),Office areas,Asphalt roads,Wet or damp,Normal,Daylight,Vehicle with vehicle collision,1,1,Going straight,Male,31-50,3,Overloading,Serious Injury,Owner,1-2yr,No Casualty,Not a Pedestrian,Slight Injury
12:00:00,Wednesday,31-50,Male,Above 10yr,Automobile,Church areas,Asphalt roads,Wet or damp,Rain,Daylight,Collision with roadside objects,2,1,Going straight,Male,18-30,3,Changing lane to the right,Serious Injury,Owner,Unknown,Normal,Not a Pedestrian,Slight Injury
12:00:00,Wednesday,18-30,Male,2-5yr,Automobile,Office areas,Asphalt roads,Wet or damp,Rain,Daylight,Vehicle with vehicle collision,2,1,Moving Backward,Female,18-30,3,Improper parking,Serious Injury,Owner,Unknown,Normal,Not a Pedestrian,Slight Injury
19:31:00,Friday,31-50,Male,2-5yr,Automobile,Office areas,Asphalt roads,Dry,Normal,Daylight,Collision with roadside objects,2,1,Going straight,na,No Casualty,na,Other,Slight Injury,Owner,Unknown,Normal,Not a Pedestrian,No Casualty
19:31:00,Friday,31-50,Male,Above 10yr,Lorry (41-100Q),Residential areas,Asphalt roads,Dry,Normal,Daylight,Vehicle with vehicle collision,2,1,Going straight,Male,18-30,3,Changing lane to the left,Slight Injury,Owner,Unknown,Normal,Not a Pedestrian,Slight Injury
23:30:00,Sunday,18-30,Female,1-2yr,Automobile,Office areas,Asphalt roads,Dry,Normal,Darkness - lights lit,Rollover,1,1,Turnover,na,No Casualty,na,Changing lane to the right,Slight Injury,Owner,5-10yrs,Normal,Not a Pedestrian,No Casualty
15:45:00,Thursday,Over 51,Male,Above 10yr,Lorry (41-100Q),Residential areas,Asphalt roads,Dry,Normal,Daylight,Vehicle with vehicle collision,2,1,Going straight,Male,31-50,3,No priority to pedestrian,Slight Injury,Owner,5-10yrs,Normal,Not a Pedestrian,Slight Injury
15:45:00,Thursday,Over 51,Male,5-10yr,Taxi,Office areas,Asphalt roads,Dry,Normal,Daylight,Vehicle with vehicle collision,2,1,Going straight,na,No Casualty,na,Overspeed,Slight Injury,Owner,2-5yrs,Normal,Not a Pedestrian,No Casualty
11:04:00,Sunday,Over 51,Male,5-10yr,Lorry (41-100Q),Office areas,Asphalt roads,Dry,Normal,Daylight,Vehicle with vehicle collision,2,1,Going straight,Female,18-30,3,Changing lane to the left,Slight Injury,Owner,2-5yrs,Normal,Crossing from nearside - masked by parked or statioNot a Pedestrianry vehicle,Slight Injury
11:04:00,Sunday,31-50,Male,5-10yr,Lorry (41-100Q),Other,Asphalt roads,Dry,Normal,Daylight,Vehicle with vehicle collision,2,1,Going straight,Female,18-30,3,No priority to vehicle,Slight Injury,Owner,Unknown,No Casualty,Not a Pedestrian,Slight Injury
09:55:00,Friday,18-30,Male,5-10yr,Other,Other,Asphalt roads,Dry,Normal,Daylight,Vehicle with vehicle collision,2,1,Going straight,Female,31-50,3,Changing lane to the right,Slight Injury,Owner,Unknown,Normal,Not a Pedestrian,Slight Injury
09:55:00,Friday,31-50,Male,Above 10yr,Stationwagen,Residential areas,Asphalt roads,Dry,Normal,Daylight,Collision with pedestrians,2,1,Going straight,Male,31-50,3,No distancing,Slight Injury,Owner,Above 10yr,Normal,Not a Pedestrian,Slight Injury
18:10:00,Friday,18-30,Male,1-2yr,Stationwagen,Church areas,Earth roads,Dry,Normal,Daylight,Rollover,2,2,Moving Backward,na,No Casualty,na,No priority to pedestrian,Slight Injury,Owner,Unknown,Normal,Not a Pedestrian,No Casualty
18:10:00,Friday,18-30,Male,2-5yr,Lorry (41-100Q),Church areas,Asphalt roads,Dry,Normal,Daylight,Vehicle with vehicle collision,2,2,Going straight,Male,Under 18,3,No distancing,Slight Injury,Governmental,Unknown,Normal,Not a Pedestrian,Slight Injury
08:00:00,Monday,18-30,Male,Below 1yr,Lorry (41-100Q),Residential areas,Asphalt roads,Dry,Normal,Daylight,Rollover,1,1,Going straight,na,No Casualty,na,No priority to vehicle,Slight Injury,Owner,2-5yrs,No Casualty,Not a Pedestrian,No Casualty
08:30:00,Wednesday,31-50,Male,Above 10yr,Other,Office areas,Asphalt roads,Dry,Normal,Daylight,Vehicle with vehicle collision,2,2,Going straight,Male,18-30,2,Other,Slight Injury,Owner,Unknown,Normal,Not a Pedestrian,Serious Injury
08:30:00,Wednesday,18-30,Male,1-2yr,Automobile,Office areas,Asphalt roads,Dry,Normal,Daylight,Vehicle with vehicle collision,2,2,Going straight,na,No Casualty,na,Driving carelessly,Slight Injury,Owner,5-10yrs,Normal,Not a Pedestrian,No Casualty
17:50:00,Sunday,31-50,Male,5-10yr,Automobile,Residential areas,Asphalt roads,Dry,Normal,Daylight,Vehicle with vehicle collision,4,5,Moving Backward,Male,31-50,3,Changing lane to the left,Slight Injury,Owner,2-5yrs,No Casualty,Not a Pedestrian,Slight Injury
17:50:00,Sunday,Under 18,Male,5-10yr,Taxi,Church areas,Asphalt roads,Dry,Normal,Daylight,Fall from vehicles,4,5,Going straight,Male,31-50,2,Driving carelessly,Slight Injury,Owner,5-10yrs,Normal,Not a Pedestrian,Serious Injury
17:50:00,Sunday,Under 18,Male,Below 1yr,Lorry (41-100Q),Other,Asphalt roads,Dry,Normal,Daylight,Vehicle with vehicle collision,4,5,Other,Female,31-50,3,Changing lane to the left,Slight Injury,Owner,Unknown,No Casualty,Not a Pedestrian,Slight Injury
17:50:00,Sunday,Under 18,Male,5-10yr,Other,Office areas,Asphalt roads,Dry,Normal,Daylight,Collision with roadside objects,4,5,Other,Male,18-30,3,No priority to vehicle,Slight Injury,Owner,Unknown,Normal,Not a Pedestrian,Slight Injury
17:50:00,Sunday,18-30,Male,Above 10yr,Automobile,Other,Asphalt roads,Dry,Normal,Daylight,Vehicle with vehicle collision,4,5,Going straight,Female,18-30,3,No distancing,Slight Injury,Owner,Unknown,Normal,Not a Pedestrian,Slight Injury
17:50:00,Sunday,18-30,Male,5-10yr,Public (> 45 seats),Other,Asphalt roads,Dry,Normal,Daylight,Vehicle with vehicle collision,4,5,Going straight,Male,Under 18,3,Changing lane to the right,Slight Injury,Owner,Unknown,Normal,Not a Pedestrian,Slight Injury
17:51:00,Monday,18-30,Male,1-2yr,Stationwagen,Other,Asphalt roads,Dry,Normal,Daylight,Vehicle with vehicle collision,3,1,Going straight,na,No Casualty,na,Changing lane to the right,Serious Injury,Owner,Unknown,Normal,Not a Pedestrian,No Casualty
17:51:00,Monday,Over 51,Male,2-5yr,Automobile,Residential areas,Asphalt roads,Dry,Normal,Daylight,Collision with pedestrians,3,1,Going straight,Male,18-30,3,Overspeed,Serious Injury,Governmental,2-5yrs,Normal,Not a Pedestrian,Slight Injury
17:51:00,Monday,18-30,Male,5-10yr,Lorry (41-100Q),Church areas,Asphalt roads,Dry,Normal,Daylight,Vehicle with vehicle collision,3,1,Other,na,No Casualty,na,No distancing,Serious Injury,Owner,Below 1yr,Normal,Not a Pedestrian,No Casualty
08:42:00,Thursday,31-50,Male,Above 10yr,Other,Other,Asphalt roads,Dry,Normal,Daylight,Vehicle with vehicle collision,2,2,Going straight,Male,18-30,2,Changing lane to the right,Serious Injury,Owner,Unknown,No Casualty,Not a Pedestrian,Serious Injury
08:42:00,Thursday,31-50,Male,2-5yr,Public (13-45 seats),Other,Asphalt roads,Dry,Normal,Daylight,Vehicle with vehicle collision,2,2,Getting off,Female,18-30,3,Changing lane to the left,Serious Injury,Owner,Unknown,Normal,Not a Pedestrian,Slight Injury
08:42:00,Thursday,31-50,Male,5-10yr,Other,Residential areas,Asphalt roads,Dry,Normal,Daylight,Rollover,2,2,Going straight,Female,Over 51,3,Getting off the vehicle improperly,Serious Injury,Owner,Unknown,Normal,Not a Pedestrian,Slight Injury
00:25:00,Friday,18-30,Female,2-5yr,Other,Office areas,Asphalt roads,Dry,Normal,Darkness - lights lit,Collision with roadside objects,2,3,Going straight,na,No Casualty,na,Other,Slight Injury,Owner,Unknown,No Casualty,Not a Pedestrian,No Casualty
00:25:00,Friday,18-30,Male,1-2yr,Ridden horse,Industrial areas,Asphalt roads,Dry,Normal,Darkness - lights lit,Vehicle with vehicle collision,2,3,Going straight,Male,18-30,3,Other,Slight Injury,Owner,Unknown,Normal,Not a Pedestrian,Slight Injury
00:25:00,Friday,18-30,Male,5-10yr,Lorry (41-100Q),Residential areas,Asphalt roads,Dry,Normal,Darkness - lights lit,Vehicle with vehicle collision,2,3,Going straight,na,No Casualty,na,No distancing,Slight Injury,Governmental,Unknown,Normal,Not a Pedestrian,No Casualty
00:25:00,Friday,18-30,Male,2-5yr,Lorry (41-100Q),Office areas,Asphalt roads,Dry,Normal,Darkness - lights lit,Collision with roadside objects,2,3,Going straight,Male,18-30,3,No priority to vehicle,Slight Injury,Owner,Unknown,No Casualty,Not a Pedestrian,Slight Injury
10:50:00,Sunday,Over 51,Male,5-10yr,Pick up upto 10Q,Other,Asphalt roads,Dry,Normal,Daylight,Vehicle with vehicle collision,1,1,Going straight,na,No Casualty,na,Overtaking,Slight Injury,Owner,2-5yrs,Normal,Not a Pedestrian,No Casualty
08:15:00,Wednesday,31-50,Male,5-10yr,Lorry (11-40Q),Church areas,Asphalt roads,Wet or damp,Rain,Daylight,Vehicle with vehicle collision,2,1,Moving Backward,na,No Casualty,na,No priority to pedestrian,Slight Injury,Owner,Unknown,Normal,Not a Pedestrian,No Casualty
08:15:00,Wednesday,31-50,Male,2-5yr,Automobile,Industrial areas,Asphalt roads,Wet or damp,Rain,Daylight,Vehicle with vehicle collision,2,1,Going straight,Male,31-50,3,No distancing,Slight Injury,Owner,Above 10yr,Normal,Not a Pedestrian,Slight Injury
10:58:00,Sunday,18-30,Male,2-5yr,Automobile,Recreational areas,Asphalt roads,Wet or damp,Rain,Daylight,Rollover,4,1,Other,Male,31-50,3,Changing lane to the right,Slight Injury,Owner,Unknown,Normal,Not a Pedestrian,Slight Injury
10:58:00,Sunday,31-50,Male,2-5yr,Lorry (11-40Q),Market areas,Asphalt roads,Wet or damp,Rain,Daylight,Rollover,4,1,Going straight,na,No Casualty,na,Driving carelessly,Slight Injury,Owner,Unknown,Normal,Not a Pedestrian,No Casualty