Time,Day_of_week,Age_band_of_driver,Sex_of_driver,Driving_experience,Type_of_vehicle,Area_accident_occured,Road_surface_type,Road_surface_conditions,Weather_conditions,Light_conditions,Type_of_collision,Number_of_vehicles_involved,Number_of_casualties,Vehicle_movement,Sex_of_casualty,Age_band_of_casualty,Casualty_severity,Cause_of_accident,Accident_severity,Owner_of_vehicle,Service_year_of_vehicle,Fitness_of_casuality,Pedestrian_movement,Casualty_severity_label
10:58:00,Sunday,18-30,Female,5-10yr,Motorcycle,Other,Asphalt roads,Wet or damp,Rain,Daylight,Collision with pedestrians,4,1,Going straight,Male,31-50,3,Changing lane to the right,Slight Injury,Owner,Unknown,Normal,Not a Pedestrian,Slight Injury
10:58:00,Sunday,18-30,Female,1-2yr,Lorry (41-100Q),Other,Asphalt roads,Wet or damp,Rain,Daylight,Vehicle with vehicle collision,4,1,Going straight,na,No Casualty,na,Overtaking,Slight Injury,Owner,Unknown,Normal,Not a Pedestrian,No Casualty
19:14:00,Monday,18-30,Male,2-5yr,Stationwagen,Industrial areas,Asphalt roads,Dry,Normal,Daylight,Vehicle with vehicle collision,2,2,Going straight,na,No Casualty,na,Other,Slight Injury,Owner,Unknown,No Casualty,Not a Pedestrian,No Casualty
19:14:00,Monday,18-30,Male,2-5yr,Automobile,Other,Asphalt roads,Dry,Normal,Daylight,Vehicle with vehicle collision,2,2,Going straight,Male,31-50,3,Driving to the left,Slight Injury,Governmental,2-5yrs,Normal,Not a Pedestrian,Slight Injury
19:14:00,Monday,18-30,Male,5-10yr,Other,Office areas,Asphalt roads,Dry,Normal,Daylight,Collision with pedestrians,2,2,Moving Backward,Male,Under 18,2,Overspeed,Slight Injury,Governmental,Unknown,Normal,Not a Pedestrian,Serious Injury
08:34:00,Wednesday,18-30,Male,1-2yr,Other,Other,Asphalt roads,Wet or damp,Normal,Daylight,Collision with pedestrians,1,1,Going straight,na,No Casualty,na,Unknown,Serious Injury,Owner,Unknown,Normal,Not a Pedestrian,No Casualty
14:19:00,Sunday,Over 51,Male,Below 1yr,Taxi,Office areas,Asphalt roads,Dry,Normal,Daylight,Vehicle with vehicle collision,2,1,Going straight,Male,31-50,3,Changing lane to the right,Serious Injury,Owner,Unknown,Normal,Not a Pedestrian,Slight Injury
14:19:00,Sunday,Over 51,Male,1-2yr,Automobile,Office areas,Asphalt roads,Dry,Normal,Daylight,Vehicle with vehicle collision,2,1,Going straight,Female,31-50,3,No distancing,Serious Injury,Owner,Unknown,Normal,Not a Pedestrian,Slight Injury
14:20:00,Thursday,18-30,Male,1-2yr,Long lorry,Other,Asphalt roads,Dry,Normal,Daylight,Vehicle with vehicle collision,2,1,Going straight,na,No Casualty,na,Other,Serious Injury,Organization,Unknown,Normal,Not a Pedestrian,No Casualty
14:20:00,Thursday,31-50,Male,Above 10yr,Long lorry,Other,Asphalt roads,Dry,Normal,Daylight,Collision with roadside objects,2,1,Going straight,Male,31-50,3,No priority to vehicle,Serious Injury,Governmental,2-5yrs,Normal,Not a Pedestrian,Slight Injury
12:30:00,Thursday,18-30,Male,1-2yr,Lorry (41-100Q),Other,Asphalt roads,Dry,Normal,Daylight,Vehicle with vehicle collision,2,1,Going straight,na,No Casualty,na,Changing lane to the left,Slight Injury,Owner,Unknown,Normal,Not a Pedestrian,No Casualty
12:30:00,Thursday,31-50,Male,2-5yr,Lorry (41-100Q),Other,Asphalt roads,Dry,Normal,Daylight,Collision with roadside objects,2,1,Going straight,na,No Casualty,na,No priority to pedestrian,Slight Injury,Owner,Above 10yr,Normal,Not a Pedestrian,No Casualty
13:30:00,Tuesday,Over 51,Male,2-5yr,Lorry (11-40Q),Residential areas,Asphalt roads,Dry,Normal,Daylight,Vehicle with vehicle collision,1,1,Going straight,Female,Under 18,3,Overtaking,Slight Injury,Owner,Unknown,No Casualty,Not a Pedestrian,Slight Injury
14:00:00,Friday,18-30,Male,Above 10yr,Automobile,Church areas,Asphalt roads,Wet or damp,Rain,Daylight,Vehicle with vehicle collision,1,1,Going straight,na,No Casualty,na,Driving carelessly,Slight Injury,Owner,2-5yrs,Normal,Not a Pedestrian,No Casualty
06:10:00,Friday,31-50,Male,5-10yr,Taxi,Office areas,Asphalt roads,Dry,Normal,Daylight,Collision with roadside objects,2,1,Going straight,Female,31-50,3,No priority to vehicle,Slight Injury,Owner,2-5yrs,Normal,Not a Pedestrian,Slight Injury
06:10:00,Friday,Over 51,Male,1-2yr,Other,Church areas,Asphalt roads,Dry,Normal,Daylight,Vehicle with vehicle collision,2,1,Going straight,Female,18-30,3,No priority to pedestrian,Slight Injury,Owner,2-5yrs,No Casualty,Not a Pedestrian,Slight Injury
15:30:00,Monday,18-30,Male,5-10yr,Automobile,Other,Asphalt roads,Dry,Normal,Daylight,Vehicle with vehicle collision,1,1,Other,Female,18-30,3,Changing lane to the right,Slight Injury,Owner,2-5yrs,Normal,Not a Pedestrian,Slight Injury
16:05:00,Friday,18-30,Male,2-5yr,Automobile,Other,Asphalt roads,Dry,Normal,Daylight,Collision with roadside objects,2,2,Going straight,Male,31-50,3,Driving carelessly,Serious Injury,Owner,Unknown,Normal,Not a Pedestrian,Slight Injury
16:05:00,Friday,Under 18,Male,1-2yr,Automobile,School areas,Asphalt roads,Dry,Normal,Daylight,Collision with roadside objects,2,2,Going straight,na,No Casualty,na,Changing lane to the right,Serious Injury,Owner,1-2yr,Normal,Not a Pedestrian,No Casualty
07:50:00,Wednesday,18-30,Male,Above 10yr,Automobile,Office areas,Asphalt roads,Dry,Normal,Daylight,Vehicle with vehicle collision,2,1,Going straight,Male,18-30,3,Changing lane to the right,Slight Injury,Owner,5-10yrs,Normal,Not a Pedestrian,Slight Injury
07:50:00,Wednesday,31-50,Male,2-5yr,Public (> 45 seats),Other,Asphalt roads,Dry,Normal,Daylight,Vehicle with vehicle collision,2,1,Going straight,na,No Casualty,na,Changing lane to the left,Slight Injury,Owner,Below 1yr,Normal,Not a Pedestrian,No Casualty
17:35:00,Wednesday,31-50,Male,5-10yr,Lorry (11-40Q),Office areas,Asphalt roads,Dry,Normal,Daylight,Vehicle with vehicle collision,2,1,Going straight,Male,31-50,3,Overturning,Slight Injury,Owner,Unknown,Normal,Not a Pedestrian,Slight Injury
17:35:00,Wednesday,31-50,Male,1-2yr,Lorry (41-100Q),Other,Asphalt roads,Dry,Normal,Daylight,Vehicle with vehicle collision,2,1,Going straight,na,No Casualty,na,Driving carelessly,Slight Injury,Owner,Unknown,Normal,Not a Pedestrian,No Casualty
08:15:00,Wednesday,31-50,Male,5-10yr,Lorry (41-100Q),Other,Asphalt roads,Dry,Normal,Daylight,Vehicle with vehicle collision,2,1,Moving Backward,Female,18-30,3,No distancing,Slight Injury,Owner,2-5yrs,Normal,Not a Pedestrian,Slight Injury
08:15:00,Wednesday,31-50,Male,5-10yr,Stationwagen,Office areas,Asphalt roads,Dry,Normal,Daylight,Vehicle with vehicle collision,2,1,Going straight,Female,18-30,3,Driving carelessly,Slight Injury,Owner,Unknown,Normal,Not a Pedestrian,Slight Injury
18:05:00,Sunday,31-50,Male,5-10yr,Other,Other,Asphalt roads,Dry,Normal,Daylight,Vehicle with vehicle collision,1,1,Going straight,na,No Casualty,na,Changing lane to the left,Slight Injury,Owner,Unknown,Normal,Not a Pedestrian,No Casualty
19:56:00,Thursday,31-50,Male,2-5yr,Automobile,Church areas,Asphalt roads,Dry,Normal,Daylight,Vehicle with vehicle collision,2,1,Going straight,Male,18-30,3,No priority to vehicle,Slight Injury,Owner,Unknown,No Casualty,Not a Pedestrian,Slight Injury
19:56:00,Thursday,31-50,Male,5-10yr,Pick up upto 10Q,Office areas,Asphalt roads,Dry,Normal,Daylight,Vehicle with vehicle collision,2,1,Going straight,na,No Casualty,na,Changing lane to the right,Slight Injury,Owner,Unknown,Normal,Not a Pedestrian,No Casualty
22:11:00,Friday,18-30,Male,2-5yr,Motorcycle,Office areas,Asphalt roads,Dry,Normal,Darkness - lights lit,Vehicle with vehicle collision,1,1,Going straight,Male,18-30,3,No distancing,Slight Injury,Owner,Above 10yr,No Casualty,Not a Pedestrian,Slight Injury
13:07:00,Monday,Over 51,Male,1-2yr,Automobile,Other,Asphalt roads,Dry,Normal,Daylight,Vehicle with vehicle collision,2,3,Going straight,na,No Casualty,na,Moving Backward,Slight Injury,Owner,2-5yrs,Normal,Not a Pedestrian,No Casualty
13:07:00,Monday,Over 51,Male,1-2yr,Pick up upto 10Q,Residential areas,Asphalt roads,Dry,Normal,Daylight,Vehicle with vehicle collision,2,3,Going straight,na,No Casualty,na,Moving Backward,Slight Injury,Owner,2-5yrs,Normal,Not a Pedestrian,No Casualty
13:07:00,Monday,18-30,Male,5-10yr,Motorcycle,Residential areas,Asphalt roads,Dry,Normal,Daylight,Vehicle with vehicle collision,2,3,Going straight,Male,31-50,3,No distancing,Slight Injury,Owner,Unknown,Normal,Not a Pedestrian,Slight Injury
07:40:00,Friday,18-30,Male,5-10yr,Stationwagen,Other,Asphalt roads,Dry,Normal,Daylight,Vehicle with vehicle collision,2,1,Going straight,Male,18-30,3,No distancing,Slight Injury,Owner,5-10yrs,Normal,Not a Pedestrian,Slight Injury
07:40:00,Friday,31-50,Male,5-10yr,Lorry (41-100Q),Other,Asphalt roads,Dry,Normal,Daylight,Vehicle with vehicle collision,2,1,Going straight,na,No Casualty,na,No distancing,Slight Injury,Owner,Unknown,No Casualty,Not a Pedestrian,No Casualty
22:30:00,Friday,18-30,Male,1-2yr,Taxi,Office areas,Asphalt roads,Dry,Normal,Darkness - lights lit,Vehicle with vehicle collision,3,1,Going straight,na,No Casualty,na,No priority to pedestrian,Slight Injury,Owner,Unknown,Normal,Not a Pedestrian,No Casualty
22:30:00,Friday,31-50,Male,2-5yr,Automobile,School areas,Asphalt roads,Dry,Normal,Darkness - lights lit,Vehicle with vehicle collision,3,1,Going straight,Female,18-30,3,Driving carelessly,Slight Injury,Governmental,Unknown,No Casualty,Not a Pedestrian,Slight Injury
22:30:00,Friday,31-50,Male,Above 10yr,Long lorry,Other,Asphalt roads,Dry,Normal,Darkness - lights lit,Vehicle with vehicle collision,3,1,Other,Female,31-50,2,Changing lane to the right,Slight Injury,Owner,Unknown,No Casualty,Not a Pedestrian,Serious Injury
20:10:00,Friday,31-50,Male,5-10yr,Automobile,Other,Asphalt roads,Dry,Normal,Daylight,Collision with roadside objects,3,3,Going straight,Male,31-50,3,Changing lane to the left,Slight Injury,Owner,5-10yrs,No Casualty,Not a Pedestrian,Slight Injury
20:10:00,Friday,31-50,Male,1-2yr,Public (12 seats),Church areas,Asphalt roads,Dry,Normal,Daylight,Vehicle with vehicle collision,3,3,Going straight,na,No Casualty,na,Driving carelessly,Slight Injury,Governmental,Unknown,No Casualty,Not a Pedestrian,No Casualty
20:10:00,Friday,31-50,Male,Above 10yr,Lorry (11-40Q),Office areas,Asphalt roads,Dry,Normal,Daylight,Collision with pedestrians,3,3,Going straight,Male,18-30,3,Driving carelessly,Slight Injury,Owner,Unknown,Normal,Not a Pedestrian,Slight Injury
20:10:00,Friday,31-50,Male,1-2yr,Pick up upto 10Q,Other,Asphalt roads,Dry,Normal,Daylight,Vehicle with vehicle collision,3,3,Going straight,na,No Casualty,na,No distancing,Slight Injury,Owner,Unknown,Normal,Not a Pedestrian,No Casualty
12:47:00,Tuesday,18-30,Male,2-5yr,Lorry (41-100Q),Residential areas,Asphalt roads,Dry,Normal,Daylight,Collision with roadside objects,1,1,Going straight,na,No Casualty,na,Other,Serious Injury,Governmental,Unknown,Normal,Not a Pedestrian,No Casualty
02:34:00,Friday,18-30,Female,Above 10yr,Other,Office areas,Asphalt roads,Dry,Normal,Darkness - lights lit,Vehicle with vehicle collision,1,1,Going straight,Male,18-30,3,Changing lane to the right,Serious Injury,Owner,Unknown,Normal,Not a Pedestrian,Slight Injury
20:15:00,Tuesday,31-50,Male,2-5yr,Automobile,Office areas,Asphalt roads,Dry,Normal,Daylight,Vehicle with vehicle collision,2,1,Going straight,Male,31-50,3,Changing lane to the right,Serious Injury,Owner,Unknown,No Casualty,Unknown or other,Slight Injury
20:15:00,Tuesday,31-50,Male,5-10yr,Long lorry,Office areas,Asphalt roads,Dry,Normal,Daylight,Vehicle with vehicle collision,2,1,Other,Male,Over 51,3,No distancing,Serious Injury,Owner,Below 1yr,Normal,Not a Pedestrian,Slight Injury
18:40:00,Tuesday,18-30,Male,5-10yr,Lorry (11-40Q),Church areas,Asphalt roads,Dry,Normal,Daylight,Vehicle with vehicle collision,2,1,Going straight,Female,18-30,2,No distancing,Slight Injury,Organization,1-2yr,Normal,Not a Pedestrian,Serious Injury
18:40:00,Tuesday,18-30,Male,1-2yr,Long lorry,Office areas,Asphalt roads,Dry,Normal,Daylight,Vehicle with vehicle collision,2,1,Going straight,na,No Casualty,na,Overturning,Slight Injury,Owner,Unknown,Normal,Not a Pedestrian,No Casualty
07:26:00,Thursday,Over 51,Male,5-10yr,Automobile,Office areas,Asphalt roads,Dry,Normal,Daylight,Rollover,2,1,Going straight,Male,18-30,2,Overspeed,Slight Injury,Owner,1-2yr,Normal,Not a Pedestrian,Serious Injury
07:26:00,Thursday,31-50,Male,5-10yr,Taxi,Office areas,Asphalt roads,Dry,Normal,Daylight,Collision with roadside objects,2,1,Going straight,Female,18-30,3,No priority to vehicle,Slight Injury,Owner,Unknown,No Casualty,Not a Pedestrian,Slight Injury
20:00:00,Thursday,31-50,Male,1-2yr,Taxi,Office areas,Asphalt roads,Dry,Normal,Daylight,Vehicle with vehicle collision,1,1,Going straight,na,No Casualty,na,No priority to pedestrian,Serious Injury,Owner,5-10yrs,Normal,Not a Pedestrian,No Casualty
09:24:00,Tuesday,18-30,Male,5-10yr,Long lorry,Other,Asphalt roads,Dry,Normal,Daylight,Collision with roadside objects,6,2,Going straight,Male,18-30,3,No priority to vehicle,Serious Injury,Owner,Unknown,Normal,Not a Pedestrian,Slight Injury
09:24:00,Tuesday,18-30,Male,5-10yr,Lorry (11-40Q),Residential areas,Asphalt roads,Dry,Normal,Daylight,Vehicle with vehicle collision,6,2,Going straight,na,No Casualty,na,Other,Serious Injury,Owner,Unknown,No Casualty,Not a Pedestrian,No Casualty
09:24:00,Tuesday,31-50,Male,2-5yr,Lorry (11-40Q),Church areas,Asphalt roads,Dry,Normal,Daylight,Vehicle with vehicle collision,6,2,Going straight,na,No Casualty,na,Other,Serious Injury,Owner,Unknown,Normal,Not a Pedestrian,No Casualty
09:24:00,Tuesday,Over 51,Male,1-2yr,Long lorry,Other,Asphalt roads,Dry,Normal,Daylight,Vehicle with vehicle collision,6,2,Going straight,Male,31-50,3,Moving Backward,Serious Injury,Owner,Unknown,Normal,Not a Pedestrian,Slight Injury
09:24:00,Tuesday,31-50,Male,5-10yr,Turbo,Recreational areas,Asphalt roads,Dry,Normal,Daylight,Vehicle with vehicle collision,6,2,Moving Backward,Male,31-50,3,No distancing,Serious Injury,Owner,Unknown,Normal,Not a Pedestrian,Slight Injury
09:24:00,Tuesday,Over 51,Male,Below 1yr,Long lorry,Other,Asphalt roads,Dry,Normal,Daylight,Vehicle with vehicle collision,6,2,Going straight,na,No Casualty,na,Moving Backward,Serious Injury,Owner,Unknown,Normal,Not a Pedestrian,No Casualty
13:24:00,Wednesday,18-30,Male,5-10yr,Long lorry,Industrial areas,Asphalt roads,Dry,Normal,Daylight,Collision with roadside objects,2,2,Going straight,Male,31-50,3,No priority to vehicle,Slight Injury,Owner,Unknown,Normal,Not a Pedestrian,Slight Injury
13:24:00,Wednesday,18-30,Male,5-10yr,Public (13-45 seats),Other,Asphalt roads,Dry,Normal,Daylight,Vehicle with vehicle collision,2,2,Going straight,na,No Casualty,na,Driving carelessly,Slight Injury,Owner,Unknown,Normal,Not a Pedestrian,No Casualty
13:24:00,Wednesday,18-30,Male,5-10yr,Automobile,Other,Asphalt roads,Dry,Normal,Daylight,Collision with roadside objects,2,2,Going straight,na,No Casualty,na,No distancing,Slight Injury,Owner,Unknown,Normal,Not a Pedestrian,No Casualty
17:05:00,Friday,18-30,Male,5-10yr,Automobile,Church areas,Asphalt roads,Dry,Normal,Daylight,Vehicle with vehicle collision,1,1,Moving Backward,Male,31-50,2,Other,Slight Injury,Owner,5-10yrs,No Casualty,Not a Pedestrian,Serious Injury
07:02:00,Wednesday,31-50,Male,2-5yr,Pick up upto 10Q,Church areas,Asphalt roads,Dry,Normal,Daylight,Vehicle with vehicle collision,2,1,Going straight,na,No Casualty,na,Changing lane to the right,Serious Injury,Owner,5-10yrs,No Casualty,Not a Pedestrian,No Casualty
07:02:00,Wednesday,31-50,Male,5-10yr,Automobile,Other,Asphalt roads,Dry,Normal,Daylight,Vehicle with vehicle collision,2,1,Other,Male,18-30,3,No distancing,Serious Injury,Owner,Unknown,Normal,Not a Pedestrian,Slight Injury
19:20:00,Friday,18-30,Male,Above 10yr,Stationwagen,Other,Asphalt roads,Dry,Normal,Daylight,Vehicle with vehicle collision,2,1,Other,Male,Under 18,3,Driving carelessly,Serious Injury,Owner,Unknown,Normal,Not a Pedestrian,Slight Injury
19:20:00,Friday,18-30,Male,Below 1yr,Automobile,Recreational areas,Asphalt roads,Dry,Normal,Daylight,Vehicle with vehicle collision,2,1,Going straight,Male,Under 18,3,No distancing,Serious Injury,Governmental,2-5yrs,Normal,Crossing from nearside - masked by parked or statioNot a Pedestrianry vehicle,Slight Injury
16:10:00,Sunday,18-30,Male,5-10yr,Automobile,Other,Asphalt roads,Dry,Normal,Daylight,Vehicle with vehicle collision,2,1,Going straight,Male,18-30,3,No priority to vehicle,Slight Injury,Owner,2-5yrs,No Casualty,Not a Pedestrian,Slight Injury
16:10:00,Sunday,Over 51,Male,2-5yr,Automobile,Office areas,Asphalt roads,Dry,Normal,Daylight,Vehicle with vehicle collision,2,1,Going straight,na,No Casualty,na,Changing lane to the right,Slight Injury,Owner,5-10yrs,Normal,Not a Pedestrian,No Casualty
18:00:00,Friday,18-30,Male,2-5yr,Long lorry,Church areas,Asphalt roads,Dry,Normal,Daylight,Vehicle with vehicle collision,3,2,Going straight,Male,31-50,3,No priority to pedestrian,Slight Injury,Owner,5-10yrs,Normal,Not a Pedestrian,Slight Injury
18:00:00,Friday,Over 51,Male,1-2yr,Public (13-45 seats),Office areas,Asphalt roads,Dry,Normal,Daylight,Vehicle with vehicle collision,3,2,Other,na,No Casualty,na,No priority to vehicle,Slight Injury,Owner,2-5yrs,Normal,Not a Pedestrian,No Casualty
18:00:00,Friday,31-50,Male,2-5yr,Public (13-45 seats),Office areas,Asphalt roads,Dry,Normal,Daylight,Vehicle with vehicle collision,3,2,Going straight,Female,Over 51,3,Changing lane to the left,Slight Injury,Owner,Unknown,No Casualty,Not a Pedestrian,Slight Injury
08:15:00,Thursday,31-50,Male,2-5yr,Lorry (11-40Q),Other,Asphalt roads,Dry,Normal,Daylight,Vehicle with vehicle collision,1,1,Getting off,Male,18-30,3,Turnover,Slight Injury,Owner,2-5yrs,Normal,Not a Pedestrian,Slight Injury
11:00:00,Tuesday,31-50,Male,Above 10yr,Lorry (11-40Q),Residential areas,Asphalt roads,Dry,Normal,Daylight,Rollover,1,1,Going straight,Female,18-30,3,Driving to the left,Slight Injury,Governmental,Unknown,Normal,Not a Pedestrian,Slight Injury
17:39:00,Wednesday,Over 51,Male,Below 1yr,Pick up upto 10Q,Office areas,Asphalt roads,Dry,Normal,Daylight,Collision with roadside objects,2,2,Going straight,Male,18-30,3,Driving carelessly,Slight Injury,Owner,2-5yrs,Normal,Not a Pedestrian,Slight Injury
17:39:00,Wednesday,18-30,Male,2-5yr,Automobile,Residential areas,Asphalt roads,Dry,Normal,Daylight,Vehicle with vehicle collision,2,2,Going straight,Female,18-30,3,Driving to the left,Slight Injury,Owner,2-5yrs,Normal,Not a Pedestrian,Slight Injury
17:39:00,Wednesday,18-30,Male,Above 10yr,Automobile,Residential areas,Asphalt roads,Dry,Normal,Daylight,Vehicle with vehicle collision,2,2,Going straight,na,No Casualty,na,Driving carelessly,Slight Injury,Owner,Unknown,Normal,Not a Pedestrian,No Casualty
20:00:00,Sunday,Over 51,Male,Above 10yr,Automobile,Other,Asphalt roads,Dry,Normal,Daylight,Collision with roadside objects,1,1,Going straight,Male,31-50,3,No priority to pedestrian,Slight Injury,Owner,Unknown,No Casualty,Not a Pedestrian,Slight Injury
10:45:00,Wednesday,18-30,Male,5-10yr,Long lorry,Hospital areas,Asphalt roads,Dry,Normal,Daylight,Vehicle with vehicle collision,2,1,Going straight,Male,18-30,2,Driving carelessly,Slight Injury,Owner,Unknown,Normal,Not a Pedestrian,Serious Injury
10:45:00,Wednesday,Under 18,Male,Above 10yr,Long lorry,Other,Asphalt roads,Dry,Normal,Daylight,Vehicle with vehicle collision,2,1,Moving Backward,na,No Casualty,na,Changing lane to the right,Slight Injury,Governmental,Unknown,Normal,Not a Pedestrian,No Casualty
06:15:00,Wednesday,18-30,Male,1-2yr,Automobile,Other,Asphalt roads,Dry,Normal,Daylight,Vehicle with vehicle collision,1,1,Going straight,na,No Casualty,na,Moving Backward,Serious Injury,Owner,Unknown,Normal,Not a Pedestrian,No Casualty
22:45:00,Wednesday,31-50,Male,2-5yr,Stationwagen,Recreational areas,Asphalt roads,Wet or damp,Rain,Darkness - lights lit,Rollover,2,3,Other,Male,18-30,3,Driving carelessly,Slight Injury,Owner,Unknown,Normal,Not a Pedestrian,Slight Injury
22:45:00,Wednesday,31-50,Male,2-5yr,Automobile,Other,Asphalt roads,Wet or damp,Rain,Darkness - lights lit,Rollover,2,3,Going straight,na,No Casualty,na,Changing lane to the right,Slight Injury,Owner,Unknown,Normal,Not a Pedestrian,No Casualty
22:45:00,Wednesday,18-30,Male,5-10yr,Other,Other,Asphalt roads,Wet or damp,Rain,Darkness - lights lit,Collision with pedestrians,2,3,Going straight,Male,31-50,3,Driving carelessly,Slight Injury,Owner,Unknown,Normal,Not a Pedestrian,Slight Injury
16:30:00,Tuesday,31-50,Male,5-10yr,Special vehicle,Other,Asphalt roads,Dry,Normal,Daylight,Vehicle with vehicle collision,1,2,Going straight,Male,18-30,3,Driving carelessly,Serious Injury,Owner,Unknown,No Casualty,Not a Pedestrian,Slight Injury
16:30:00,Tuesday,31-50,Male,5-10yr,Lorry (41-100Q),Office areas,Asphalt roads,Dry,Normal,Daylight,Vehicle with vehicle collision,1,2,Going straight,na,No Casualty,na,Driving carelessly,Serious Injury,Owner,Below 1yr,Normal,Not a Pedestrian,No Casualty
14:50:00,Sunday,31-50,Male,Above 10yr,Pick up upto 10Q,Other,Asphalt roads,Dry,Normal,Daylight,Vehicle with vehicle collision,2,1,Going straight,Male,Over 51,3,Changing lane to the right,Serious Injury,Owner,2-5yrs,No Casualty,Not a Pedestrian,Slight Injury
14:50:00,Sunday,18-30,Male,Below 1yr,Lorry (11-40Q),Residential areas,Asphalt roads,Dry,Normal,Daylight,Collision with pedestrians,2,1,Moving Backward,Male,31-50,3,Changing lane to the right,Serious Injury,Owner,Unknown,Normal,Not a Pedestrian,Slight Injury
14:25:00,Friday,Over 51,Male,Below 1yr,Lorry (41-100Q),Other,Asphalt roads,Dry,Normal,Daylight,Collision with pedestrians,2,1,Going straight,Female,31-50,3,Driving carelessly,Serious Injury,Owner,5-10yrs,Normal,Not a Pedestrian,Slight Injury
14:25:00,Friday,18-30,Male,Above 10yr,Motorcycle,Other,Asphalt roads,Dry,Normal,Daylight,Vehicle with vehicle collision,2,1,Going straight,na,No Casualty,na,Overtaking,Serious Injury,Owner,Unknown,Normal,Not a Pedestrian,No Casualty
15:40:00,Friday,31-50,Male,5-10yr,Automobile,Church areas,Asphalt roads,Dry,Normal,Daylight,Vehicle with vehicle collision,1,1,Going straight,Male,31-50,3,Changing lane to the right,Slight Injury,Owner,Unknown,Normal,Not a Pedestrian,Slight Injury
17:55:00,Friday,Over 51,Male,5-10yr,Automobile,Office areas,Gravel roads,Dry,Normal,Daylight,Vehicle with vehicle collision,2,1,Going straight,Male,31-50,3,No distancing,Slight Injury,Owner,1-2yr,No Casualty,Not a Pedestrian,Slight Injury
17:55:00,Friday,18-30,Male,2-5yr,Automobile,School areas,Asphalt roads,Dry,Normal,Daylight,Collision with roadside objects,2,1,Going straight,Male,18-30,3,Other,Slight Injury,Owner,Above 10yr,No Casualty,Not a Pedestrian,Slight Injury
11:19:00,Thursday,Over 51,Male,2-5yr,Stationwagen,Other,Asphalt roads,Dry,Normal,Daylight,Vehicle with vehicle collision,2,1,Going straight,na,No Casualty,na,Changing lane to the right,Slight Injury,Owner,2-5yrs,Normal,Not a Pedestrian,No Casualty
11:19:00,Thursday,18-30,Male,5-10yr,Automobile,Office areas,Asphalt roads,Dry,Normal,Daylight,Collision with roadside objects,2,1,Going straight,Female,Under 18,3,Changing lane to the right,Slight Injury,Owner,1-2yr,Normal,Not a Pedestrian,Slight Injury
20:15:00,Thursday,18-30,Female,2-5yr,Public (> 45 seats),Residential areas,Asphalt roads,Wet or damp,Normal,Daylight,Vehicle with vehicle collision,1,1,Going straight,Male,Under 18,3,Overtaking,Serious Injury,Owner,1-2yr,Normal,Not a Pedestrian,Slight Injury
07:24:00,Monday,18-30,Male,5-10yr,Public (> 45 seats),Industrial areas,Asphalt roads,Dry,Other,Daylight,Vehicle with vehicle collision,2,1,Going straight,na,No Casualty,na,Other,Slight Injury,Owner,1-2yr,No Casualty,Not a Pedestrian,No Casualty
07:24:00,Monday,31-50,Male,2-5yr,Stationwagen,Other,Asphalt roads,Dry,Other,Daylight,Collision with roadside objects,2,1,Going straight,Male,31-50,3,Driving to the left,Slight Injury,Owner,2-5yrs,Normal,Not a Pedestrian,Slight Injury
19:55:00,Sunday,31-50,Male,5-10yr,Automobile,Residential areas,Asphalt roads,Wet or damp,Normal,Daylight,Vehicle with vehicle collision,2,1,Going straight,na,No Casualty,na,Overtaking,Slight Injury,Owner,1-2yr,No Casualty,Not a Pedestrian,No Casualty
19:55:00,Sunday,18-30,Male,2-5yr,Bicycle,Recreational areas,Asphalt roads,Wet or damp,Normal,Daylight,Vehicle with vehicle collision,2,1,Other,Female,Over 51,3,No priority to vehicle,Slight Injury,Owner,1-2yr,Normal,Not a Pedestrian,Slight Injury
16:50:00,Sunday,31-50,Male,1-2yr,Automobile,Office areas,Asphalt roads,Dry,Normal,Daylight,Collision with roadside objects,1,1,Going straight,na,No Casualty,na,Moving Backward,Slight Injury,Owner,Unknown,Normal,Not a Pedestrian,No Casualty
09:30:00,Friday,18-30,Male,5-10yr,Lorry (41-100Q),Outside rural areas,Asphalt roads with some distress,Dry,Normal,Daylight,Collision with roadside objects,1,1,Going straight,na,No Casualty,na,Other,Slight Injury,Owner,Unknown,No Casualty,Not a Pedestrian,No Casualty
06:58:00,Friday,18-30,Male,1-2yr,Automobile,Outside rural areas,Asphalt roads,Dry,Normal,Daylight,Vehicle with vehicle collision,2,1,Going straight,Male,18-30,3,No priority to vehicle,Slight Injury,Owner,1-2yr,No Casualty,Not a Pedestrian,Slight Injury
06:58:00,Friday,Over 51,Male,2-5yr,Public (13-45 seats),Outside rural areas,Asphalt roads,Dry,Normal,Daylight,Vehicle with vehicle collision,2,1,Going straight,Male,18-30,3,No priority to pedestrian,Slight Injury,Owner,1-2yr,No Casualty,Not a Pedestrian,Slight Injury
09:10:00,Thursday,31-50,Male,1-2yr,Special vehicle,Outside rural areas,Asphalt roads,Dry,Normal,Daylight,Vehicle with vehicle collision,2,1,Going straight,Female,31-50,3,Changing lane to the right,Slight Injury,Governmental,Below 1yr,No Casualty,Not a Pedestrian,Slight Injury
09:10:00,Thursday,31-50,Male,Above 10yr,Automobile,Outside rural areas,Asphalt roads,Dry,Normal,Daylight,Vehicle with vehicle collision,2,1,Going straight,na,No Casualty,na,Changing lane to the right,Slight Injury,Owner,Unknown,Normal,Not a Pedestrian,No Casualty
03:10:00,Thursday,18-30,Male,2-5yr,Public (13-45 seats),School areas,Asphalt roads,Dry,Normal,Darkness - lights lit,Vehicle with vehicle collision,1,1,Moving Backward,Male,18-30,3,Changing lane to the right,Serious Injury,Owner,Unknown,Normal,Not a Pedestrian,Slight Injury