Time,Day_of_week,Age_band_of_driver,Sex_of_driver,Driving_experience,Type_of_vehicle,Area_accident_occured,Road_surface_type,Road_surface_conditions,Weather_conditions,Light_conditions,Type_of_collision,Number_of_vehicles_involved,Number_of_casualties,Vehicle_movement,Sex_of_casualty,Age_band_of_casualty,Casualty_severity,Cause_of_accident,Accident_severity,Owner_of_vehicle,Service_year_of_vehicle,Fitness_of_casuality,Pedestrian_movement,Casualty_severity_label
19:18:00,Wednesday,18-30,Male,2-5yr,Automobile,Outside rural areas,Asphalt roads,Dry,Normal,Daylight,Vehicle with vehicle collision,1,1,Going straight,Male,31-50,3,Driving to the left,Slight Injury,Owner,Above 10yr,No Casualty,Not a Pedestrian,Slight Injury
19:30:00,Friday,18-30,Male,2-5yr,Lorry (41-100Q),Outside rural areas,Asphalt roads,Dry,Normal,Daylight,Vehicle with vehicle collision,1,1,Going straight,Male,31-50,3,Changing lane to the left,Slight Injury,Owner,Unknown,Normal,Not a Pedestrian,Slight Injury
13:25:00,Tuesday,18-30,Male,2-5yr,Lorry (41-100Q),Outside rural areas,Asphalt roads,Wet or damp,Rain,Daylight,Vehicle with vehicle collision,1,1,Going straight,Female,Under 18,3,Moving Backward,Slight Injury,Owner,Unknown,Normal,Not a Pedestrian,Slight Injury
18:35:00,Friday,31-50,Male,2-5yr,Public (12 seats),Outside rural areas,Asphalt roads,Wet or damp,Rain,Daylight,Vehicle with vehicle collision,2,2,Going straight,Female,Under 18,3,Overspeed,Slight Injury,Owner,2-5yrs,Normal,Not a Pedestrian,Slight Injury
18:35:00,Friday,Over 51,Male,2-5yr,Lorry (41-100Q),Office areas,Asphalt roads,Wet or damp,Rain,Daylight,Vehicle with vehicle collision,2,2,Going straight,Female,Under 18,3,Moving Backward,Slight Injury,Owner,2-5yrs,Normal,Not a Pedestrian,Slight Injury
18:35:00,Friday,Over 51,Male,5-10yr,Lorry (41-100Q),Outside rural areas,Asphalt roads,Wet or damp,Rain,Daylight,Vehicle with vehicle collision,2,2,Going straight,na,No Casualty,na,No distancing,Slight Injury,Owner,2-5yrs,Normal,Not a Pedestrian,No Casualty
19:33:00,Friday,18-30,Male,2-5yr,Public (12 seats),Outside rural areas,Asphalt roads,Dry,Normal,Daylight,Vehicle with vehicle collision,3,2,Going straight,Female,31-50,3,Other,Slight Injury,Owner,Unknown,Normal,Not a Pedestrian,Slight Injury
19:33:00,Friday,18-30,Male,Above 10yr,Public (> 45 seats),Outside rural areas,Asphalt roads,Dry,Normal,Daylight,Vehicle with vehicle collision,3,2,Getting off,na,No Casualty,na,No priority to vehicle,Slight Injury,Owner,2-5yrs,Normal,Not a Pedestrian,No Casualty
19:33:00,Friday,18-30,Male,Above 10yr,Automobile,Office areas,Asphalt roads,Dry,Normal,Daylight,Vehicle with vehicle collision,3,2,Going straight,na,No Casualty,na,Changing lane to the right,Slight Injury,Owner,Unknown,Normal,Not a Pedestrian,No Casualty
19:33:00,Friday,18-30,Female,Above 10yr,Pick up upto 10Q,Recreational areas,Asphalt roads,Dry,Normal,Daylight,Vehicle with vehicle collision,3,2,Going straight,Male,18-30,3,Other,Slight Injury,Owner,Unknown,Normal,Not a Pedestrian,Slight Injury
14:00:00,Monday,31-50,Male,5-10yr,Stationwagen,Office areas,Asphalt roads,Wet or damp,Rain,Daylight,Vehicle with vehicle collision,1,1,Turnover,Male,31-50,3,No distancing,Slight Injury,Owner,Above 10yr,Normal,Not a Pedestrian,Slight Injury
07:20:00,Wednesday,18-30,Male,2-5yr,Other,Other,Asphalt roads,Dry,Normal,Daylight,Vehicle with vehicle collision,3,1,Moving Backward,na,No Casualty,na,Driving carelessly,Slight Injury,Owner,2-5yrs,No Casualty,Not a Pedestrian,No Casualty
07:20:00,Wednesday,18-30,Male,1-2yr,Automobile,Residential areas,Asphalt roads,Dry,Normal,Daylight,Vehicle with vehicle collision,3,1,Going straight,Female,18-30,3,No distancing,Slight Injury,Owner,Above 10yr,No Casualty,Not a Pedestrian,Slight Injury
07:20:00,Wednesday,Under 18,Female,2-5yr,Automobile,Residential areas,Asphalt roads,Dry,Normal,Daylight,Collision with roadside objects,3,1,Moving Backward,Female,18-30,3,Moving Backward,Slight Injury,Owner,Above 10yr,Normal,Not a Pedestrian,Slight Injury
16:39:00,Tuesday,Under 18,Male,5-10yr,Stationwagen,Residential areas,Asphalt roads,Dry,Normal,Daylight,Vehicle with vehicle collision,2,2,Going straight,na,No Casualty,na,No distancing,Slight Injury,Owner,Unknown,Normal,Not a Pedestrian,No Casualty
16:39:00,Tuesday,31-50,Male,5-10yr,Pick up upto 10Q,Other,Asphalt roads,Dry,Normal,Daylight,Collision with pedestrians,2,2,Going straight,Male,31-50,3,Moving Backward,Slight Injury,Owner,Above 10yr,Normal,Not a Pedestrian,Slight Injury
16:49:00,Thursday,18-30,Male,5-10yr,Lorry (41-100Q),Office areas,Asphalt roads,Dry,Normal,Daylight,Vehicle with vehicle collision,1,1,Going straight,Female,18-30,3,No priority to pedestrian,Slight Injury,Owner,Unknown,Normal,Not a Pedestrian,Slight Injury
11:15:00,Monday,31-50,Male,Above 10yr,Automobile,Other,Asphalt roads,Wet or damp,Rain,Daylight,Collision with roadside objects,1,1,Going straight,Male,Under 18,2,Changing lane to the left,Slight Injury,Owner,Unknown,Normal,Not a Pedestrian,Serious Injury
12:50:00,Monday,18-30,Male,Above 10yr,Automobile,Other,Asphalt roads,Wet or damp,Rain,Daylight,Vehicle with vehicle collision,2,2,Going straight,Male,31-50,3,No distancing,Slight Injury,Owner,Above 10yr,Normal,Not a Pedestrian,Slight Injury
12:50:00,Monday,31-50,Male,1-2yr,Lorry (41-100Q),Office areas,Asphalt roads,Wet or damp,Rain,Daylight,Vehicle with vehicle collision,2,2,Going straight,na,No Casualty,na,Other,Slight Injury,Owner,5-10yrs,Normal,Not a Pedestrian,No Casualty
18:50:00,Monday,18-30,Male,5-10yr,Lorry (41-100Q),Church areas,Asphalt roads,Wet or damp,Rain,Daylight,Vehicle with vehicle collision,1,2,Going straight,na,No Casualty,na,No distancing,Slight Injury,Owner,Below 1yr,Normal,Not a Pedestrian,No Casualty
18:50:00,Monday,18-30,Male,2-5yr,Lorry (41-100Q),Other,Asphalt roads,Wet or damp,Rain,Daylight,Vehicle with vehicle collision,1,2,Going straight,Female,Over 51,2,No priority to pedestrian,Slight Injury,Owner,Unknown,Normal,Not a Pedestrian,Serious Injury
17:36:00,Friday,Under 18,Male,5-10yr,Pick up upto 10Q,Other,Asphalt roads,Dry,Normal,Daylight,Vehicle with vehicle collision,2,1,Going straight,Female,31-50,3,Moving Backward,Slight Injury,Owner,Unknown,Normal,Not a Pedestrian,Slight Injury
17:36:00,Friday,Under 18,Male,2-5yr,Pick up upto 10Q,Office areas,Asphalt roads,Dry,Normal,Daylight,Rollover,2,1,Going straight,na,No Casualty,na,No priority to pedestrian,Slight Injury,Owner,Unknown,Normal,Not a Pedestrian,No Casualty
20:55:00,Tuesday,18-30,Male,Above 10yr,Automobile,Office areas,Asphalt roads,Dry,Normal,Daylight,Collision with roadside objects,1,1,Going straight,Male,Under 18,3,No distancing,Serious Injury,Owner,Unknown,Normal,Not a Pedestrian,Slight Injury
17:01:00,Thursday,18-30,Male,5-10yr,Other,Office areas,Asphalt roads,Dry,Normal,Daylight,Vehicle with vehicle collision,1,1,Other,Male,31-50,3,No priority to pedestrian,Slight Injury,Owner,Unknown,Normal,Unknown or other,Slight Injury
15:00:00,Friday,31-50,Male,5-10yr,Automobile,Office areas,Asphalt roads,Dry,Normal,Daylight,Vehicle with vehicle collision,1,1,Other,Female,18-30,3,Driving carelessly,Slight Injury,Owner,Unknown,Normal,Crossing from nearside - masked by parked or statioNot a Pedestrianry vehicle,Slight Injury
02:55:00,Friday,18-30,Male,1-2yr,Automobile,Other,Asphalt roads,Wet or damp,Windy,Darkness - lights lit,Collision with roadside objects,1,1,Going straight,Male,31-50,3,Getting off the vehicle improperly,Serious Injury,Owner,Unknown,Normal,Not a Pedestrian,Slight Injury
18:35:00,Thursday,31-50,Male,Above 10yr,Motorcycle,Office areas,Asphalt roads,Dry,Normal,Daylight,Vehicle with vehicle collision,2,2,Going straight,na,No Casualty,na,Driving carelessly,Slight Injury,Owner,Below 1yr,Normal,Not a Pedestrian,No Casualty
18:35:00,Thursday,31-50,Male,5-10yr,Automobile,Other,Asphalt roads,Dry,Normal,Daylight,Vehicle with vehicle collision,2,2,Getting off,Male,18-30,3,Changing lane to the left,Slight Injury,Owner,Unknown,Normal,Not a Pedestrian,Slight Injury
22:10:00,Sunday,Under 18,Male,2-5yr,Automobile,Other,Asphalt roads,Dry,Normal,Darkness - lights lit,Vehicle with vehicle collision,2,1,Going straight,Male,18-30,3,No priority to vehicle,Slight Injury,Owner,Unknown,Normal,Not a Pedestrian,Slight Injury
22:10:00,Sunday,31-50,Male,2-5yr,Public (12 seats),Other,Asphalt roads,Dry,Normal,Darkness - lights lit,Vehicle with vehicle collision,2,1,Going straight,na,No Casualty,na,Changing lane to the right,Slight Injury,Governmental,Unknown,Normal,Not a Pedestrian,No Casualty
17:21:00,Thursday,Under 18,Male,5-10yr,Automobile,Office areas,Asphalt roads,Dry,Normal,Daylight,Vehicle with vehicle collision,2,1,Going straight,Male,31-50,3,Changing lane to the right,Slight Injury,Owner,Unknown,No Casualty,Not a Pedestrian,Slight Injury
17:21:00,Thursday,31-50,Male,1-2yr,Public (> 45 seats),Office areas,Asphalt roads,Dry,Normal,Daylight,Vehicle with vehicle collision,2,1,Going straight,na,No Casualty,na,No distancing,Slight Injury,Owner,Unknown,No Casualty,Not a Pedestrian,No Casualty
11:42:00,Wednesday,Over 51,Male,5-10yr,Lorry (41-100Q),Office areas,Asphalt roads,Dry,Normal,Daylight,Collision with pedestrians,2,2,Going straight,Male,31-50,3,No distancing,Slight Injury,Owner,Unknown,Normal,Not a Pedestrian,Slight Injury
11:42:00,Wednesday,31-50,Male,5-10yr,Public (> 45 seats),Office areas,Asphalt roads,Dry,Normal,Daylight,Vehicle with vehicle collision,2,2,Getting off,Male,18-30,2,Changing lane to the left,Slight Injury,Governmental,Unknown,Normal,Unknown or other,Serious Injury
15:20:00,Wednesday,18-30,Female,5-10yr,Automobile,Church areas,Asphalt roads,Dry,Normal,Daylight,Collision with roadside objects,1,1,Going straight,Male,18-30,3,Changing lane to the right,Slight Injury,Owner,2-5yrs,Normal,Unknown or other,Slight Injury
18:20:00,Sunday,31-50,Male,Above 10yr,Automobile,Office areas,Asphalt roads,Wet or damp,Rain,Daylight,Vehicle with vehicle collision,2,4,Going straight,Male,18-30,3,No priority to vehicle,Slight Injury,Governmental,Unknown,Normal,Unknown or other,Slight Injury
18:20:00,Sunday,31-50,Male,2-5yr,Automobile,Residential areas,Asphalt roads,Wet or damp,Rain,Daylight,Vehicle with vehicle collision,2,4,Other,Male,31-50,3,Changing lane to the left,Slight Injury,Governmental,Unknown,Normal,Not a Pedestrian,Slight Injury
18:20:00,Sunday,31-50,Male,5-10yr,Automobile,School areas,Asphalt roads,Wet or damp,Rain,Daylight,Vehicle with vehicle collision,2,4,Going straight,na,No Casualty,na,No priority to vehicle,Slight Injury,Owner,Unknown,Normal,Not a Pedestrian,No Casualty
18:20:00,Sunday,31-50,Male,5-10yr,Lorry (41-100Q),Office areas,Asphalt roads,Wet or damp,Rain,Daylight,Vehicle with vehicle collision,2,4,Going straight,Male,18-30,2,Moving Backward,Slight Injury,Owner,Unknown,Normal,Not a Pedestrian,Serious Injury
18:20:00,Sunday,31-50,Male,5-10yr,Automobile,Other,Asphalt roads,Wet or damp,Rain,Daylight,Vehicle with vehicle collision,2,4,Going straight,na,No Casualty,na,Turnover,Slight Injury,Owner,5-10yrs,Normal,Not a Pedestrian,No Casualty
14:42:00,Sunday,Over 51,Male,5-10yr,Public (13-45 seats),Other,Asphalt roads,Wet or damp,Rain,Daylight,Vehicle with vehicle collision,2,2,Going straight,na,No Casualty,na,No distancing,Slight Injury,Owner,Unknown,Normal,Not a Pedestrian,No Casualty
14:42:00,Sunday,Over 51,Male,5-10yr,Automobile,Other,Asphalt roads,Wet or damp,Rain,Daylight,Vehicle with vehicle collision,2,2,Going straight,Male,18-30,3,No distancing,Slight Injury,Governmental,Unknown,Normal,Not a Pedestrian,Slight Injury
14:42:00,Sunday,Over 51,Male,1-2yr,Public (> 45 seats),Other,Asphalt roads,Wet or damp,Rain,Daylight,Vehicle with vehicle collision,2,2,Reversing,Female,Under 18,3,No distancing,Slight Injury,Owner,5-10yrs,No Casualty,Crossing from driver's nearside,Slight Injury
18:23:00,Friday,18-30,Male,5-10yr,Lorry (41-100Q),Office areas,Asphalt roads,Dry,Normal,Daylight,Vehicle with vehicle collision,1,1,Other,Female,Under 18,3,Changing lane to the left,Slight Injury,Owner,Unknown,Normal,Crossing from driver's nearside,Slight Injury
10:35:00,Thursday,18-30,Male,2-5yr,Automobile,Office areas,Asphalt roads,Dry,Normal,Daylight,Collision with roadside objects,2,1,Going straight,na,No Casualty,na,No priority to vehicle,Slight Injury,Owner,Unknown,Normal,Not a Pedestrian,No Casualty
10:35:00,Thursday,18-30,Male,5-10yr,Lorry (11-40Q),Office areas,Asphalt roads,Dry,Normal,Daylight,Vehicle with vehicle collision,2,1,Going straight,Male,Under 18,3,Overspeed,Slight Injury,Owner,Unknown,Normal,Not a Pedestrian,Slight Injury
06:25:00,Thursday,Over 51,Male,2-5yr,Public (13-45 seats),Office areas,Asphalt roads,Wet or damp,Normal,Daylight,Collision with roadside objects,2,1,Going straight,Male,Under 18,3,Overtaking,Serious Injury,Owner,Unknown,Normal,Not a Pedestrian,Slight Injury
06:25:00,Thursday,18-30,Male,Above 10yr,Public (13-45 seats),Office areas,Asphalt roads,Wet or damp,Normal,Daylight,Vehicle with vehicle collision,2,1,Going straight,na,No Casualty,na,Other,Serious Injury,Owner,Unknown,Normal,Not a Pedestrian,No Casualty
16:25:00,Friday,18-30,Male,Below 1yr,Automobile,Office areas,Asphalt roads,Wet or damp,Normal,Daylight,Vehicle with vehicle collision,2,1,Going straight,Male,18-30,3,Changing lane to the left,Slight Injury,Owner,Unknown,Normal,Not a Pedestrian,Slight Injury
16:25:00,Friday,18-30,Male,Below 1yr,Long lorry,Office areas,Asphalt roads,Wet or damp,Normal,Daylight,Vehicle with vehicle collision,2,1,Going straight,na,No Casualty,na,No priority to pedestrian,Slight Injury,Owner,Unknown,No Casualty,Not a Pedestrian,No Casualty
16:20:00,Monday,Under 18,Male,5-10yr,Lorry (41-100Q),Other,Asphalt roads,Dry,Normal,Daylight,Collision with pedestrians,2,1,Going straight,Female,Over 51,3,Changing lane to the left,Slight Injury,Owner,5-10yrs,Normal,Crossing from nearside - masked by parked or statioNot a Pedestrianry vehicle,Slight Injury
16:20:00,Monday,31-50,Male,2-5yr,Lorry (11-40Q),Other,Asphalt roads,Dry,Normal,Daylight,Vehicle with vehicle collision,2,1,Going straight,Female,31-50,2,No distancing,Slight Injury,Owner,Unknown,Normal,Crossing from nearside - masked by parked or statioNot a Pedestrianry vehicle,Serious Injury
16:37:00,Wednesday,18-30,Male,5-10yr,Lorry (41-100Q),Residential areas,Asphalt roads,Dry,Normal,Daylight,Vehicle with vehicle collision,2,1,Going straight,na,No Casualty,na,Moving Backward,Slight Injury,Owner,2-5yrs,No Casualty,Not a Pedestrian,No Casualty
16:37:00,Wednesday,31-50,Male,5-10yr,Public (12 seats),Other,Asphalt roads,Dry,Normal,Daylight,Vehicle with vehicle collision,2,1,Moving Backward,Male,18-30,3,Changing lane to the left,Slight Injury,Owner,Unknown,No Casualty,Not a Pedestrian,Slight Injury
23:15:00,Monday,18-30,Female,Above 10yr,Automobile,Other,Asphalt roads,Dry,Normal,Darkness - lights lit,Collision with pedestrians,1,1,Moving Backward,Male,31-50,3,Other,Serious Injury,Owner,5-10yrs,Normal,Not a Pedestrian,Slight Injury
15:27:00,Tuesday,31-50,Male,Above 10yr,Taxi,Other,Asphalt roads,Dry,Normal,Daylight,Collision with roadside objects,1,1,Turnover,na,No Casualty,na,No distancing,Slight Injury,Governmental,Unknown,Normal,Not a Pedestrian,No Casualty
15:10:00,Thursday,18-30,Female,Above 10yr,Automobile,Other,Asphalt roads,Dry,Normal,Daylight,Vehicle with vehicle collision,2,1,Other,Male,18-30,3,Moving Backward,Slight Injury,Owner,5-10yrs,No Casualty,Not a Pedestrian,Slight Injury
15:10:00,Thursday,Over 51,Male,Above 10yr,Automobile,Industrial areas,Asphalt roads with some distress,Dry,Normal,Daylight,Vehicle with vehicle collision,2,1,Other,na,No Casualty,na,No distancing,Slight Injury,Owner,Unknown,No Casualty,Not a Pedestrian,No Casualty
14:30:00,Tuesday,18-30,Male,5-10yr,Automobile,Industrial areas,Asphalt roads,Dry,Normal,Daylight,Vehicle with vehicle collision,1,1,Going straight,Male,Over 51,3,Changing lane to the left,Serious Injury,Owner,5-10yrs,Normal,Not a Pedestrian,Slight Injury
13:15:00,Friday,18-30,Male,Below 1yr,Lorry (41-100Q),Church areas,Asphalt roads,Dry,Normal,Daylight,Vehicle with vehicle collision,2,1,Going straight,Female,Under 18,3,Changing lane to the left,Serious Injury,Owner,Unknown,Normal,Not a Pedestrian,Slight Injury
13:15:00,Friday,31-50,Male,2-5yr,Automobile,Other,Asphalt roads,Dry,Normal,Daylight,Vehicle with vehicle collision,2,1,Other,Female,Under 18,3,No priority to pedestrian,Serious Injury,Owner,Unknown,No Casualty,Not a Pedestrian,Slight Injury
13:15:00,Wednesday,Under 18,Male,5-10yr,Automobile,Other,Asphalt roads,Dry,Normal,Daylight,Vehicle with vehicle collision,2,1,Other,Male,Under 18,3,Changing lane to the left,Slight Injury,Owner,Above 10yr,No Casualty,Not a Pedestrian,Slight Injury
13:15:00,Wednesday,18-30,Female,1-2yr,Lorry (41-100Q),Office areas,Gravel roads,Dry,Normal,Daylight,Vehicle with vehicle collision,2,1,Going straight,Female,31-50,3,Driving carelessly,Slight Injury,Owner,Unknown,Normal,Not a Pedestrian,Slight Injury
14:13:00,Tuesday,Over 51,Male,1-2yr,Automobile,Office areas,Asphalt roads,Dry,Normal,Daylight,Collision with roadside objects,2,3,Reversing,Female,18-30,3,Driving carelessly,Slight Injury,Owner,Unknown,Normal,Not a Pedestrian,Slight Injury
14:13:00,Tuesday,31-50,Male,1-2yr,Automobile,Residential areas,Asphalt roads,Dry,Normal,Daylight,Collision with roadside objects,2,3,Other,na,No Casualty,na,No priority to pedestrian,Slight Injury,Governmental,Below 1yr,No Casualty,Not a Pedestrian,No Casualty
14:13:00,Tuesday,31-50,Male,5-10yr,Automobile,Industrial areas,Asphalt roads,Dry,Normal,Daylight,Vehicle with vehicle collision,2,3,Turnover,Female,18-30,3,Getting off the vehicle improperly,Slight Injury,Owner,Unknown,No Casualty,Not a Pedestrian,Slight Injury
14:13:00,Tuesday,31-50,Male,Above 10yr,Taxi,Office areas,Asphalt roads,Dry,Normal,Daylight,Vehicle with vehicle collision,2,3,Going straight,Male,Over 51,3,No distancing,Slight Injury,Owner,Unknown,Normal,Not a Pedestrian,Slight Injury
15:40:00,Tuesday,18-30,Male,Above 10yr,Automobile,Other,Asphalt roads,Dry,Normal,Daylight,Vehicle with vehicle collision,3,3,Going straight,Male,18-30,3,Changing lane to the left,Slight Injury,Owner,Unknown,Normal,Not a Pedestrian,Slight Injury
15:40:00,Tuesday,18-30,Male,5-10yr,Automobile,Other,Asphalt roads,Dry,Normal,Daylight,Vehicle with vehicle collision,3,3,Going straight,Female,18-30,3,No priority to vehicle,Slight Injury,Owner,Unknown,Normal,Not a Pedestrian,Slight Injury
15:40:00,Tuesday,31-50,Male,2-5yr,Automobile,Residential areas,Asphalt roads,Dry,Normal,Daylight,Vehicle with vehicle collision,3,3,Going straight,na,No Casualty,na,No distancing,Slight Injury,Owner,Unknown,Normal,Not a Pedestrian,No Casualty
15:40:00,Tuesday,Over 51,Male,Below 1yr,Pick up upto 10Q,Office areas,Asphalt roads,Dry,Normal,Daylight,Rollover,3,3,Going straight,na,No Casualty,na,No priority to pedestrian,Slight Injury,Owner,Unknown,No Casualty,Not a Pedestrian,No Casualty
20:15:00,Friday,18-30,Male,1-2yr,Automobile,Residential areas,Asphalt roads,Dry,Normal,Darkness - lights lit,Vehicle with vehicle collision,6,2,Going straight,Male,31-50,3,No priority to pedestrian,Slight Injury,Organization,Unknown,No Casualty,Not a Pedestrian,Slight Injury
20:15:00,Friday,18-30,Male,5-10yr,Automobile,Office areas,Asphalt roads,Dry,Normal,Darkness - lights lit,Collision with roadside objects,6,2,Going straight,na,No Casualty,na,No priority to vehicle,Slight Injury,Owner,Unknown,Normal,Not a Pedestrian,No Casualty
20:15:00,Friday,18-30,Male,Below 1yr,Public (12 seats),Church areas,Asphalt roads,Dry,Normal,Darkness - lights lit,Collision with pedestrians,6,2,Going straight,Female,31-50,3,Driving carelessly,Slight Injury,Owner,Unknown,Normal,Not a Pedestrian,Slight Injury
20:15:00,Friday,18-30,Male,5-10yr,Public (13-45 seats),Residential areas,Asphalt roads,Dry,Normal,Darkness - lights lit,Vehicle with vehicle collision,6,2,Going straight,Male,Under 18,2,Changing lane to the right,Slight Injury,Organization,5-10yrs,Normal,Not a Pedestrian,Serious Injury
20:15:00,Friday,18-30,Male,2-5yr,Lorry (11-40Q),School areas,Asphalt roads,Dry,Normal,Darkness - lights lit,Vehicle with vehicle collision,6,2,Other,na,No Casualty,na,Changing lane to the left,Slight Injury,Owner,Above 10yr,Normal,Not a Pedestrian,No Casualty
20:15:00,Friday,18-30,Male,5-10yr,Stationwagen,Hospital areas,Earth roads,Dry,Normal,Darkness - lights lit,Vehicle with vehicle collision,6,2,Going straight,na,No Casualty,na,Moving Backward,Slight Injury,Owner,5-10yrs,Normal,Not a Pedestrian,No Casualty
08:15:00,Monday,18-30,Male,5-10yr,Ridden horse,Other,Asphalt roads,Dry,Normal,Daylight,Vehicle with vehicle collision,3,2,Going straight,Female,Over 51,3,Driving carelessly,Slight Injury,Owner,2-5yrs,Normal,Not a Pedestrian,Slight Injury
08:15:00,Monday,31-50,Male,Above 10yr,Stationwagen,School areas,Asphalt roads,Dry,Normal,Daylight,Vehicle with vehicle collision,3,2,Moving Backward,Male,18-30,3,Driving to the left,Slight Injury,Owner,Unknown,Normal,Not a Pedestrian,Slight Injury
08:15:00,Monday,Over 51,Male,1-2yr,Automobile,Other,Asphalt roads,Dry,Normal,Daylight,Vehicle with vehicle collision,3,2,Going straight,na,No Casualty,na,Driving to the left,Slight Injury,Owner,Above 10yr,Normal,Not a Pedestrian,No Casualty
09:18:00,Tuesday,Over 51,Male,Below 1yr,Automobile,Industrial areas,Asphalt roads,Dry,Normal,Daylight,Vehicle with vehicle collision,2,1,Moving Backward,na,No Casualty,na,No priority to pedestrian,Serious Injury,Owner,5-10yrs,Normal,Not a Pedestrian,No Casualty
09:18:00,Tuesday,Over 51,Male,Above 10yr,Other,Church areas,Earth roads,Dry,Normal,Daylight,Collision with roadside objects,2,1,Other,Male,18-30,3,Changing lane to the left,Serious Injury,Owner,Unknown,No Casualty,Not a Pedestrian,Slight Injury
13:10:00,Sunday,Under 18,Male,1-2yr,Taxi,Office areas,Asphalt roads,Dry,Normal,Daylight,Rollover,2,4,Going straight,na,No Casualty,na,Changing lane to the right,Slight Injury,Owner,Unknown,Normal,Not a Pedestrian,No Casualty
13:10:00,Sunday,Under 18,Male,2-5yr,Automobile,Other,Asphalt roads,Dry,Normal,Daylight,Vehicle with vehicle collision,2,4,Reversing,Male,31-50,3,Driving carelessly,Slight Injury,Owner,Unknown,Normal,Not a Pedestrian,Slight Injury
13:10:00,Sunday,Under 18,Male,5-10yr,Stationwagen,Office areas,Earth roads,Dry,Normal,Daylight,Collision with pedestrians,2,4,Going straight,Male,18-30,3,No distancing,Slight Injury,Owner,Unknown,Normal,Unknown or other,Slight Injury
13:10:00,Sunday,31-50,Male,2-5yr,Automobile,Office areas,Asphalt roads,Dry,Normal,Daylight,Vehicle with vehicle collision,2,4,Other,Male,Under 18,3,Getting off the vehicle improperly,Slight Injury,Owner,Unknown,Normal,Not a Pedestrian,Slight Injury
13:41:00,Tuesday,18-30,Female,Above 10yr,Public (12 seats),Office areas,Asphalt roads,Dry,Normal,Daylight,Vehicle with vehicle collision,4,2,Other,Female,18-30,3,Driving under the influence of drugs,Slight Injury,Governmental,Unknown,No Casualty,Not a Pedestrian,Slight Injury
13:41:00,Tuesday,Over 51,Male,1-2yr,Automobile,Residential areas,Asphalt roads,Dry,Normal,Daylight,Collision with pedestrians,4,2,Other,na,No Casualty,na,Changing lane to the right,Slight Injury,Owner,Unknown,Normal,Not a Pedestrian,No Casualty
13:41:00,Tuesday,Over 51,Male,1-2yr,Automobile,Office areas,Asphalt roads,Dry,Normal,Daylight,Collision with pedestrians,4,2,Stopping,Male,31-50,3,Driving carelessly,Slight Injury,Owner,Unknown,No Casualty,Not a Pedestrian,Slight Injury
13:41:00,Tuesday,Over 51,Male,1-2yr,Lorry (41-100Q),Other,Asphalt roads,Dry,Normal,Daylight,Vehicle with vehicle collision,4,2,Other,na,No Casualty,na,Moving Backward,Slight Injury,Owner,2-5yrs,Normal,Not a Pedestrian,No Casualty
13:41:00,Tuesday,18-30,Male,5-10yr,Automobile,Industrial areas,Asphalt roads,Dry,Normal,Daylight,Vehicle with vehicle collision,4,2,Other,na,No Casualty,na,Turnover,Slight Injury,Owner,2-5yrs,Normal,Not a Pedestrian,No Casualty
12:30:00,Tuesday,18-30,Male,5-10yr,Public (> 45 seats),Other,Asphalt roads,Dry,Normal,Daylight,Vehicle with vehicle collision,2,1,Other,Male,31-50,2,Changing lane to the right,Slight Injury,Owner,Unknown,Normal,Not a Pedestrian,Serious Injury
12:30:00,Tuesday,18-30,Male,5-10yr,Automobile,Office areas,Asphalt roads,Dry,Normal,Daylight,Vehicle with vehicle collision,2,1,Going straight,na,No Casualty,na,Driving carelessly,Slight Injury,Owner,Unknown,Normal,Not a Pedestrian,No Casualty
11:30:00,Wednesday,31-50,Male,5-10yr,Public (12 seats),Office areas,Asphalt roads,Dry,Normal,Daylight,Vehicle with vehicle collision,1,1,Going straight,Male,31-50,3,No priority to vehicle,Serious Injury,Governmental,Unknown,Normal,Not a Pedestrian,Slight Injury
22:20:00,Sunday,18-30,Male,5-10yr,Public (12 seats),Other,Asphalt roads,Dry,Normal,Darkness - lights lit,Collision with roadside objects,2,1,Going straight,Male,31-50,3,Moving Backward,Slight Injury,Governmental,Unknown,Normal,Not a Pedestrian,Slight Injury
22:20:00,Sunday,18-30,Male,5-10yr,Automobile,Other,Asphalt roads,Dry,Normal,Darkness - lights lit,Vehicle with vehicle collision,2,1,Going straight,na,No Casualty,na,Changing lane to the left,Slight Injury,Owner,Unknown,Normal,Not a Pedestrian,No Casualty
10:57:00,Tuesday,18-30,Male,5-10yr,Automobile,Office areas,Asphalt roads,Dry,Normal,Daylight,Vehicle with vehicle collision,3,1,Going straight,Male,18-30,3,Overturning,Slight Injury,Owner,Unknown,Normal,Not a Pedestrian,Slight Injury
10:57:00,Tuesday,18-30,Male,1-2yr,Automobile,Office areas,Asphalt roads with some distress,Dry,Normal,Daylight,Vehicle with vehicle collision,3,1,Going straight,Male,18-30,3,No distancing,Slight Injury,Owner,Unknown,No Casualty,Not a Pedestrian,Slight Injury
10:57:00,Tuesday,Over 51,Male,2-5yr,Lorry (41-100Q),Office areas,Asphalt roads,Dry,Normal,Daylight,Vehicle with vehicle collision,3,1,Going straight,Female,18-30,3,Driving carelessly,Slight Injury,Owner,5-10yrs,Normal,Not a Pedestrian,Slight Injury
11:08:00,Thursday,Over 51,Male,5-10yr,Public (12 seats),Other,Asphalt roads,Dry,Normal,Daylight,Vehicle with vehicle collision,1,2,Going straight,na,No Casualty,na,No distancing,Serious Injury,Owner,Unknown,Normal,Not a Pedestrian,No Casualty