Time,Day_of_week,Age_band_of_driver,Sex_of_driver,Driving_experience,Type_of_vehicle,Area_accident_occured,Road_surface_type,Road_surface_conditions,Weather_conditions,Light_conditions,Type_of_collision,Number_of_vehicles_involved,Number_of_casualties,Vehicle_movement,Sex_of_casualty,Age_band_of_casualty,Casualty_severity,Cause_of_accident,Accident_severity,Owner_of_vehicle,Service_year_of_vehicle,Fitness_of_casuality,Pedestrian_movement,Casualty_severity_label
12:00:00,Friday,18-30,Male,1-2yr,Stationwagen,Office areas,Asphalt roads,Snow,Snow,Daylight,Vehicle with vehicle collision,3,2,Going straight,Female,18-30,3,No priority to pedestrian,Slight Injury,Owner,Unknown,Normal,Not a Pedestrian,Slight Injury
12:00:00,Friday,18-30,Male,2-5yr,Lorry (41-100Q),Other,Asphalt roads,Snow,Snow,Daylight,Vehicle with vehicle collision,3,2,Going straight,Male,Over 51,3,Changing lane to the left,Slight Injury,Owner,Unknown,Normal,Not a Pedestrian,Slight Injury
07:50:00,Friday,31-50,Male,Above 10yr,Automobile,Office areas,Asphalt roads,Wet or damp,Snow,Daylight,Collision with roadside objects,2,1,Reversing,na,No Casualty,na,Changing lane to the left,Slight Injury,Owner,Unknown,Normal,Not a Pedestrian,No Casualty
07:50:00,Friday,31-50,Male,2-5yr,Automobile,Office areas,Asphalt roads,Wet or damp,Snow,Daylight,Vehicle with vehicle collision,2,1,Reversing,Male,31-50,3,Getting off the vehicle improperly,Slight Injury,Owner,Unknown,Normal,Not a Pedestrian,Slight Injury
19:55:00,Sunday,18-30,Male,Above 10yr,Pick up upto 10Q,Office areas,Asphalt roads,Dry,Snow,Darkness - no lighting,Collision with roadside objects,2,2,Reversing,na,No Casualty,na,No distancing,Slight Injury,Owner,Unknown,No Casualty,Not a Pedestrian,No Casualty
19:55:00,Sunday,31-50,Male,2-5yr,Taxi,Other,Asphalt roads,Dry,Snow,Darkness - no lighting,Collision with roadside objects,2,2,Going straight,Female,18-30,3,Changing lane to the right,Slight Injury,Owner,Unknown,Normal,Not a Pedestrian,Slight Injury
20:30:00,Sunday,Over 51,Male,5-10yr,Automobile,Other,Asphalt roads,Wet or damp,Normal,Darkness - lights lit,Collision with pedestrians,2,6,Going straight,na,No Casualty,na,Changing lane to the right,Slight Injury,Governmental,Unknown,Normal,Not a Pedestrian,No Casualty
20:30:00,Sunday,Over 51,Male,1-2yr,Automobile,Office areas,Asphalt roads,Wet or damp,Normal,Darkness - lights lit,Vehicle with vehicle collision,2,6,Going straight,Male,18-30,3,Moving Backward,Slight Injury,Owner,Unknown,Normal,Not a Pedestrian,Slight Injury
20:30:00,Sunday,Over 51,Male,5-10yr,Automobile,Residential areas,Asphalt roads,Wet or damp,Normal,Darkness - lights lit,Collision with roadside objects,2,6,Going straight,Male,18-30,3,Overspeed,Slight Injury,Owner,Unknown,Normal,Not a Pedestrian,Slight Injury
20:30:00,Sunday,Over 51,Male,1-2yr,Long lorry,Recreational areas,Asphalt roads,Wet or damp,Normal,Darkness - lights lit,Vehicle with vehicle collision,2,6,Moving Backward,Male,31-50,3,Changing lane to the left,Slight Injury,Governmental,2-5yrs,Normal,Not a Pedestrian,Slight Injury
20:30:00,Sunday,Over 51,Male,Above 10yr,Public (12 seats),Other,Earth roads,Wet or damp,Normal,Darkness - lights lit,Vehicle with vehicle collision,2,6,Going straight,Male,Under 18,3,Changing lane to the right,Slight Injury,Owner,1-2yr,Normal,Not a Pedestrian,Slight Injury
20:30:00,Sunday,31-50,Male,1-2yr,Pick up upto 10Q,Residential areas,Asphalt roads,Wet or damp,Normal,Darkness - lights lit,Vehicle with vehicle collision,2,6,Moving Backward,na,No Casualty,na,No distancing,Slight Injury,Owner,Above 10yr,Normal,Not a Pedestrian,No Casualty
13:57:00,Wednesday,Over 51,Male,1-2yr,Automobile,Other,Asphalt roads,Snow,Normal,Daylight,Vehicle with vehicle collision,4,2,Moving Backward,Female,18-30,2,Changing lane to the right,Slight Injury,Owner,Unknown,Normal,Not a Pedestrian,Serious Injury
13:57:00,Wednesday,18-30,Male,2-5yr,Other,Other,Asphalt roads,Snow,Normal,Daylight,Vehicle with vehicle collision,4,2,Going straight,na,No Casualty,na,Changing lane to the right,Slight Injury,Owner,Unknown,Normal,Not a Pedestrian,No Casualty
13:57:00,Wednesday,18-30,Female,1-2yr,Lorry (41-100Q),Other,Asphalt roads,Snow,Normal,Daylight,Vehicle with vehicle collision,4,2,Other,Male,31-50,3,No distancing,Slight Injury,Owner,5-10yrs,Normal,Not a Pedestrian,Slight Injury
13:57:00,Wednesday,18-30,Female,1-2yr,Automobile,Other,Asphalt roads,Snow,Normal,Daylight,Collision with roadside objects,4,2,Going straight,na,No Casualty,na,Changing lane to the right,Slight Injury,Owner,Unknown,Normal,Not a Pedestrian,No Casualty
13:45:00,Sunday,Under 18,Male,Above 10yr,Pick up upto 10Q,Other,Asphalt roads,Wet or damp,Snow,Daylight,Vehicle with vehicle collision,2,1,Other,na,No Casualty,na,Driving carelessly,Slight Injury,Owner,2-5yrs,Normal,Not a Pedestrian,No Casualty
13:45:00,Sunday,18-30,Male,Above 10yr,Lorry (41-100Q),School areas,Asphalt roads,Wet or damp,Snow,Daylight,Collision with roadside objects,2,1,Going straight,Female,31-50,3,Driving carelessly,Slight Injury,Owner,Unknown,No Casualty,Not a Pedestrian,Slight Injury
07:44:00,Friday,18-30,Male,Above 10yr,Lorry (41-100Q),Office areas,Gravel roads,Dry,Normal,Darkness - lights lit,Vehicle with vehicle collision,2,1,Reversing,Male,Over 51,3,Changing lane to the right,Slight Injury,Owner,Unknown,Normal,Unknown or other,Slight Injury
07:44:00,Friday,18-30,Male,Above 10yr,Long lorry,Office areas,Asphalt roads,Dry,Normal,Darkness - lights lit,Vehicle with vehicle collision,2,1,Going straight,Male,18-30,3,Overturning,Slight Injury,Owner,Unknown,No Casualty,Not a Pedestrian,Slight Injury
15:35:00,Thursday,31-50,Male,1-2yr,Public (> 45 seats),Office areas,Asphalt roads,Dry,Normal,Daylight,Vehicle with vehicle collision,1,1,Going straight,na,No Casualty,na,Changing lane to the right,Slight Injury,Owner,5-10yrs,No Casualty,Not a Pedestrian,No Casualty
20:00:00,Friday,Over 51,Male,5-10yr,Public (> 45 seats),School areas,Asphalt roads,Wet or damp,Cloudy,Darkness - lights lit,Collision with roadside objects,2,2,Going straight,Male,Under 18,3,Moving Backward,Slight Injury,Owner,Unknown,Normal,Not a Pedestrian,Slight Injury
20:00:00,Friday,31-50,Male,2-5yr,Automobile,School areas,Other,Wet or damp,Cloudy,Darkness - lights lit,Collision with roadside objects,2,2,Going straight,Female,Under 18,3,No distancing,Slight Injury,Governmental,Unknown,Normal,Crossing from offside - masked by  parked or statioNot a Pedestrianry vehicle,Slight Injury
20:00:00,Friday,31-50,Male,2-5yr,Automobile,Office areas,Asphalt roads,Wet or damp,Cloudy,Darkness - lights lit,Vehicle with vehicle collision,2,2,Going straight,Male,31-50,3,Overturning,Slight Injury,Owner,Unknown,Normal,Not a Pedestrian,Slight Injury
17:46:00,Thursday,Over 51,Male,5-10yr,Automobile,Office areas,Asphalt roads,Snow,Other,Darkness - lights lit,Vehicle with vehicle collision,2,3,Going straight,na,No Casualty,na,Driving carelessly,Slight Injury,Owner,Unknown,Normal,Not a Pedestrian,No Casualty
17:46:00,Thursday,Over 51,Male,5-10yr,Other,School areas,Asphalt roads,Snow,Other,Darkness - lights lit,Vehicle with vehicle collision,2,3,Going straight,na,No Casualty,na,Changing lane to the right,Slight Injury,Governmental,Above 10yr,Normal,Not a Pedestrian,No Casualty
17:46:00,Thursday,31-50,Male,2-5yr,Public (12 seats),Other,Asphalt roads,Snow,Other,Darkness - lights lit,Vehicle with vehicle collision,2,3,Other,Male,18-30,3,Overspeed,Slight Injury,Owner,1-2yr,Normal,Not a Pedestrian,Slight Injury
14:20:00,Friday,18-30,Male,Above 10yr,Automobile,Other,Asphalt roads,Dry,Normal,Daylight,Vehicle with vehicle collision,1,1,Going straight,na,No Casualty,na,Changing lane to the left,Slight Injury,Owner,Above 10yr,Normal,Not a Pedestrian,No Casualty
12:15:00,Sunday,31-50,Male,5-10yr,Stationwagen,Other,Asphalt roads,Dry,Normal,Daylight,Vehicle with vehicle collision,2,1,Going straight,Male,Under 18,3,Driving carelessly,Slight Injury,Owner,Below 1yr,Normal,Not a Pedestrian,Slight Injury
12:15:00,Sunday,18-30,Male,Above 10yr,Automobile,Other,Asphalt roads,Dry,Normal,Daylight,Vehicle with vehicle collision,2,1,Going straight,Male,18-30,3,No distancing,Slight Injury,Owner,Above 10yr,Normal,"Walking along in carriageway, back to traffic",Slight Injury
07:40:00,Tuesday,18-30,Male,2-5yr,Automobile,Residential areas,Asphalt roads,Wet or damp,Normal,Darkness - lights lit,Collision with roadside objects,1,1,Going straight,na,No Casualty,na,Moving Backward,Slight Injury,Owner,Unknown,Normal,Not a Pedestrian,No Casualty
16:10:00,Wednesday,31-50,Male,2-5yr,Automobile,Other,Asphalt roads,Wet or damp,Rain,Darkness - lights lit,Collision with roadside objects,1,1,Reversing,Female,31-50,3,No priority to pedestrian,Slight Injury,Governmental,1-2yr,No Casualty,Not a Pedestrian,Slight Injury
08:35:00,Wednesday,31-50,Male,2-5yr,Automobile,Other,Asphalt roads,Wet or damp,Windy,Daylight,Collision with roadside objects,2,1,Going straight,Female,31-50,3,Moving Backward,Slight Injury,Owner,1-2yr,Normal,Not a Pedestrian,Slight Injury
08:35:00,Wednesday,18-30,Male,1-2yr,Automobile,Industrial areas,Asphalt roads,Wet or damp,Windy,Daylight,Vehicle with vehicle collision,2,1,Going straight,Female,Over 51,3,Changing lane to the right,Slight Injury,Owner,Unknown,No Casualty,Not a Pedestrian,Slight Injury
08:40:00,Wednesday,18-30,Male,5-10yr,Pick up upto 10Q,Recreational areas,Asphalt roads,Dry,Normal,Daylight,Vehicle with vehicle collision,1,1,Other,Female,18-30,3,No distancing,Slight Injury,Owner,Unknown,Normal,Not a Pedestrian,Slight Injury
18:49:00,Tuesday,18-30,Male,2-5yr,Turbo,Church areas,Asphalt roads,Dry,Normal,Darkness - lights lit,Vehicle with vehicle collision,1,1,Going straight,Female,31-50,3,Drunk driving,Slight Injury,Owner,Above 10yr,No Casualty,Not a Pedestrian,Slight Injury
12:46:00,Friday,31-50,Male,1-2yr,Pick up upto 10Q,Office areas,Asphalt roads,Dry,Normal,Daylight,Vehicle with vehicle collision,2,1,Going straight,Female,18-30,3,Changing lane to the right,Slight Injury,Owner,Unknown,Normal,Crossing from nearside - masked by parked or statioNot a Pedestrianry vehicle,Slight Injury
12:46:00,Friday,31-50,Male,1-2yr,Other,Other,Gravel roads,Dry,Normal,Daylight,Collision with pedestrians,2,1,Going straight,na,No Casualty,na,Driving carelessly,Slight Injury,Owner,Unknown,No Casualty,Not a Pedestrian,No Casualty
07:40:00,Wednesday,18-30,Male,5-10yr,Stationwagen,Office areas,Asphalt roads,Dry,Normal,Daylight,Collision with pedestrians,2,1,Turnover,Male,31-50,3,Driving to the left,Slight Injury,Owner,Unknown,No Casualty,Not a Pedestrian,Slight Injury
07:40:00,Wednesday,31-50,Male,5-10yr,Pick up upto 10Q,Office areas,Asphalt roads,Dry,Normal,Daylight,Vehicle with vehicle collision,2,1,Going straight,Male,31-50,3,Changing lane to the right,Slight Injury,Owner,Unknown,Normal,Not a Pedestrian,Slight Injury
06:00:00,Sunday,18-30,Female,1-2yr,Lorry (41-100Q),Other,Asphalt roads,Dry,Normal,Darkness - lights lit,Vehicle with vehicle collision,2,1,Going straight,na,No Casualty,na,Changing lane to the right,Serious Injury,Owner,Unknown,Normal,Not a Pedestrian,No Casualty
06:00:00,Sunday,18-30,Male,2-5yr,Lorry (41-100Q),Residential areas,Other,Dry,Normal,Darkness - lights lit,Vehicle with vehicle collision,2,1,Reversing,Female,Over 51,3,Driving carelessly,Serious Injury,Owner,Above 10yr,Normal,Not a Pedestrian,Slight Injury
15:00:00,Friday,31-50,Male,5-10yr,Automobile,Office areas,Asphalt roads,Dry,Normal,Daylight,Vehicle with vehicle collision,1,1,Other,Female,18-30,3,Changing lane to the left,Slight Injury,Owner,Above 10yr,Normal,Crossing from offside - masked by  parked or statioNot a Pedestrianry vehicle,Slight Injury
18:02:00,Wednesday,31-50,Male,5-10yr,Automobile,Residential areas,Other,Dry,Normal,Darkness - no lighting,Vehicle with vehicle collision,1,1,Going straight,Male,31-50,3,No priority to vehicle,Slight Injury,Owner,Above 10yr,No Casualty,Not a Pedestrian,Slight Injury
21:25:00,Thursday,18-30,Male,5-10yr,Pick up upto 10Q,School areas,Asphalt roads,Wet or damp,Normal,Darkness - lights lit,Vehicle with vehicle collision,2,2,Going straight,na,No Casualty,na,Driving carelessly,Slight Injury,Owner,Unknown,Normal,Not a Pedestrian,No Casualty
21:25:00,Thursday,18-30,Male,2-5yr,Pick up upto 10Q,Office areas,Asphalt roads,Wet or damp,Normal,Darkness - lights lit,Vehicle with vehicle collision,2,2,Moving Backward,na,No Casualty,na,Changing lane to the right,Slight Injury,Owner,Above 10yr,No Casualty,Not a Pedestrian,No Casualty
21:25:00,Thursday,18-30,Male,Above 10yr,Lorry (41-100Q),Other,Asphalt roads,Wet or damp,Normal,Darkness - lights lit,Vehicle with vehicle collision,2,2,Reversing,Male,18-30,3,Driving carelessly,Slight Injury,Owner,5-10yrs,Normal,Not a Pedestrian,Slight Injury
16:55:00,Friday,31-50,Male,Above 10yr,Public (12 seats),Other,Asphalt roads,Dry,Normal,Daylight,Vehicle with vehicle collision,3,3,Going straight,Male,31-50,3,Driving under the influence of drugs,Slight Injury,Owner,Above 10yr,Normal,Not a Pedestrian,Slight Injury
16:55:00,Friday,31-50,Male,5-10yr,Other,Church areas,Asphalt roads,Dry,Normal,Daylight,Vehicle with vehicle collision,3,3,Going straight,Female,18-30,3,No distancing,Slight Injury,Owner,Above 10yr,Normal,Not a Pedestrian,Slight Injury
16:55:00,Friday,31-50,Male,Above 10yr,Stationwagen,Office areas,Asphalt roads,Dry,Normal,Daylight,Collision with roadside objects,3,3,Moving Backward,Male,18-30,3,Changing lane to the left,Slight Injury,Owner,Unknown,Normal,Not a Pedestrian,Slight Injury
16:55:00,Friday,18-30,Female,Above 10yr,Automobile,Other,Asphalt roads,Dry,Normal,Daylight,Rollover,3,3,Going straight,Male,Over 51,2,No priority to vehicle,Slight Injury,Owner,Unknown,Normal,Unknown or other,Serious Injury
16:55:00,Friday,18-30,Female,2-5yr,Automobile,Office areas,Asphalt roads,Dry,Normal,Daylight,Vehicle with vehicle collision,3,3,Going straight,na,No Casualty,na,Moving Backward,Slight Injury,Owner,Unknown,Normal,Not a Pedestrian,No Casualty
20:15:00,Monday,18-30,Male,5-10yr,Lorry (41-100Q),Office areas,Asphalt roads,Dry,Normal,Darkness - no lighting,Vehicle with vehicle collision,2,2,Going straight,Male,18-30,3,Moving Backward,Slight Injury,Owner,Unknown,Normal,Not a Pedestrian,Slight Injury
20:15:00,Monday,18-30,Male,Below 1yr,Stationwagen,Office areas,Asphalt roads,Dry,Normal,Darkness - no lighting,Vehicle with vehicle collision,2,2,Going straight,na,No Casualty,na,No distancing,Slight Injury,Owner,Above 10yr,Normal,Not a Pedestrian,No Casualty
20:15:00,Monday,18-30,Male,5-10yr,Lorry (41-100Q),Church areas,Asphalt roads,Dry,Normal,Darkness - no lighting,Vehicle with vehicle collision,2,2,Going straight,Male,Under 18,3,Changing lane to the right,Slight Injury,Owner,Above 10yr,No Casualty,Not a Pedestrian,Slight Injury
15:30:00,Tuesday,31-50,Male,Above 10yr,Public (> 45 seats),Office areas,Asphalt roads,Dry,Normal,Daylight,Vehicle with vehicle collision,1,1,Going straight,na,No Casualty,na,Changing lane to the right,Slight Injury,Owner,Above 10yr,No Casualty,Not a Pedestrian,No Casualty
20:17:00,Thursday,31-50,Male,5-10yr,Automobile,Other,Asphalt roads,Wet or damp,Normal,Darkness - lights lit,Collision with roadside objects,2,1,Going straight,Male,18-30,3,Moving Backward,Slight Injury,Owner,5-10yrs,Normal,Not a Pedestrian,Slight Injury
20:17:00,Thursday,31-50,Male,1-2yr,Automobile,Other,Asphalt roads,Wet or damp,Normal,Darkness - lights lit,Collision with roadside objects,2,1,Going straight,na,No Casualty,na,Driving carelessly,Slight Injury,Owner,Unknown,Normal,Not a Pedestrian,No Casualty
13:07:00,Sunday,31-50,Male,5-10yr,Automobile,Church areas,Asphalt roads,Wet or damp,Rain,Daylight,Vehicle with vehicle collision,2,2,Reversing,Male,18-30,3,Driving under the influence of drugs,Slight Injury,Owner,5-10yrs,Normal,Not a Pedestrian,Slight Injury
13:07:00,Sunday,31-50,Male,1-2yr,Automobile,School areas,Asphalt roads,Wet or damp,Rain,Daylight,Collision with roadside objects,2,2,Going straight,na,No Casualty,na,No distancing,Slight Injury,Owner,1-2yr,Normal,Not a Pedestrian,No Casualty
13:07:00,Sunday,31-50,Male,Above 10yr,Lorry (41-100Q),Church areas,Asphalt roads,Wet or damp,Rain,Daylight,Vehicle with vehicle collision,2,2,Going straight,Male,31-50,3,No distancing,Slight Injury,Owner,Unknown,No Casualty,Not a Pedestrian,Slight Injury
16:30:00,Tuesday,31-50,Male,1-2yr,Lorry (41-100Q),Office areas,Asphalt roads,Dry,Normal,Daylight,Vehicle with vehicle collision,2,1,Going straight,na,No Casualty,na,No priority to vehicle,Slight Injury,Owner,Above 10yr,Normal,Not a Pedestrian,No Casualty
16:30:00,Tuesday,31-50,Male,5-10yr,Automobile,Other,Asphalt roads,Dry,Normal,Daylight,Vehicle with vehicle collision,2,1,Going straight,Male,18-30,3,Driving to the left,Slight Injury,Owner,2-5yrs,Normal,Not a Pedestrian,Slight Injury
15:18:00,Monday,31-50,Male,2-5yr,Stationwagen,Church areas,Asphalt roads,Dry,Normal,Daylight,Vehicle with vehicle collision,1,1,Going straight,Male,Under 18,3,No priority to vehicle,Serious Injury,Owner,Above 10yr,Normal,Not a Pedestrian,Slight Injury
17:40:00,Wednesday,18-30,Male,5-10yr,Public (12 seats),Other,Asphalt roads,Dry,Normal,Daylight,Vehicle with vehicle collision,1,1,Going straight,na,No Casualty,na,No priority to vehicle,Slight Injury,Governmental,1-2yr,Normal,Not a Pedestrian,No Casualty
18:32:00,Tuesday,18-30,Male,2-5yr,Public (12 seats),Other,Earth roads,Dry,Normal,Darkness - lights lit,Vehicle with vehicle collision,3,3,Other,Female,31-50,3,No priority to vehicle,Slight Injury,Governmental,Above 10yr,Normal,Not a Pedestrian,Slight Injury
18:32:00,Tuesday,18-30,Male,2-5yr,Automobile,Office areas,Asphalt roads,Dry,Normal,Darkness - lights lit,Collision with pedestrians,3,3,Moving Backward,Male,18-30,3,No distancing,Slight Injury,Organization,5-10yrs,Normal,Not a Pedestrian,Slight Injury
18:32:00,Tuesday,31-50,Male,Above 10yr,Public (12 seats),Other,Asphalt roads,Dry,Normal,Darkness - lights lit,Vehicle with vehicle collision,3,3,Other,na,No Casualty,na,Moving Backward,Slight Injury,Organization,Above 10yr,No Casualty,Not a Pedestrian,No Casualty
18:32:00,Tuesday,Over 51,Male,1-2yr,Public (12 seats),Other,Asphalt roads,Dry,Normal,Darkness - lights lit,Collision with roadside objects,3,3,Going straight,na,No Casualty,na,Changing lane to the right,Slight Injury,Owner,2-5yrs,Normal,Not a Pedestrian,No Casualty
18:35:00,Friday,31-50,Male,1-2yr,Lorry (41-100Q),Residential areas,Asphalt roads,Dry,Normal,Darkness - lights lit,Vehicle with vehicle collision,2,1,Going straight,Male,18-30,3,Driving carelessly,Slight Injury,Governmental,Unknown,Normal,Not a Pedestrian,Slight Injury
18:35:00,Friday,31-50,Male,5-10yr,Automobile,Office areas,Asphalt roads,Dry,Normal,Darkness - lights lit,Collision with roadside objects,2,1,Going straight,Male,31-50,2,Changing lane to the left,Slight Injury,Owner,2-5yrs,No Casualty,Not a Pedestrian,Serious Injury
12:10:00,Friday,18-30,Male,1-2yr,Lorry (41-100Q),Church areas,Asphalt roads,Dry,Normal,Daylight,Vehicle with vehicle collision,2,1,Other,na,No Casualty,na,No distancing,Slight Injury,Owner,2-5yrs,No Casualty,Not a Pedestrian,No Casualty
12:10:00,Friday,18-30,Male,5-10yr,Automobile,Other,Asphalt roads,Dry,Normal,Daylight,Vehicle with vehicle collision,2,1,Going straight,Male,31-50,3,Changing lane to the right,Slight Injury,Owner,1-2yr,Normal,Not a Pedestrian,Slight Injury
15:08:00,Monday,18-30,Male,Above 10yr,Automobile,Market areas,Asphalt roads,Dry,Unknown,Daylight,Collision with pedestrians,3,4,Going straight,na,No Casualty,na,Driving under the influence of drugs,Serious Injury,Owner,Above 10yr,No Casualty,Not a Pedestrian,No Casualty
15:08:00,Monday,18-30,Male,Above 10yr,Stationwagen,Other,Asphalt roads,Dry,Unknown,Daylight,Vehicle with vehicle collision,3,4,Going straight,na,No Casualty,na,No distancing,Serious Injury,Owner,Above 10yr,Normal,Not a Pedestrian,No Casualty
15:08:00,Monday,Over 51,Male,5-10yr,Automobile,Other,Asphalt roads,Dry,Unknown,Daylight,Vehicle with vehicle collision,3,4,Going straight,Male,Under 18,3,Overturning,Serious Injury,Owner,Unknown,Normal,Not a Pedestrian,Slight Injury
15:08:00,Monday,Over 51,Male,2-5yr,Automobile,Church areas,Gravel roads,Dry,Unknown,Daylight,Vehicle with vehicle collision,3,4,Going straight,Male,18-30,3,No distancing,Serious Injury,Owner,Unknown,Normal,Not a Pedestrian,Slight Injury
08:54:00,Thursday,18-30,Male,2-5yr,Automobile,Residential areas,Asphalt roads,Dry,Normal,Daylight,Vehicle with vehicle collision,1,1,Going straight,na,No Casualty,na,Changing lane to the right,Slight Injury,Governmental,1-2yr,Normal,Not a Pedestrian,No Casualty
16:51:00,Wednesday,31-50,Male,Below 1yr,Stationwagen,Other,Earth roads,Dry,Normal,Daylight,Collision with pedestrians,1,1,Moving Backward,Male,18-30,3,No priority to vehicle,Serious Injury,Owner,Unknown,Normal,Not a Pedestrian,Slight Injury
19:02:00,Friday,18-30,Male,2-5yr,Automobile,Other,Asphalt roads,Wet or damp,Normal,Darkness - lights lit,Vehicle with vehicle collision,2,1,Moving Backward,na,No Casualty,na,Changing lane to the right,Slight Injury,Owner,Unknown,Normal,Not a Pedestrian,No Casualty
19:02:00,Friday,18-30,Male,2-5yr,Other,Other,Asphalt roads,Wet or damp,Normal,Darkness - lights lit,Vehicle with vehicle collision,2,1,Going straight,Female,Over 51,3,Changing lane to the left,Slight Injury,Owner,Unknown,Normal,Not a Pedestrian,Slight Injury
08:10:00,Monday,18-30,Male,5-10yr,Other,Recreational areas,Asphalt roads,Wet or damp,Fog or mist,Daylight,Vehicle with vehicle collision,2,1,Going straight,Female,Over 51,3,No distancing,Slight Injury,Owner,Unknown,Normal,Unknown or other,Slight Injury
08:10:00,Monday,31-50,Male,Above 10yr,Automobile,Recreational areas,Earth roads,Wet or damp,Fog or mist,Daylight,Vehicle with vehicle collision,2,1,Turnover,Male,Under 18,3,No priority to pedestrian,Slight Injury,Owner,Unknown,No Casualty,Not a Pedestrian,Slight Injury
17:50:00,Friday,18-30,Male,5-10yr,Lorry (41-100Q),Other,Asphalt roads,Dry,Normal,Daylight,Collision with roadside objects,2,1,Going straight,Female,31-50,3,Driving carelessly,Slight Injury,Owner,Unknown,Normal,Not a Pedestrian,Slight Injury
17:50:00,Friday,31-50,Male,2-5yr,Lorry (41-100Q),Office areas,Asphalt roads,Dry,Normal,Daylight,Vehicle with vehicle collision,2,1,Going straight,Female,Over 51,3,No distancing,Slight Injury,Organization,1-2yr,Normal,Not a Pedestrian,Slight Injury
20:51:00,Tuesday,18-30,Male,5-10yr,Lorry (41-100Q),Residential areas,Asphalt roads,Wet or damp,Windy,Darkness - lights lit,Vehicle with vehicle collision,1,1,Going straight,na,No Casualty,na,Driving carelessly,Serious Injury,Owner,2-5yrs,Normal,Not a Pedestrian,No Casualty
14:00:00,Friday,31-50,Male,2-5yr,Automobile,Other,Asphalt roads,Dry,Normal,Daylight,Vehicle with vehicle collision,2,1,Going straight,Male,18-30,3,Driving carelessly,Slight Injury,Owner,2-5yrs,Normal,Not a Pedestrian,Slight Injury
14:00:00,Friday,18-30,Male,5-10yr,Automobile,Residential areas,Asphalt roads,Dry,Normal,Daylight,Vehicle with vehicle collision,2,1,Going straight,na,No Casualty,na,Moving Backward,Slight Injury,Owner,1-2yr,No Casualty,Not a Pedestrian,No Casualty
14:43:00,Friday,Over 51,Male,1-2yr,Public (13-45 seats),Church areas,Asphalt roads,Dry,Normal,Daylight,Collision with roadside objects,1,1,Going straight,na,No Casualty,na,Overtaking,Slight Injury,Owner,Unknown,Normal,Not a Pedestrian,No Casualty
16:26:00,Tuesday,Over 51,Male,2-5yr,Public (13-45 seats),Other,Asphalt roads,Dry,Normal,Daylight,Vehicle with vehicle collision,2,1,Going straight,Male,31-50,3,No priority to vehicle,Serious Injury,Owner,2-5yrs,Normal,Not a Pedestrian,Slight Injury
16:26:00,Tuesday,Over 51,Male,Above 10yr,Lorry (41-100Q),Office areas,Asphalt roads,Dry,Normal,Daylight,Vehicle with vehicle collision,2,1,Going straight,na,No Casualty,na,No priority to vehicle,Serious Injury,Owner,5-10yrs,Normal,Not a Pedestrian,No Casualty
13:54:00,Friday,31-50,Male,Below 1yr,Lorry (41-100Q),Other,Asphalt roads,Dry,Normal,Daylight,Vehicle with vehicle collision,2,2,Going straight,Male,31-50,3,Changing lane to the left,Slight Injury,Owner,2-5yrs,Normal,Not a Pedestrian,Slight Injury
13:54:00,Friday,31-50,Male,2-5yr,Public (12 seats),Recreational areas,Asphalt roads,Dry,Normal,Daylight,Vehicle with vehicle collision,2,2,Other,na,No Casualty,na,No priority to vehicle,Slight Injury,Owner,Unknown,Normal,Not a Pedestrian,No Casualty
13:54:00,Friday,18-30,Male,Below 1yr,Other,Other,Asphalt roads,Dry,Normal,Daylight,Vehicle with vehicle collision,2,2,Getting off,Male,Under 18,3,No distancing,Slight Injury,Owner,Unknown,Normal,Not a Pedestrian,Slight Injury
15:31:00,Monday,31-50,Male,5-10yr,Lorry (41-100Q),Office areas,Asphalt roads,Dry,Cloudy,Daylight,Vehicle with vehicle collision,2,1,Going straight,Male,18-30,3,Moving Backward,Slight Injury,Owner,1-2yr,No Casualty,Not a Pedestrian,Slight Injury
15:31:00,Monday,Over 51,Male,1-2yr,Automobile,Residential areas,Asphalt roads,Dry,Cloudy,Daylight,Vehicle with vehicle collision,2,1,Going straight,na,No Casualty,na,Changing lane to the right,Slight Injury,Governmental,Unknown,Normal,Not a Pedestrian,No Casualty
12:30:00,Thursday,18-30,Male,Below 1yr,Other,Office areas,Asphalt roads,Wet or damp,Normal,Daylight,Vehicle with vehicle collision,1,1,Going straight,Male,31-50,3,No distancing,Slight Injury,Owner,Unknown,Normal,Not a Pedestrian,Slight Injury
18:45:00,Wednesday,18-30,Male,5-10yr,Motorcycle,Office areas,Asphalt roads,Wet or damp,Rain,Darkness - lights lit,Vehicle with vehicle collision,2,1,Other,na,No Casualty,na,Overtaking,Slight Injury,Owner,Unknown,Normal,Not a Pedestrian,No Casualty
18:45:00,Wednesday,31-50,Male,Below 1yr,Automobile,Church areas,Asphalt roads,Wet or damp,Rain,Darkness - lights lit,Vehicle with vehicle collision,2,1,Going straight,Male,18-30,3,No distancing,Slight Injury,Owner,Unknown,Normal,Not a Pedestrian,Slight Injury
19:12:00,Tuesday,31-50,Male,Below 1yr,Automobile,Church areas,Asphalt roads,Dry,Normal,Darkness - lights lit,Vehicle with vehicle collision,1,1,Moving Backward,na,No Casualty,na,Changing lane to the left,Serious Injury,Owner,Unknown,No Casualty,Not a Pedestrian,No Casualty