Time,Day_of_week,Age_band_of_driver,Sex_of_driver,Driving_experience,Type_of_vehicle,Area_accident_occured,Road_surface_type,Road_surface_conditions,Weather_conditions,Light_conditions,Type_of_collision,Number_of_vehicles_involved,Number_of_casualties,Vehicle_movement,Sex_of_casualty,Age_band_of_casualty,Casualty_severity,Cause_of_accident,Accident_severity,Owner_of_vehicle,Service_year_of_vehicle,Fitness_of_casuality,Pedestrian_movement,Casualty_severity_label
12:29:00,Tuesday,31-50,Male,Below 1yr,Ridden horse,Church areas,Asphalt roads,Dry,Normal,Daylight,Vehicle with vehicle collision,3,3,Going straight,Female,18-30,3,Other,Slight Injury,Owner,Unknown,Normal,Crossing from nearside - masked by parked or statioNot a Pedestrianry vehicle,Slight Injury
12:29:00,Tuesday,18-30,Male,5-10yr,Lorry (41-100Q),Industrial areas,Asphalt roads,Dry,Normal,Daylight,Vehicle with vehicle collision,3,3,Going straight,na,No Casualty,na,Changing lane to the right,Slight Injury,Owner,Above 10yr,Normal,Not a Pedestrian,No Casualty
12:29:00,Tuesday,31-50,Male,Above 10yr,Lorry (41-100Q),Recreational areas,Asphalt roads,Dry,Normal,Daylight,Collision with roadside objects,3,3,Going straight,Female,Under 18,3,Changing lane to the right,Slight Injury,Owner,Unknown,No Casualty,Not a Pedestrian,Slight Injury
12:29:00,Tuesday,31-50,Male,5-10yr,Pick up upto 10Q,Market areas,Asphalt roads,Dry,Normal,Daylight,Vehicle with vehicle collision,3,3,Going straight,Female,31-50,3,Overtaking,Slight Injury,Owner,Unknown,Normal,Not a Pedestrian,Slight Injury
08:27:00,Wednesday,18-30,Male,1-2yr,Lorry (11-40Q),Other,Asphalt roads,Dry,Normal,Daylight,Vehicle with vehicle collision,3,1,Moving Backward,Female,Over 51,3,Other,Serious Injury,Owner,Unknown,Normal,Not a Pedestrian,Slight Injury
08:27:00,Wednesday,18-30,Male,5-10yr,Automobile,Other,Asphalt roads,Dry,Normal,Daylight,Vehicle with vehicle collision,3,1,Going straight,na,No Casualty,na,Driving to the left,Serious Injury,Owner,Unknown,Normal,Not a Pedestrian,No Casualty
08:27:00,Wednesday,Over 51,Male,1-2yr,Automobile,Industrial areas,Asphalt roads,Dry,Normal,Daylight,Rollover,3,1,Other,Male,Over 51,3,Overtaking,Serious Injury,Owner,Unknown,Normal,Not a Pedestrian,Slight Injury
12:05:00,Friday,Over 51,Male,Above 10yr,Lorry (11-40Q),Other,Asphalt roads,Wet or damp,Windy,Daylight,Rollover,3,1,Going straight,Female,31-50,3,No priority to vehicle,Slight Injury,Governmental,2-5yrs,Normal,Crossing from nearside - masked by parked or statioNot a Pedestrianry vehicle,Slight Injury
12:05:00,Friday,Over 51,Male,1-2yr,Motorcycle,Office areas,Asphalt roads,Wet or damp,Windy,Daylight,Collision with pedestrians,3,1,Going straight,Male,18-30,3,Moving Backward,Slight Injury,Governmental,Unknown,Normal,Not a Pedestrian,Slight Injury
12:05:00,Friday,31-50,Male,5-10yr,Lorry (41-100Q),Other,Asphalt roads,Wet or damp,Windy,Daylight,Vehicle with vehicle collision,3,1,Going straight,na,No Casualty,na,Other,Slight Injury,Owner,Unknown,Normal,Not a Pedestrian,No Casualty
12:51:00,Thursday,31-50,Male,2-5yr,Stationwagen,Office areas,Asphalt roads,Dry,Normal,Daylight,Vehicle with vehicle collision,2,1,Going straight,Male,Under 18,3,No priority to vehicle,Slight Injury,Owner,Unknown,No Casualty,Not a Pedestrian,Slight Injury
12:51:00,Thursday,31-50,Male,5-10yr,Automobile,Office areas,Asphalt roads,Dry,Normal,Daylight,Vehicle with vehicle collision,2,1,Going straight,na,No Casualty,na,No priority to pedestrian,Slight Injury,Owner,Unknown,Normal,Not a Pedestrian,No Casualty
11:10:00,Sunday,Under 18,Male,2-5yr,Other,Other,Asphalt roads,Wet or damp,Normal,Daylight,Collision with pedestrians,3,4,Moving Backward,Male,Under 18,3,Changing lane to the right,Slight Injury,Organization,Unknown,Normal,Not a Pedestrian,Slight Injury
11:10:00,Sunday,18-30,Male,2-5yr,Other,Other,Asphalt roads,Wet or damp,Normal,Daylight,Collision with pedestrians,3,4,Going straight,na,No Casualty,na,Changing lane to the right,Slight Injury,Governmental,2-5yrs,Normal,Not a Pedestrian,No Casualty
11:10:00,Sunday,31-50,Male,Above 10yr,Taxi,Other,Asphalt roads,Wet or damp,Normal,Daylight,Vehicle with vehicle collision,3,4,Going straight,Female,18-30,3,Changing lane to the right,Slight Injury,Owner,Unknown,Normal,Not a Pedestrian,Slight Injury
11:10:00,Sunday,31-50,Male,1-2yr,Automobile,Other,Asphalt roads,Wet or damp,Normal,Daylight,Vehicle with vehicle collision,3,4,Going straight,na,No Casualty,na,Driving to the left,Slight Injury,Owner,Above 10yr,Normal,Not a Pedestrian,No Casualty
10:30:00,Monday,Over 51,Male,1-2yr,Long lorry,Residential areas,Asphalt roads,Wet or damp,Normal,Daylight,Vehicle with vehicle collision,1,1,Going straight,Male,Under 18,3,Changing lane to the left,Serious Injury,Owner,Unknown,Normal,Not a Pedestrian,Slight Injury
22:25:00,Thursday,31-50,Male,5-10yr,Long lorry,Church areas,Asphalt roads,Dry,Cloudy,Darkness - no lighting,Collision with roadside objects,2,1,Going straight,Male,18-30,3,Moving Backward,Slight Injury,Owner,2-5yrs,Normal,Not a Pedestrian,Slight Injury
22:25:00,Thursday,31-50,Male,1-2yr,Lorry (41-100Q),Office areas,Asphalt roads,Dry,Cloudy,Darkness - no lighting,Vehicle with vehicle collision,2,1,Going straight,na,No Casualty,na,Overspeed,Slight Injury,Owner,2-5yrs,Normal,Not a Pedestrian,No Casualty
17:27:00,Friday,Over 51,Male,5-10yr,Lorry (41-100Q),Church areas,Asphalt roads,Wet or damp,Normal,Darkness - lights lit,Collision with roadside objects,2,2,Going straight,na,No Casualty,na,Moving Backward,Slight Injury,Owner,2-5yrs,Normal,Not a Pedestrian,No Casualty
17:27:00,Friday,31-50,Male,Above 10yr,Lorry (11-40Q),Other,Asphalt roads,Wet or damp,Normal,Darkness - lights lit,Vehicle with vehicle collision,2,2,Going straight,Male,Under 18,3,No distancing,Slight Injury,Owner,2-5yrs,No Casualty,Not a Pedestrian,Slight Injury
12:10:00,Tuesday,Over 51,Male,Above 10yr,Automobile,Other,Asphalt roads,Wet or damp,Normal,Daylight,Vehicle with vehicle collision,2,1,Going straight,Male,Under 18,3,Other,Slight Injury,Owner,Unknown,Normal,Crossing from driver's nearside,Slight Injury
12:10:00,Tuesday,31-50,Male,5-10yr,Taxi,School areas,Asphalt roads,Wet or damp,Normal,Daylight,Collision with roadside objects,2,1,Going straight,na,No Casualty,na,No priority to vehicle,Slight Injury,Owner,1-2yr,Normal,Not a Pedestrian,No Casualty
08:00:00,Tuesday,Over 51,Male,2-5yr,Other,Office areas,Asphalt roads,Dry,Normal,Daylight,Vehicle with vehicle collision,3,3,Going straight,Male,31-50,3,Changing lane to the right,Serious Injury,Owner,5-10yrs,No Casualty,Not a Pedestrian,Slight Injury
08:00:00,Tuesday,18-30,Male,2-5yr,Automobile,Other,Asphalt roads,Dry,Normal,Daylight,Vehicle with vehicle collision,3,3,Other,Female,18-30,3,Other,Serious Injury,Owner,Below 1yr,Normal,Not a Pedestrian,Slight Injury
08:00:00,Tuesday,31-50,Male,Below 1yr,Automobile,Office areas,Asphalt roads,Dry,Normal,Daylight,Collision with roadside objects,3,3,Going straight,na,No Casualty,na,No distancing,Serious Injury,Owner,Unknown,Normal,Not a Pedestrian,No Casualty
17:00:00,Tuesday,18-30,Male,2-5yr,Automobile,Other,Asphalt roads,Wet or damp,Normal,Darkness - lights lit,Collision with roadside objects,1,1,Going straight,Female,18-30,3,Driving carelessly,Serious Injury,Owner,Unknown,Normal,Not a Pedestrian,Slight Injury
17:45:00,Wednesday,18-30,Female,2-5yr,Automobile,Other,Asphalt roads,Dry,Normal,Darkness - lights lit,Vehicle with vehicle collision,1,1,Going straight,na,No Casualty,na,No distancing,Slight Injury,Owner,2-5yrs,Normal,Not a Pedestrian,No Casualty
09:57:00,Thursday,31-50,Male,5-10yr,Public (> 45 seats),Office areas,Asphalt roads,Dry,Normal,Daylight,Vehicle with vehicle collision,2,1,Going straight,Male,Under 18,2,Moving Backward,Slight Injury,Owner,Unknown,Normal,Unknown or other,Serious Injury
09:57:00,Thursday,Over 51,Male,Above 10yr,Lorry (11-40Q),Other,Asphalt roads,Dry,Normal,Daylight,Vehicle with vehicle collision,2,1,Going straight,Female,31-50,3,No distancing,Slight Injury,Owner,Unknown,Normal,Not a Pedestrian,Slight Injury
18:00:00,Friday,31-50,Male,5-10yr,Lorry (41-100Q),Church areas,Asphalt roads,Dry,Normal,Darkness - lights lit,Vehicle with vehicle collision,2,1,Going straight,na,No Casualty,na,Moving Backward,Serious Injury,Owner,Unknown,Normal,Not a Pedestrian,No Casualty
18:00:00,Friday,18-30,Female,2-5yr,Lorry (41-100Q),Office areas,Asphalt roads,Dry,Normal,Darkness - lights lit,Vehicle with vehicle collision,2,1,Moving Backward,Male,18-30,3,No priority to pedestrian,Serious Injury,Owner,Unknown,Normal,Not a Pedestrian,Slight Injury
19:00:00,Tuesday,18-30,Male,5-10yr,Stationwagen,Office areas,Asphalt roads,Wet or damp,Other,Darkness - lights lit,Vehicle with vehicle collision,2,3,Going straight,na,No Casualty,na,Changing lane to the left,Slight Injury,Owner,Above 10yr,Normal,Not a Pedestrian,No Casualty
19:00:00,Tuesday,31-50,Male,2-5yr,Other,Other,Asphalt roads,Wet or damp,Other,Darkness - lights lit,Vehicle with vehicle collision,2,3,Going straight,Male,Under 18,2,No distancing,Slight Injury,Owner,2-5yrs,Normal,Not a Pedestrian,Serious Injury
19:00:00,Tuesday,31-50,Male,5-10yr,Automobile,Residential areas,Asphalt roads,Wet or damp,Other,Darkness - lights lit,Vehicle with vehicle collision,2,3,Going straight,Male,31-50,3,Other,Slight Injury,Owner,2-5yrs,No Casualty,Not a Pedestrian,Slight Injury
19:00:00,Tuesday,31-50,Male,1-2yr,Pick up upto 10Q,Residential areas,Asphalt roads,Wet or damp,Other,Darkness - lights lit,Vehicle with vehicle collision,2,3,Going straight,Male,18-30,3,No distancing,Slight Injury,Owner,Unknown,Normal,Not a Pedestrian,Slight Injury
13:05:00,Friday,31-50,Male,2-5yr,Motorcycle,Other,Asphalt roads,Dry,Normal,Daylight,Vehicle with vehicle collision,2,2,Going straight,Male,Over 51,2,No priority to pedestrian,Serious Injury,Owner,5-10yrs,No Casualty,Crossing from driver's nearside,Serious Injury
13:05:00,Friday,18-30,Male,Above 10yr,Automobile,Other,Asphalt roads,Dry,Normal,Daylight,Vehicle with vehicle collision,2,2,Going straight,Male,18-30,3,Moving Backward,Serious Injury,Owner,Unknown,Normal,Not a Pedestrian,Slight Injury
08:25:00,Wednesday,Over 51,Male,Below 1yr,Pick up upto 10Q,Office areas,Asphalt roads,Wet or damp,Rain,Daylight,Vehicle with vehicle collision,1,1,Going straight,Male,Under 18,2,No priority to pedestrian,Slight Injury,Owner,Unknown,Normal,Not a Pedestrian,Serious Injury
13:51:00,Tuesday,Under 18,Male,2-5yr,Motorcycle,School areas,Asphalt roads,Wet or damp,Normal,Daylight,Vehicle with vehicle collision,1,1,Going straight,na,No Casualty,na,No distancing,Serious Injury,Governmental,Unknown,Normal,Not a Pedestrian,No Casualty
16:10:00,Monday,31-50,Male,Below 1yr,Stationwagen,Other,Asphalt roads,Wet or damp,Normal,Darkness - lights unlit,Vehicle with vehicle collision,2,2,Going straight,Male,18-30,2,No priority to pedestrian,Slight Injury,Owner,Unknown,Normal,Not a Pedestrian,Serious Injury
16:10:00,Monday,31-50,Male,5-10yr,Lorry (41-100Q),Other,Asphalt roads,Wet or damp,Normal,Darkness - lights unlit,Vehicle with vehicle collision,2,2,Going straight,na,No Casualty,na,Driving carelessly,Slight Injury,Owner,5-10yrs,No Casualty,Not a Pedestrian,No Casualty
08:55:00,Thursday,18-30,Male,1-2yr,Taxi,Church areas,Asphalt roads,Wet or damp,Other,Daylight,Vehicle with vehicle collision,2,2,Going straight,Male,31-50,3,Getting off the vehicle improperly,Slight Injury,Governmental,Unknown,Normal,Not a Pedestrian,Slight Injury
08:55:00,Thursday,Over 51,Male,Below 1yr,Automobile,Office areas,Asphalt roads,Wet or damp,Other,Daylight,Vehicle with vehicle collision,2,2,Going straight,Male,31-50,3,Driving carelessly,Slight Injury,Owner,Unknown,No Casualty,Not a Pedestrian,Slight Injury
08:55:00,Thursday,Over 51,Male,5-10yr,Long lorry,Other,Asphalt roads,Wet or damp,Other,Daylight,Vehicle with vehicle collision,2,2,Other,na,No Casualty,na,Changing lane to the left,Slight Injury,Owner,Unknown,No Casualty,Not a Pedestrian,No Casualty
02:04:00,Thursday,31-50,Male,Below 1yr,Automobile,Residential areas,Asphalt roads,Wet or damp,Other,Darkness - lights lit,Collision with roadside objects,1,1,Going straight,Male,18-30,3,No priority to vehicle,Slight Injury,Governmental,Unknown,No Casualty,Not a Pedestrian,Slight Injury
07:30:00,Wednesday,Over 51,Male,Below 1yr,Public (12 seats),Office areas,Asphalt roads,Wet or damp,Windy,Darkness - lights lit,Vehicle with vehicle collision,2,1,Going straight,na,No Casualty,na,Changing lane to the right,Slight Injury,Owner,Unknown,No Casualty,Not a Pedestrian,No Casualty
07:30:00,Wednesday,31-50,Male,5-10yr,Lorry (11-40Q),Office areas,Asphalt roads,Wet or damp,Windy,Darkness - lights lit,Collision with pedestrians,2,1,Going straight,Male,18-30,3,Changing lane to the right,Slight Injury,Owner,Unknown,Normal,Not a Pedestrian,Slight Injury
11:44:00,Wednesday,Over 51,Male,2-5yr,Pick up upto 10Q,Office areas,Asphalt roads,Dry,Normal,Daylight,Vehicle with vehicle collision,1,1,Going straight,na,No Casualty,na,No distancing,Slight Injury,Owner,Below 1yr,Normal,Not a Pedestrian,No Casualty
18:15:00,Thursday,Over 51,Male,Above 10yr,Lorry (41-100Q),Church areas,Asphalt roads,Wet or damp,Rain,Darkness - lights lit,Collision with roadside objects,2,1,Going straight,na,No Casualty,na,No distancing,Serious Injury,Organization,1-2yr,Normal,Not a Pedestrian,No Casualty
18:15:00,Thursday,Under 18,Male,Above 10yr,Other,Office areas,Asphalt roads,Wet or damp,Rain,Darkness - lights lit,Vehicle with vehicle collision,2,1,Going straight,Female,31-50,3,Changing lane to the left,Serious Injury,Owner,Unknown,Normal,Not a Pedestrian,Slight Injury
14:29:00,Friday,31-50,Male,5-10yr,Automobile,Office areas,Asphalt roads,Dry,Unknown,Daylight,Vehicle with vehicle collision,2,1,Going straight,Male,18-30,3,Changing lane to the right,Slight Injury,Owner,1-2yr,No Casualty,Not a Pedestrian,Slight Injury
14:29:00,Friday,18-30,Male,1-2yr,Long lorry,Office areas,Asphalt roads,Dry,Unknown,Daylight,Vehicle with vehicle collision,2,1,Other,na,No Casualty,na,No priority to vehicle,Slight Injury,Owner,Unknown,Normal,Not a Pedestrian,No Casualty
02:10:00,Friday,18-30,Female,Below 1yr,Lorry (11-40Q),Office areas,Asphalt roads,Dry,Normal,Darkness - lights lit,Vehicle with vehicle collision,1,1,Going straight,Male,18-30,2,Changing lane to the left,Slight Injury,Owner,5-10yrs,Normal,Not a Pedestrian,Serious Injury
17:15:00,Wednesday,Over 51,Male,Below 1yr,Long lorry,Other,Asphalt roads,Wet or damp,Unknown,Darkness - lights lit,Vehicle with vehicle collision,1,1,Going straight,na,No Casualty,na,No priority to vehicle,Serious Injury,Owner,Unknown,Normal,Not a Pedestrian,No Casualty
11:29:00,Friday,18-30,Male,2-5yr,Automobile,Residential areas,Asphalt roads,Dry,Normal,Daylight,Rollover,2,3,Going straight,Male,18-30,3,Moving Backward,Slight Injury,Owner,Unknown,Normal,Not a Pedestrian,Slight Injury
11:29:00,Friday,Over 51,Male,1-2yr,Taxi,Church areas,Asphalt roads,Dry,Normal,Daylight,Collision with roadside objects,2,3,Going straight,Male,Under 18,2,Turnover,Slight Injury,Owner,Unknown,No Casualty,Not a Pedestrian,Serious Injury
11:29:00,Friday,Over 51,Male,5-10yr,Taxi,Other,Asphalt roads,Dry,Normal,Daylight,Vehicle with vehicle collision,2,3,Going straight,na,No Casualty,na,No distancing,Slight Injury,Owner,Unknown,Normal,Not a Pedestrian,No Casualty
11:29:00,Friday,Over 51,Male,2-5yr,Long lorry,Recreational areas,Asphalt roads,Dry,Normal,Daylight,Collision with roadside objects,2,3,Going straight,Male,31-50,3,No distancing,Slight Injury,Owner,Unknown,Normal,Not a Pedestrian,Slight Injury
10:20:00,Sunday,Over 51,Male,5-10yr,Lorry (11-40Q),Other,Asphalt roads,Dry,Normal,Daylight,Vehicle with vehicle collision,2,2,Going straight,Female,18-30,3,No distancing,Slight Injury,Owner,Unknown,No Casualty,Not a Pedestrian,Slight Injury
10:20:00,Sunday,31-50,Male,Above 10yr,Lorry (11-40Q),Industrial areas,Asphalt roads,Dry,Normal,Daylight,Vehicle with vehicle collision,2,2,Going straight,na,No Casualty,na,Changing lane to the left,Slight Injury,Owner,Unknown,Normal,Not a Pedestrian,No Casualty
10:20:00,Sunday,31-50,Male,5-10yr,Long lorry,Other,Asphalt roads,Dry,Normal,Daylight,Vehicle with vehicle collision,2,2,Going straight,Male,18-30,3,No priority to vehicle,Slight Injury,Owner,Unknown,Normal,Not a Pedestrian,Slight Injury
18:05:00,Tuesday,31-50,Male,5-10yr,Turbo,Other,Asphalt roads,Wet or damp,Rain,Darkness - lights lit,Vehicle with vehicle collision,2,1,Moving Backward,na,No Casualty,na,Overspeed,Slight Injury,Owner,Unknown,Normal,Not a Pedestrian,No Casualty
18:05:00,Tuesday,18-30,Male,5-10yr,Long lorry,Church areas,Asphalt roads,Wet or damp,Rain,Darkness - lights lit,Vehicle with vehicle collision,2,1,Going straight,Female,Under 18,3,Overtaking,Slight Injury,Owner,5-10yrs,Normal,Not a Pedestrian,Slight Injury
13:32:00,Wednesday,Over 51,Male,Above 10yr,Long lorry,Church areas,Asphalt roads,Dry,Normal,Daylight,Collision with roadside objects,2,2,Going straight,Male,18-30,2,Other,Slight Injury,Owner,5-10yrs,Normal,Not a Pedestrian,Serious Injury
13:32:00,Wednesday,Over 51,Male,1-2yr,Public (13-45 seats),Other,Asphalt roads,Dry,Normal,Daylight,Vehicle with vehicle collision,2,2,Going straight,na,No Casualty,na,Changing lane to the left,Slight Injury,Owner,Unknown,Normal,Not a Pedestrian,No Casualty
13:32:00,Wednesday,31-50,Male,2-5yr,Automobile,Other,Asphalt roads,Dry,Normal,Daylight,Collision with roadside objects,2,2,Going straight,Female,18-30,3,No priority to pedestrian,Slight Injury,Owner,Unknown,Normal,"In carriageway, statioNot a Pedestrianry - not crossing  (standing or playing)",Slight Injury
15:20:00,Tuesday,18-30,Male,1-2yr,Automobile,Recreational areas,Asphalt roads,Dry,Normal,Daylight,Vehicle with vehicle collision,1,1,Moving Backward,Female,31-50,3,Changing lane to the left,Slight Injury,Governmental,2-5yrs,No Casualty,Not a Pedestrian,Slight Injury
09:51:00,Thursday,Over 51,Male,5-10yr,Pick up upto 10Q,Other,Asphalt roads,Dry,Normal,Daylight,Vehicle with vehicle collision,1,1,Going straight,na,No Casualty,na,No distancing,Slight Injury,Owner,2-5yrs,No Casualty,Not a Pedestrian,No Casualty
11:50:00,Monday,18-30,Female,5-10yr,Automobile,Office areas,Asphalt roads,Dry,Normal,Daylight,Vehicle with vehicle collision,3,1,Other,na,No Casualty,na,Moving Backward,Slight Injury,Owner,5-10yrs,Normal,Not a Pedestrian,No Casualty
11:50:00,Monday,18-30,Male,5-10yr,Stationwagen,Church areas,Asphalt roads,Dry,Normal,Daylight,Vehicle with vehicle collision,3,1,Other,Male,18-30,3,Changing lane to the left,Slight Injury,Owner,5-10yrs,Normal,Not a Pedestrian,Slight Injury
11:50:00,Monday,18-30,Male,Above 10yr,Automobile,Office areas,Asphalt roads,Dry,Normal,Daylight,Vehicle with vehicle collision,3,1,Going straight,na,No Casualty,na,Other,Slight Injury,Owner,2-5yrs,Normal,Not a Pedestrian,No Casualty
10:35:00,Wednesday,Under 18,Male,2-5yr,Automobile,Office areas,Asphalt roads,Wet or damp,Normal,Daylight,Vehicle with vehicle collision,2,2,Going straight,Male,18-30,3,No distancing,Serious Injury,Owner,Unknown,No Casualty,Not a Pedestrian,Slight Injury
10:35:00,Wednesday,Under 18,Male,Above 10yr,Automobile,Other,Asphalt roads,Wet or damp,Normal,Daylight,Vehicle with vehicle collision,2,2,Going straight,Male,18-30,3,Moving Backward,Serious Injury,Owner,2-5yrs,Normal,Not a Pedestrian,Slight Injury
10:35:00,Wednesday,31-50,Male,2-5yr,Long lorry,Residential areas,Asphalt roads,Wet or damp,Normal,Daylight,Vehicle with vehicle collision,2,2,Going straight,na,No Casualty,na,No distancing,Serious Injury,Governmental,Unknown,Normal,Not a Pedestrian,No Casualty
18:30:00,Thursday,18-30,Male,5-10yr,Public (13-45 seats),Office areas,Asphalt roads,Dry,Normal,Darkness - lights lit,Vehicle with vehicle collision,2,1,Other,na,No Casualty,na,Changing lane to the left,Slight Injury,Owner,2-5yrs,Normal,Not a Pedestrian,No Casualty
18:30:00,Thursday,31-50,Male,5-10yr,Public (13-45 seats),Residential areas,Asphalt roads,Dry,Normal,Darkness - lights lit,Vehicle with vehicle collision,2,1,Going straight,Female,31-50,3,Changing lane to the left,Slight Injury,Owner,2-5yrs,No Casualty,Not a Pedestrian,Slight Injury
18:30:00,Friday,31-50,Male,5-10yr,Lorry (11-40Q),Residential areas,Asphalt roads,Dry,Normal,Darkness - lights lit,Vehicle with vehicle collision,2,1,Getting off,na,No Casualty,na,No priority to pedestrian,Slight Injury,Owner,Unknown,Normal,Not a Pedestrian,No Casualty
18:30:00,Friday,18-30,Male,5-10yr,Lorry (11-40Q),Other,Asphalt roads,Dry,Normal,Darkness - lights lit,Rollover,2,1,Going straight,Male,31-50,3,Changing lane to the left,Slight Injury,Owner,Unknown,Normal,Not a Pedestrian,Slight Injury
11:55:00,Friday,31-50,Male,Above 10yr,Pick up upto 10Q,Hospital areas,Asphalt roads,Dry,Normal,Daylight,Collision with roadside objects,1,2,Going straight,Male,31-50,3,Driving carelessly,Slight Injury,Owner,Unknown,Normal,Not a Pedestrian,Slight Injury
11:55:00,Friday,31-50,Male,Below 1yr,Automobile,Other,Asphalt roads,Dry,Normal,Daylight,Vehicle with vehicle collision,1,2,Going straight,Male,18-30,2,Driving carelessly,Slight Injury,Governmental,Unknown,Normal,Crossing from offside - masked by  parked or statioNot a Pedestrianry vehicle,Serious Injury
07:30:00,Wednesday,Over 51,Male,5-10yr,Automobile,Other,Asphalt roads,Wet or damp,Other,Darkness - lights lit,Vehicle with vehicle collision,2,1,Going straight,Female,Under 18,3,No priority to pedestrian,Slight Injury,Owner,Unknown,Normal,Not a Pedestrian,Slight Injury
07:30:00,Wednesday,31-50,Male,1-2yr,Automobile,Recreational areas,Asphalt roads,Wet or damp,Other,Darkness - lights lit,Collision with roadside objects,2,1,Going straight,na,No Casualty,na,Getting off the vehicle improperly,Slight Injury,Owner,Unknown,No Casualty,Not a Pedestrian,No Casualty
00:09:00,Monday,18-30,Male,5-10yr,Long lorry,Other,Asphalt roads,Wet or damp,Normal,Darkness - lights lit,Vehicle with vehicle collision,2,1,Going straight,Male,18-30,3,No distancing,Slight Injury,Owner,Unknown,Normal,Not a Pedestrian,Slight Injury
00:09:00,Monday,31-50,Male,Above 10yr,Long lorry,Other,Asphalt roads,Wet or damp,Normal,Darkness - lights lit,Vehicle with vehicle collision,2,1,Moving Backward,na,No Casualty,na,Changing lane to the left,Slight Injury,Owner,Unknown,Normal,Not a Pedestrian,No Casualty
19:47:00,Friday,18-30,Female,2-5yr,Automobile,Other,Asphalt roads,Wet or damp,Normal,Darkness - lights lit,Vehicle with vehicle collision,2,1,Going straight,Male,18-30,3,No priority to vehicle,Serious Injury,Owner,Unknown,Normal,Not a Pedestrian,Slight Injury
19:47:00,Friday,31-50,Male,1-2yr,Stationwagen,Office areas,Asphalt roads,Wet or damp,Normal,Darkness - lights lit,Rollover,2,1,Other,Male,Under 18,3,No distancing,Serious Injury,Owner,Below 1yr,Normal,Not a Pedestrian,Slight Injury
19:00:00,Wednesday,31-50,Male,1-2yr,Automobile,Other,Asphalt roads,Dry,Normal,Darkness - lights lit,Rollover,2,1,Going straight,na,No Casualty,na,No priority to pedestrian,Slight Injury,Owner,2-5yrs,Normal,Not a Pedestrian,No Casualty
19:00:00,Wednesday,Under 18,Male,2-5yr,Other,Residential areas,Asphalt roads,Dry,Normal,Darkness - lights lit,Collision with pedestrians,2,1,Going straight,na,No Casualty,na,No priority to pedestrian,Slight Injury,Owner,Unknown,Normal,Not a Pedestrian,No Casualty
12:00:00,Thursday,18-30,Female,5-10yr,Special vehicle,Other,Asphalt roads,Wet or damp,Normal,Daylight,Vehicle with vehicle collision,2,1,Going straight,Male,18-30,3,No priority to vehicle,Slight Injury,Owner,5-10yrs,No Casualty,Not a Pedestrian,Slight Injury
12:00:00,Thursday,18-30,Male,2-5yr,Lorry (41-100Q),Other,Asphalt roads,Wet or damp,Normal,Daylight,Vehicle with vehicle collision,2,1,Going straight,Male,18-30,3,Driving carelessly,Slight Injury,Owner,Unknown,Normal,Not a Pedestrian,Slight Injury
22:42:00,Friday,18-30,Male,1-2yr,Pick up upto 10Q,Church areas,Asphalt roads,Dry,Normal,Darkness - lights lit,Vehicle with vehicle collision,1,1,Going straight,na,No Casualty,na,Changing lane to the right,Slight Injury,Owner,Unknown,No Casualty,Not a Pedestrian,No Casualty
07:55:00,Monday,18-30,Male,5-10yr,Lorry (11-40Q),Office areas,Asphalt roads,Wet or damp,Normal,Daylight,Collision with pedestrians,1,1,Moving Backward,Male,31-50,2,Changing lane to the left,Serious Injury,Owner,1-2yr,Normal,Not a Pedestrian,Serious Injury
07:25:00,Friday,31-50,Male,Below 1yr,Lorry (41-100Q),School areas,Asphalt roads,Dry,Normal,Daylight,Collision with pedestrians,2,1,Going straight,na,No Casualty,na,Moving Backward,Serious Injury,Owner,Above 10yr,Normal,Not a Pedestrian,No Casualty
07:25:00,Friday,31-50,Male,2-5yr,Motorcycle,Other,Asphalt roads,Dry,Normal,Daylight,Vehicle with vehicle collision,2,1,Going straight,Female,18-30,3,Driving carelessly,Serious Injury,Owner,2-5yrs,Normal,Crossing from nearside - masked by parked or statioNot a Pedestrianry vehicle,Slight Injury
23:25:00,Friday,18-30,Female,5-10yr,Automobile,Office areas,Asphalt roads,Dry,Normal,Darkness - lights lit,Vehicle with vehicle collision,2,1,Going straight,Male,18-30,3,Driving to the left,Serious Injury,Owner,1-2yr,Normal,Not a Pedestrian,Slight Injury
23:25:00,Friday,18-30,Male,Above 10yr,Automobile,Residential areas,Gravel roads,Dry,Normal,Darkness - lights lit,Vehicle with vehicle collision,2,1,Going straight,Male,31-50,3,Driving to the left,Serious Injury,Owner,1-2yr,No Casualty,Not a Pedestrian,Slight Injury
15:10:00,Wednesday,Over 51,Male,2-5yr,Automobile,Industrial areas,Asphalt roads,Dry,Normal,Daylight,Collision with roadside objects,2,1,Going straight,Male,Over 51,3,No priority to pedestrian,Serious Injury,Owner,1-2yr,No Casualty,Not a Pedestrian,Slight Injury
15:10:00,Wednesday,31-50,Male,Above 10yr,Stationwagen,Other,Asphalt roads,Dry,Normal,Daylight,Vehicle with vehicle collision,2,1,Going straight,Female,18-30,3,Changing lane to the left,Serious Injury,Owner,2-5yrs,Normal,Not a Pedestrian,Slight Injury
17:00:00,Wednesday,18-30,Female,1-2yr,Automobile,Residential areas,Asphalt roads,Wet or damp,Other,Darkness - lights lit,Collision with roadside objects,2,1,Going straight,na,No Casualty,na,Changing lane to the right,Serious Injury,Owner,1-2yr,Normal,Not a Pedestrian,No Casualty