Time,Day_of_week,Age_band_of_driver,Sex_of_driver,Driving_experience,Type_of_vehicle,Area_accident_occured,Road_surface_type,Road_surface_conditions,Weather_conditions,Light_conditions,Type_of_collision,Number_of_vehicles_involved,Number_of_casualties,Vehicle_movement,Sex_of_casualty,Age_band_of_casualty,Casualty_severity,Cause_of_accident,Accident_severity,Owner_of_vehicle,Service_year_of_vehicle,Fitness_of_casuality,Pedestrian_movement,Casualty_severity_label
09:05:00,Monday,18-30,Female,Above 10yr,Automobile,Other,Asphalt roads,Wet or damp,Normal,Darkness - lights lit,Collision with pedestrians,2,1,Going straight,na,No Casualty,na,Changing lane to the right,Slight Injury,Governmental,Below 1yr,No Casualty,Not a Pedestrian,No Casualty
20:00:00,Wednesday,Over 51,Male,1-2yr,Public (12 seats),Other,Asphalt roads,Wet or damp,Rain,Daylight,Vehicle with vehicle collision,2,2,Going straight,Male,18-30,3,No distancing,Slight Injury,Owner,Unknown,No Casualty,Not a Pedestrian,Slight Injury
11:30:00,Tuesday,18-30,Female,1-2yr,Automobile,School areas,Asphalt roads,Wet or damp,Rain,Daylight,Vehicle with vehicle collision,2,2,Moving Backward,Female,Under 18,3,No priority to vehicle,Slight Injury,Owner,Unknown,Normal,Not a Pedestrian,Slight Injury
11:30:00,Tuesday,18-30,Male,1-2yr,Other,School areas,Asphalt roads,Wet or damp,Rain,Daylight,Vehicle with vehicle collision,2,2,Moving Backward,na,No Casualty,na,Changing lane to the left,Slight Injury,Owner,Unknown,No Casualty,Not a Pedestrian,No Casualty
11:30:00,Tuesday,Under 18,Male,5-10yr,Public (12 seats),School areas,Asphalt roads,Wet or damp,Cloudy,Darkness - lights lit,Vehicle with vehicle collision,2,1,Moving Backward,Male,18-30,3,Moving Backward,Slight Injury,Owner,2-5yrs,No Casualty,Not a Pedestrian,Slight Injury
11:30:00,Tuesday,Under 18,Male,5-10yr,Stationwagen,Residential areas,Asphalt roads,Wet or damp,Cloudy,Darkness - lights lit,Collision with roadside objects,2,1,Other,Male,Under 18,3,Driving carelessly,Slight Injury,Owner,Unknown,Normal,Not a Pedestrian,Slight Injury
11:30:00,Tuesday,Under 18,Male,5-10yr,Lorry (41-100Q),Other,Asphalt roads,Wet or damp,Rain,Darkness - lights lit,Vehicle with vehicle collision,2,1,Going straight,na,No Casualty,na,Changing lane to the left,Slight Injury,Owner,Unknown,Normal,Not a Pedestrian,No Casualty
11:30:00,Tuesday,31-50,Male,5-10yr,Lorry (41-100Q),Office areas,Asphalt roads,Wet or damp,Rain,Darkness - lights lit,Vehicle with vehicle collision,2,1,Unknown,Male,31-50,3,No priority to pedestrian,Slight Injury,Owner,Unknown,Normal,Not a Pedestrian,Slight Injury
11:30:00,Tuesday,18-30,Male,5-10yr,Lorry (41-100Q),Other,Asphalt roads,Wet or damp,Rain,Daylight,Vehicle with vehicle collision,2,2,Turnover,na,No Casualty,na,No distancing,Slight Injury,Owner,5-10yrs,Normal,Not a Pedestrian,No Casualty
14:00:00,Friday,31-50,Male,5-10yr,Automobile,School areas,Asphalt roads,Wet or damp,Rain,Daylight,Vehicle with vehicle collision,2,2,Getting off,Male,18-30,3,No distancing,Slight Injury,Owner,Above 10yr,No Casualty,Not a Pedestrian,Slight Injury
14:00:00,Friday,18-30,Male,5-10yr,Lorry (41-100Q),Other,Asphalt roads,Wet or damp,Rain,Daylight,Vehicle with vehicle collision,2,2,Going straight,na,No Casualty,na,Overturning,Slight Injury,Owner,5-10yrs,Normal,Not a Pedestrian,No Casualty
20:55:00,Friday,Over 51,Male,1-2yr,Automobile,Industrial areas,Asphalt roads,Wet or damp,Rain,Daylight,Vehicle with vehicle collision,1,1,Going straight,Female,31-50,3,No distancing,Serious Injury,Owner,2-5yrs,No Casualty,Not a Pedestrian,Slight Injury
20:55:00,Friday,Over 51,Male,2-5yr,Public (12 seats),Other,Asphalt roads,Dry,Normal,Daylight,Vehicle with vehicle collision,3,2,Going straight,na,No Casualty,na,Drunk driving,Slight Injury,Owner,2-5yrs,No Casualty,Not a Pedestrian,No Casualty
20:55:00,Friday,Over 51,Male,5-10yr,Automobile,Office areas,Asphalt roads,Dry,Normal,Daylight,Collision with roadside objects,3,2,Turnover,Male,18-30,3,Moving Backward,Slight Injury,Owner,Unknown,No Casualty,Not a Pedestrian,Slight Injury
20:55:00,Friday,Over 51,Male,Above 10yr,Stationwagen,Other,Asphalt roads,Dry,Normal,Daylight,Vehicle with vehicle collision,3,2,Reversing,na,No Casualty,na,No priority to pedestrian,Slight Injury,Owner,Unknown,No Casualty,Not a Pedestrian,No Casualty
20:55:00,Friday,Over 51,Male,5-10yr,Automobile,Other,Asphalt roads,Dry,Normal,Daylight,Vehicle with vehicle collision,3,2,Moving Backward,Female,31-50,3,Changing lane to the left,Slight Injury,Owner,Unknown,No Casualty,Not a Pedestrian,Slight Injury
20:55:00,Friday,18-30,Male,2-5yr,Lorry (41-100Q),Outside rural areas,Gravel roads,Dry,Normal,Daylight,Vehicle with vehicle collision,1,1,Other,na,No Casualty,na,Changing lane to the left,Slight Injury,Organization,Above 10yr,Normal,Not a Pedestrian,No Casualty
19:07:00,Friday,18-30,Male,5-10yr,Other,Other,Asphalt roads,Wet or damp,Windy,Darkness - lights lit,Vehicle with vehicle collision,1,1,Going straight,Female,31-50,3,Getting off the vehicle improperly,Slight Injury,Owner,Unknown,Normal,Not a Pedestrian,Slight Injury
19:07:00,Friday,18-30,Male,2-5yr,Pick up upto 10Q,Residential areas,Asphalt roads,Dry,Normal,Darkness - lights lit,Rollover,1,1,Going straight,na,No Casualty,na,No distancing,Serious Injury,Owner,Above 10yr,Normal,Not a Pedestrian,No Casualty
23:22:00,Friday,Over 51,Male,5-10yr,Automobile,Office areas,Asphalt roads,Wet or damp,Normal,Darkness - lights lit,Vehicle with vehicle collision,2,5,Going straight,Male,18-30,3,Changing lane to the right,Slight Injury,Owner,Above 10yr,Normal,Not a Pedestrian,Slight Injury
18:35:00,Thursday,31-50,Male,1-2yr,Lorry (41-100Q),Office areas,Asphalt roads,Wet or damp,Normal,Darkness - lights lit,Vehicle with vehicle collision,2,5,Going straight,na,No Casualty,na,Changing lane to the right,Slight Injury,Owner,Unknown,Normal,Not a Pedestrian,No Casualty
13:43:00,Monday,Over 51,Male,5-10yr,Automobile,Hospital areas,Asphalt roads,Wet or damp,Normal,Darkness - lights lit,Collision with roadside objects,2,5,Going straight,Female,Over 51,3,Moving Backward,Slight Injury,Owner,2-5yrs,Normal,Not a Pedestrian,Slight Injury
13:43:00,Monday,18-30,Male,5-10yr,Public (13-45 seats),Industrial areas,Asphalt roads,Wet or damp,Normal,Darkness - lights lit,Vehicle with vehicle collision,2,5,Going straight,Male,31-50,3,Overspeed,Slight Injury,Owner,Unknown,No Casualty,Not a Pedestrian,Slight Injury
08:40:00,Sunday,31-50,Male,Above 10yr,Automobile,Other,Asphalt roads,Wet or damp,Normal,Darkness - lights lit,Vehicle with vehicle collision,2,5,Going straight,Male,31-50,3,Changing lane to the left,Slight Injury,Owner,2-5yrs,Normal,Not a Pedestrian,Slight Injury
08:40:00,Sunday,18-30,Male,Below 1yr,Lorry (41-100Q),Office areas,Asphalt roads,Wet or damp,Rain,Darkness - lights lit,Vehicle with vehicle collision,2,1,Going straight,na,No Casualty,na,Changing lane to the right,Slight Injury,Owner,Unknown,No Casualty,Not a Pedestrian,No Casualty
08:28:00,Monday,Under 18,Male,2-5yr,Public (12 seats),Office areas,Asphalt roads,Wet or damp,Rain,Darkness - lights lit,Collision with roadside objects,2,1,Going straight,Male,18-30,3,No distancing,Slight Injury,Owner,Unknown,Normal,Not a Pedestrian,Slight Injury
08:28:00,Monday,18-30,Male,1-2yr,Motorcycle,Residential areas,Asphalt roads,Wet or damp,Rain,Daylight,Collision with roadside objects,2,1,Other,Male,18-30,3,Changing lane to the right,Slight Injury,Owner,Unknown,Normal,Not a Pedestrian,Slight Injury
13:00:00,Friday,18-30,Male,5-10yr,Public (12 seats),Residential areas,Asphalt roads,Wet or damp,Rain,Daylight,Vehicle with vehicle collision,2,1,Moving Backward,na,No Casualty,na,Changing lane to the right,Slight Injury,Owner,Unknown,Normal,Not a Pedestrian,No Casualty
13:00:00,Friday,31-50,Male,2-5yr,Lorry (41-100Q),School areas,Asphalt roads,Wet or damp,Unknown,Darkness - lights lit,Vehicle with vehicle collision,2,1,Going straight,Male,18-30,3,No distancing,Slight Injury,Owner,Unknown,No Casualty,Not a Pedestrian,Slight Injury
16:35:00,Friday,18-30,Male,2-5yr,Automobile,Other,Asphalt roads,Wet or damp,Unknown,Darkness - lights lit,Collision with roadside objects,2,1,Moving Backward,na,No Casualty,na,Changing lane to the right,Slight Injury,Governmental,Unknown,No Casualty,Not a Pedestrian,No Casualty
16:35:00,Friday,Under 18,Male,2-5yr,Lorry (41-100Q),Market areas,Asphalt roads,Wet or damp,Rain,Darkness - lights unlit,Collision with roadside objects,2,1,Going straight,Female,Under 18,3,Driving carelessly,Slight Injury,Governmental,Unknown,Normal,Crossing from driver's nearside,Slight Injury
10:39:00,Wednesday,Over 51,Male,Above 10yr,Stationwagen,Office areas,Gravel roads,Wet or damp,Rain,Darkness - lights unlit,Vehicle with vehicle collision,2,1,Moving Backward,na,No Casualty,na,Driving carelessly,Slight Injury,Owner,Unknown,Normal,Not a Pedestrian,No Casualty
12:55:00,Monday,18-30,Male,2-5yr,Pick up upto 10Q,Church areas,Asphalt roads,Dry,Normal,Daylight,Vehicle with vehicle collision,2,1,Going straight,Female,18-30,3,Changing lane to the right,Slight Injury,Owner,Unknown,Normal,Not a Pedestrian,Slight Injury
12:55:00,Monday,18-30,Male,1-2yr,Automobile,Church areas,Asphalt roads,Dry,Normal,Daylight,Vehicle with vehicle collision,2,1,Going straight,na,No Casualty,na,Overturning,Slight Injury,Governmental,Unknown,Normal,Not a Pedestrian,No Casualty
12:55:00,Monday,18-30,Male,2-5yr,Automobile,Residential areas,Asphalt roads,Dry,Normal,Daylight,Collision with roadside objects,2,1,Going straight,Female,31-50,3,Changing lane to the right,Slight Injury,Owner,Unknown,Normal,Not a Pedestrian,Slight Injury
15:20:00,Sunday,31-50,Male,5-10yr,Automobile,Residential areas,Asphalt roads,Dry,Normal,Daylight,Vehicle with vehicle collision,2,1,Going straight,Male,31-50,3,Moving Backward,Slight Injury,Owner,Above 10yr,Normal,Not a Pedestrian,Slight Injury
15:20:00,Sunday,Over 51,Male,1-2yr,Other,Residential areas,Earth roads,Dry,Normal,Daylight,Vehicle with vehicle collision,1,1,Going straight,na,No Casualty,na,No distancing,Slight Injury,Owner,Unknown,Normal,Not a Pedestrian,No Casualty
15:20:00,Sunday,Over 51,Male,1-2yr,Automobile,Residential areas,Asphalt roads,Dry,Normal,Darkness - lights lit,Vehicle with vehicle collision,3,1,Other,Male,Under 18,3,Overturning,Slight Injury,Owner,Above 10yr,No Casualty,Not a Pedestrian,Slight Injury
14:45:00,Sunday,31-50,Male,2-5yr,Public (13-45 seats),Other,Asphalt roads,Dry,Normal,Darkness - lights lit,Rollover,3,1,Going straight,na,No Casualty,na,Driving carelessly,Slight Injury,Owner,1-2yr,No Casualty,Not a Pedestrian,No Casualty
17:22:00,Tuesday,Over 51,Male,Above 10yr,Public (13-45 seats),Other,Asphalt roads,Dry,Normal,Darkness - lights lit,Vehicle with vehicle collision,3,1,Moving Backward,na,No Casualty,na,Changing lane to the right,Slight Injury,Owner,Unknown,No Casualty,Not a Pedestrian,No Casualty
17:22:00,Tuesday,Under 18,Male,Below 1yr,Automobile,Residential areas,Gravel roads,Wet or damp,Normal,Daylight,Vehicle with vehicle collision,1,1,Moving Backward,Female,18-30,2,Overspeed,Slight Injury,Owner,2-5yrs,Normal,Crossing from driver's nearside,Serious Injury
10:58:00,Tuesday,31-50,Male,Above 10yr,Public (12 seats),Other,Asphalt roads,Wet or damp,Normal,Darkness - lights lit,Collision with pedestrians,3,1,Moving Backward,Female,31-50,3,Changing lane to the left,Slight Injury,Owner,Unknown,Normal,Crossing from offside - masked by  parked or statioNot a Pedestrianry vehicle,Slight Injury
10:58:00,Tuesday,Over 51,Male,5-10yr,Public (12 seats),Church areas,Asphalt roads,Wet or damp,Normal,Darkness - lights lit,Vehicle with vehicle collision,3,1,Going straight,Male,Under 18,3,Driving carelessly,Slight Injury,Owner,Unknown,Normal,Not a Pedestrian,Slight Injury
14:57:00,Monday,31-50,Male,Above 10yr,Lorry (41-100Q),Other,Asphalt roads,Wet or damp,Normal,Darkness - lights lit,Vehicle with vehicle collision,3,1,Going straight,Male,18-30,3,No distancing,Slight Injury,Owner,Unknown,Normal,Not a Pedestrian,Slight Injury
14:57:00,Monday,Over 51,Male,1-2yr,Automobile,Office areas,Earth roads,Dry,Normal,Darkness - lights unlit,Vehicle with vehicle collision,2,1,Going straight,na,No Casualty,na,Moving Backward,Slight Injury,Owner,Unknown,No Casualty,Not a Pedestrian,No Casualty
14:57:00,Monday,18-30,Male,5-10yr,Pick up upto 10Q,Office areas,Asphalt roads,Dry,Normal,Darkness - lights unlit,Vehicle with vehicle collision,2,1,Going straight,Male,31-50,2,No priority to pedestrian,Slight Injury,Owner,2-5yrs,Normal,Crossing from nearside - masked by parked or statioNot a Pedestrianry vehicle,Serious Injury
13:10:00,Friday,18-30,Male,5-10yr,Pick up upto 10Q,Residential areas,Asphalt roads,Wet or damp,Windy,Darkness - lights lit,Collision with roadside objects,1,1,Other,Female,Over 51,2,Moving Backward,Slight Injury,Owner,Unknown,Normal,Not a Pedestrian,Serious Injury
13:10:00,Friday,18-30,Male,2-5yr,Lorry (41-100Q),Other,Asphalt roads,Wet or damp,Normal,Darkness - lights lit,Vehicle with vehicle collision,1,1,Going straight,Female,Over 51,3,Changing lane to the right,Slight Injury,Owner,Unknown,Normal,Not a Pedestrian,Slight Injury
13:10:00,Friday,18-30,Unknown,5-10yr,Automobile,Industrial areas,Asphalt roads,Wet or damp,Normal,Darkness - lights lit,Vehicle with vehicle collision,2,1,Going straight,Male,Under 18,3,No distancing,Slight Injury,Owner,Above 10yr,Normal,Unknown or other,Slight Injury
08:10:00,Wednesday,18-30,Male,5-10yr,Stationwagen,Office areas,Asphalt roads,Wet or damp,Normal,Darkness - lights lit,Vehicle with vehicle collision,2,1,Going straight,Female,18-30,3,Drunk driving,Slight Injury,Owner,Unknown,Normal,Crossing from driver's nearside,Slight Injury
08:10:00,Wednesday,18-30,Male,1-2yr,Motorcycle,Recreational areas,Earth roads,Wet or damp,Normal,Darkness - lights lit,Vehicle with vehicle collision,1,1,Reversing,na,No Casualty,na,Changing lane to the right,Slight Injury,Organization,Unknown,Normal,Not a Pedestrian,No Casualty
12:30:00,Sunday,18-30,Male,1-2yr,Automobile,Residential areas,Asphalt roads,Dry,Normal,Darkness - lights lit,Collision with roadside objects,2,1,Moving Backward,Male,18-30,3,Driving carelessly,Serious Injury,Owner,1-2yr,Normal,Not a Pedestrian,Slight Injury
12:30:00,Sunday,18-30,Male,1-2yr,Other,Residential areas,Asphalt roads,Dry,Normal,Darkness - lights lit,Vehicle with vehicle collision,2,1,Going straight,na,No Casualty,na,Driving to the left,Serious Injury,Owner,Above 10yr,Normal,Not a Pedestrian,No Casualty
12:30:00,Sunday,18-30,Male,Above 10yr,Automobile,Church areas,Asphalt roads,Wet or damp,Normal,Daylight,Collision with roadside objects,1,1,Going straight,Male,18-30,3,Changing lane to the right,Slight Injury,Owner,5-10yrs,Normal,Not a Pedestrian,Slight Injury
12:30:00,Sunday,18-30,Male,1-2yr,Automobile,Residential areas,Asphalt roads,Dry,Normal,Daylight,Vehicle with vehicle collision,1,1,Reversing,Male,18-30,3,Changing lane to the right,Serious Injury,Owner,5-10yrs,Normal,Not a Pedestrian,Slight Injury
20:01:00,Sunday,18-30,Male,Above 10yr,Automobile,Other,Asphalt roads,Wet or damp,Rain,Darkness - lights lit,Rollover,2,1,Going straight,na,No Casualty,na,Driving carelessly,Slight Injury,Owner,Unknown,Normal,Not a Pedestrian,No Casualty
20:01:00,Sunday,31-50,Male,Above 10yr,Public (> 45 seats),Other,Asphalt roads,Wet or damp,Rain,Darkness - lights lit,Vehicle with vehicle collision,2,1,Reversing,Female,31-50,3,Changing lane to the left,Slight Injury,Owner,5-10yrs,No Casualty,Crossing from nearside - masked by parked or statioNot a Pedestrianry vehicle,Slight Injury
18:49:00,Thursday,31-50,Male,1-2yr,Automobile,Other,Asphalt roads,Wet or damp,Cloudy,Darkness - lights lit,Vehicle with vehicle collision,2,1,Other,na,No Casualty,na,No priority to vehicle,Slight Injury,Owner,Unknown,Normal,Not a Pedestrian,No Casualty
20:41:00,Thursday,31-50,Male,1-2yr,Other,Church areas,Asphalt roads,Wet or damp,Cloudy,Darkness - lights lit,Vehicle with vehicle collision,2,1,Going straight,Female,18-30,3,Driving carelessly,Slight Injury,Owner,Unknown,Normal,Not a Pedestrian,Slight Injury
20:41:00,Thursday,18-30,Male,2-5yr,Automobile,Other,Asphalt roads,Wet or damp,Normal,Daylight,Vehicle with vehicle collision,1,1,Going straight,Female,18-30,3,Changing lane to the right,Slight Injury,Governmental,Unknown,Normal,Not a Pedestrian,Slight Injury
20:41:00,Thursday,31-50,Male,2-5yr,Other,Church areas,Asphalt roads,Wet or damp,Rain,Daylight,Vehicle with vehicle collision,2,2,Going straight,Male,18-30,3,Driving carelessly,Slight Injury,Owner,Unknown,Normal,Not a Pedestrian,Slight Injury
20:41:00,Thursday,31-50,Male,1-2yr,Lorry (41-100Q),Church areas,Asphalt roads,Wet or damp,Rain,Daylight,Collision with pedestrians,2,2,Going straight,Male,Over 51,3,Driving under the influence of drugs,Slight Injury,Owner,Unknown,Normal,Not a Pedestrian,Slight Injury
10:04:00,Wednesday,31-50,Male,5-10yr,Pick up upto 10Q,Other,Earth roads,Dry,Normal,Daylight,Rollover,2,2,Going straight,na,No Casualty,na,No distancing,Slight Injury,Owner,Above 10yr,Normal,Not a Pedestrian,No Casualty
10:04:00,Wednesday,31-50,Male,5-10yr,Public (13-45 seats),Other,Asphalt roads,Dry,Normal,Daylight,Vehicle with vehicle collision,2,2,Going straight,na,No Casualty,na,Changing lane to the left,Slight Injury,Governmental,5-10yrs,No Casualty,Not a Pedestrian,No Casualty
10:04:00,Wednesday,31-50,Male,1-2yr,Automobile,School areas,Asphalt roads,Dry,Windy,Darkness - lights lit,Rollover,1,1,Going straight,Male,18-30,3,No priority to vehicle,Slight Injury,Owner,5-10yrs,Normal,Not a Pedestrian,Slight Injury
20:30:00,Wednesday,18-30,Male,5-10yr,Pick up upto 10Q,Residential areas,Asphalt roads,Wet or damp,Rain,Darkness - lights lit,Vehicle with vehicle collision,2,1,Going straight,Male,31-50,2,Moving Backward,Slight Injury,Owner,Above 10yr,No Casualty,Not a Pedestrian,Serious Injury
20:30:00,Wednesday,18-30,Male,2-5yr,Automobile,Other,Asphalt roads,Wet or damp,Rain,Darkness - lights lit,Vehicle with vehicle collision,2,1,Going straight,na,No Casualty,na,Moving Backward,Slight Injury,Owner,1-2yr,No Casualty,Not a Pedestrian,No Casualty
20:30:00,Wednesday,18-30,Male,5-10yr,Lorry (41-100Q),Office areas,Other,Dry,Normal,Darkness - lights lit,Vehicle with vehicle collision,1,1,Going straight,Male,18-30,3,No distancing,Slight Injury,Owner,Above 10yr,No Casualty,Not a Pedestrian,Slight Injury
11:15:00,Friday,Over 51,Male,Above 10yr,Automobile,Residential areas,Gravel roads,Wet or damp,Rain,Daylight,Fall from vehicles,2,1,Going straight,Male,18-30,3,Changing lane to the right,Slight Injury,Owner,Above 10yr,Normal,Not a Pedestrian,Slight Injury
11:15:00,Friday,31-50,Male,Above 10yr,Lorry (41-100Q),Other,Gravel roads,Wet or damp,Rain,Daylight,Vehicle with vehicle collision,2,1,Going straight,na,No Casualty,na,Changing lane to the right,Slight Injury,Owner,Above 10yr,Normal,Not a Pedestrian,No Casualty
11:15:00,Friday,31-50,Male,2-5yr,Lorry (41-100Q),Residential areas,Asphalt roads,Snow,Other,Darkness - lights lit,Collision with roadside objects,2,1,Going straight,Male,18-30,3,Moving Backward,Slight Injury,Owner,Above 10yr,Normal,Not a Pedestrian,Slight Injury
16:36:00,Thursday,31-50,Male,5-10yr,Lorry (41-100Q),Residential areas,Asphalt roads,Snow,Other,Darkness - lights lit,Vehicle with vehicle collision,2,1,Going straight,na,No Casualty,na,Driving carelessly,Slight Injury,Owner,5-10yrs,Normal,Not a Pedestrian,No Casualty
16:36:00,Thursday,18-30,Male,1-2yr,Public (13-45 seats),Residential areas,Earth roads,Dry,Normal,Daylight,Vehicle with vehicle collision,3,1,Going straight,Male,31-50,3,Driving under the influence of drugs,Slight Injury,Owner,Unknown,Normal,Not a Pedestrian,Slight Injury
13:28:00,Monday,31-50,Male,Above 10yr,Automobile,Other,Asphalt roads,Dry,Normal,Daylight,Vehicle with vehicle collision,3,1,Going straight,na,No Casualty,na,No distancing,Slight Injury,Owner,1-2yr,Normal,Not a Pedestrian,No Casualty
13:28:00,Monday,18-30,Male,5-10yr,Other,Other,Asphalt roads,Dry,Normal,Daylight,Collision with pedestrians,3,1,Moving Backward,Male,31-50,3,No distancing,Slight Injury,Owner,5-10yrs,Normal,Not a Pedestrian,Slight Injury
19:28:00,Friday,31-50,Male,2-5yr,Other,Other,Asphalt roads,Dry,Normal,Darkness - lights lit,Vehicle with vehicle collision,2,1,Going straight,Female,Under 18,3,No priority to vehicle,Slight Injury,Owner,5-10yrs,Normal,Not a Pedestrian,Slight Injury
19:28:00,Friday,31-50,Male,Above 10yr,Other,Hospital areas,Asphalt roads,Dry,Normal,Darkness - lights lit,Vehicle with vehicle collision,2,1,Going straight,Female,31-50,3,Driving to the left,Slight Injury,Owner,1-2yr,Normal,Not a Pedestrian,Slight Injury
23:35:00,Friday,Under 18,Male,2-5yr,Automobile,Residential areas,Earth roads,Dry,Normal,Daylight,Vehicle with vehicle collision,2,1,Going straight,na,No Casualty,na,No priority to vehicle,Slight Injury,Owner,2-5yrs,No Casualty,Not a Pedestrian,No Casualty
23:35:00,Friday,Under 18,Male,Above 10yr,Other,Residential areas,Asphalt roads,Dry,Normal,Daylight,Rollover,2,1,Going straight,Male,31-50,3,No priority to vehicle,Slight Injury,Owner,5-10yrs,Normal,Not a Pedestrian,Slight Injury
23:35:00,Friday,Under 18,Male,Above 10yr,Lorry (41-100Q),Residential areas,Asphalt roads,Dry,Normal,Daylight,Collision with roadside objects,1,1,Turnover,na,No Casualty,na,No priority to vehicle,Serious Injury,Owner,5-10yrs,Normal,Not a Pedestrian,No Casualty
09:01:00,Wednesday,18-30,Male,2-5yr,Public (12 seats),Other,Asphalt roads,Wet or damp,Normal,Daylight,Vehicle with vehicle collision,2,1,Going straight,Male,Under 18,3,No distancing,Slight Injury,Owner,1-2yr,Normal,Not a Pedestrian,Slight Injury
15:46:00,Thursday,31-50,Male,Above 10yr,Lorry (41-100Q),Office areas,Asphalt roads,Wet or damp,Normal,Daylight,Vehicle with vehicle collision,2,1,Going straight,na,No Casualty,na,Moving Backward,Slight Injury,Owner,1-2yr,Normal,Not a Pedestrian,No Casualty
15:46:00,Thursday,31-50,Male,Above 10yr,Public (12 seats),Other,Asphalt roads,Dry,Normal,Darkness - lights lit,Collision with roadside objects,1,1,Going straight,Female,31-50,3,Changing lane to the right,Serious Injury,Owner,2-5yrs,No Casualty,Not a Pedestrian,Slight Injury
20:10:00,Friday,Under 18,Male,Below 1yr,Lorry (41-100Q),Office areas,Asphalt roads,Wet or damp,Normal,Darkness - lights lit,Vehicle with vehicle collision,1,1,Going straight,Male,31-50,2,Driving carelessly,Slight Injury,Owner,Unknown,Normal,Not a Pedestrian,Serious Injury
21:46:00,Wednesday,31-50,Female,Above 10yr,Other,Residential areas,Asphalt roads,Dry,Normal,Daylight,Vehicle with vehicle collision,1,2,Going straight,na,No Casualty,na,Changing lane to the left,Slight Injury,Owner,Unknown,Normal,Not a Pedestrian,No Casualty
21:46:00,Wednesday,18-30,Male,Above 10yr,Lorry (41-100Q),Office areas,Asphalt roads,Dry,Normal,Daylight,Vehicle with vehicle collision,1,2,Going straight,na,No Casualty,na,No distancing,Slight Injury,Owner,Unknown,Normal,Not a Pedestrian,No Casualty
21:20:00,Friday,Under 18,Male,5-10yr,Automobile,Office areas,Asphalt roads,Wet or damp,Normal,Daylight,Rollover,1,1,Going straight,Male,18-30,3,Changing lane to the right,Serious Injury,Owner,Unknown,Normal,Not a Pedestrian,Slight Injury
21:20:00,Friday,Under 18,Male,5-10yr,Public (> 45 seats),Other,Asphalt roads,Dry,Unknown,Darkness - lights lit,Rollover,1,2,Going straight,Male,18-30,3,Driving under the influence of drugs,Serious Injury,Organization,Unknown,Normal,Not a Pedestrian,Slight Injury
05:49:00,Tuesday,Under 18,Male,5-10yr,Lorry (41-100Q),Office areas,Earth roads,Dry,Unknown,Darkness - lights lit,Collision with pedestrians,1,2,Going straight,Male,18-30,2,No distancing,Serious Injury,Owner,Unknown,No Casualty,Not a Pedestrian,Serious Injury
05:49:00,Tuesday,Under 18,Male,5-10yr,Other,Office areas,Asphalt roads,Dry,Normal,Daylight,Vehicle with vehicle collision,1,1,Turnover,Female,Under 18,3,Overturning,Slight Injury,Owner,Unknown,Normal,Not a Pedestrian,Slight Injury
05:49:00,Tuesday,18-30,Male,Below 1yr,Other,Office areas,Asphalt roads,Wet or damp,Normal,Darkness - lights lit,Vehicle with vehicle collision,2,1,Going straight,na,No Casualty,na,No distancing,Slight Injury,Governmental,Unknown,Normal,Not a Pedestrian,No Casualty
09:35:00,Monday,31-50,Male,5-10yr,Automobile,Other,Asphalt roads,Wet or damp,Normal,Darkness - lights lit,Vehicle with vehicle collision,2,1,Reversing,na,No Casualty,na,Changing lane to the right,Slight Injury,Owner,Unknown,Normal,Not a Pedestrian,No Casualty
09:35:00,Monday,31-50,Male,2-5yr,Lorry (41-100Q),Residential areas,Asphalt roads,Wet or damp,Normal,Daylight,Collision with pedestrians,1,1,Other,Male,31-50,3,No priority to vehicle,Slight Injury,Owner,Unknown,Normal,Not a Pedestrian,Slight Injury
18:39:00,Wednesday,18-30,Male,2-5yr,Pick up upto 10Q,Residential areas,Earth roads,Dry,Normal,Daylight,Collision with pedestrians,1,1,Going straight,Female,18-30,3,Changing lane to the right,Serious Injury,Owner,2-5yrs,Normal,Unknown or other,Slight Injury
18:39:00,Wednesday,Under 18,Male,2-5yr,Automobile,Church areas,Asphalt roads,Dry,Normal,Darkness - lights lit,Vehicle with vehicle collision,1,1,Going straight,na,No Casualty,na,Changing lane to the left,Serious Injury,Owner,5-10yrs,Normal,Not a Pedestrian,No Casualty
16:00:00,Wednesday,Over 51,Male,2-5yr,Automobile,Other,Asphalt roads,Dry,Normal,Daylight,Vehicle with vehicle collision,3,2,Turnover,Male,18-30,3,No distancing,Slight Injury,Owner,5-10yrs,No Casualty,Not a Pedestrian,Slight Injury
16:00:00,Wednesday,18-30,Male,Above 10yr,Other,Residential areas,Asphalt roads,Dry,Normal,Daylight,Vehicle with vehicle collision,3,2,Other,Male,18-30,3,No priority to pedestrian,Slight Injury,Owner,Unknown,Normal,Unknown or other,Slight Injury
13:09:00,Tuesday,31-50,Male,2-5yr,Automobile,Other,Asphalt roads,Dry,Normal,Daylight,Collision with roadside objects,3,2,Going straight,Male,18-30,3,Driving carelessly,Slight Injury,Owner,2-5yrs,Normal,Not a Pedestrian,Slight Injury
13:09:00,Tuesday,Over 51,Male,1-2yr,Stationwagen,Residential areas,Asphalt roads,Dry,Normal,Daylight,Vehicle with vehicle collision,3,2,Going straight,Female,18-30,3,No distancing,Slight Injury,Owner,2-5yrs,No Casualty,Not a Pedestrian,Slight Injury