Time,Day_of_week,Age_band_of_driver,Sex_of_driver,Driving_experience,Type_of_vehicle,Area_accident_occured,Road_surface_type,Road_surface_conditions,Weather_conditions,Light_conditions,Type_of_collision,Number_of_vehicles_involved,Number_of_casualties,Vehicle_movement,Sex_of_casualty,Age_band_of_casualty,Casualty_severity,Cause_of_accident,Accident_severity,Owner_of_vehicle,Service_year_of_vehicle,Fitness_of_casuality,Pedestrian_movement,Casualty_severity_label
20:30:00,Friday,18-30,Male,2-5yr,Other,Residential areas,Asphalt roads,Dry,Normal,Daylight,Collision with roadside objects,1,1,Other,na,No Casualty,na,Driving carelessly,Slight Injury,Owner,2-5yrs,No Casualty,Not a Pedestrian,No Casualty
20:30:00,Friday,Under 18,Male,1-2yr,Automobile,Other,Asphalt roads,Dry,Normal,Daylight,Vehicle with vehicle collision,2,1,Going straight,Male,Under 18,3,Driving carelessly,Serious Injury,Owner,5-10yrs,Normal,Crossing from driver's nearside,Slight Injury
19:00:00,Friday,Over 51,Male,5-10yr,Ridden horse,Other,Asphalt roads,Dry,Normal,Daylight,Vehicle with vehicle collision,2,1,Turnover,Male,18-30,3,Moving Backward,Serious Injury,Owner,Unknown,Normal,Not a Pedestrian,Slight Injury
12:40:00,Friday,18-30,Male,5-10yr,Automobile,Other,Other,Dry,Normal,Daylight,Collision with roadside objects,3,1,Going straight,na,No Casualty,na,Overtaking,Slight Injury,Owner,Unknown,Normal,Not a Pedestrian,No Casualty
18:12:00,Wednesday,31-50,Male,2-5yr,Other,Other,Asphalt roads,Dry,Normal,Daylight,Vehicle with vehicle collision,3,1,Turnover,Female,18-30,3,No priority to vehicle,Slight Injury,Owner,Unknown,Normal,Not a Pedestrian,Slight Injury
18:12:00,Wednesday,31-50,Male,Below 1yr,Lorry (41-100Q),Residential areas,Asphalt roads,Dry,Normal,Daylight,Vehicle with vehicle collision,3,1,Going straight,na,No Casualty,na,No priority to vehicle,Slight Injury,Owner,Unknown,Normal,Not a Pedestrian,No Casualty
18:12:00,Wednesday,31-50,Male,5-10yr,Lorry (41-100Q),Recreational areas,Asphalt roads,Dry,Normal,Daylight,Collision with roadside objects,2,1,Moving Backward,Male,18-30,3,Moving Backward,Slight Injury,Owner,2-5yrs,Normal,Not a Pedestrian,Slight Injury
18:12:00,Wednesday,18-30,Male,Above 10yr,Lorry (41-100Q),Other,Asphalt roads,Dry,Normal,Daylight,Collision with roadside objects,2,1,Going straight,Male,18-30,3,Overtaking,Slight Injury,Owner,Unknown,Normal,"Walking along in carriageway, back to traffic",Slight Injury
07:50:00,Wednesday,18-30,Male,1-2yr,Stationwagen,Office areas,Asphalt roads,Dry,Normal,Daylight,Vehicle with vehicle collision,4,1,Going straight,Female,18-30,3,Changing lane to the left,Slight Injury,Owner,Unknown,Normal,Not a Pedestrian,Slight Injury
07:50:00,Wednesday,18-30,Male,5-10yr,Lorry (41-100Q),Other,Asphalt roads,Dry,Normal,Daylight,Vehicle with vehicle collision,4,1,Going straight,na,No Casualty,na,Changing lane to the right,Slight Injury,Owner,Unknown,No Casualty,Not a Pedestrian,No Casualty
10:16:00,Thursday,Under 18,Male,1-2yr,Automobile,Office areas,Asphalt roads,Dry,Normal,Daylight,Vehicle with vehicle collision,4,1,Reversing,Male,Over 51,3,Overtaking,Slight Injury,Owner,Unknown,No Casualty,Not a Pedestrian,Slight Injury
10:16:00,Thursday,Over 51,Male,Above 10yr,Automobile,Office areas,Earth roads,Dry,Normal,Daylight,Vehicle with vehicle collision,4,1,Reversing,Male,18-30,3,Overloading,Slight Injury,Owner,Unknown,Normal,Not a Pedestrian,Slight Injury
23:05:00,Friday,Over 51,Female,Below 1yr,Pick up upto 10Q,Office areas,Asphalt roads,Dry,Normal,Daylight,Vehicle with vehicle collision,2,1,Reversing,Female,31-50,3,Other,Slight Injury,Owner,Unknown,Normal,Crossing from nearside - masked by parked or statioNot a Pedestrianry vehicle,Slight Injury
00:47:00,Sunday,18-30,Male,2-5yr,Taxi,Other,Asphalt roads,Dry,Normal,Daylight,Vehicle with vehicle collision,2,1,Going straight,na,No Casualty,na,No priority to vehicle,Slight Injury,Owner,Unknown,Normal,Not a Pedestrian,No Casualty
00:47:00,Sunday,18-30,Male,5-10yr,Automobile,Other,Asphalt roads,Wet or damp,Normal,Daylight,Vehicle with vehicle collision,1,1,Going straight,Male,18-30,3,Changing lane to the right,Slight Injury,Governmental,Unknown,Normal,Not a Pedestrian,Slight Injury
10:30:00,Monday,18-30,Male,5-10yr,Automobile,Office areas,Asphalt roads,Dry,Normal,Darkness - no lighting,Vehicle with vehicle collision,3,2,Going straight,Male,18-30,3,Moving Backward,Slight Injury,Owner,Unknown,Normal,Not a Pedestrian,Slight Injury
10:30:00,Monday,18-30,Male,1-2yr,Automobile,Residential areas,Asphalt roads,Dry,Normal,Darkness - no lighting,Vehicle with vehicle collision,3,2,Going straight,Male,18-30,3,Changing lane to the left,Slight Injury,Owner,Unknown,Normal,Not a Pedestrian,Slight Injury
13:01:00,Friday,18-30,Male,5-10yr,Long lorry,Recreational areas,Asphalt roads,Dry,Normal,Darkness - no lighting,Vehicle with vehicle collision,3,2,Moving Backward,na,No Casualty,na,No priority to pedestrian,Slight Injury,Governmental,2-5yrs,Normal,Not a Pedestrian,No Casualty
13:01:00,Friday,Over 51,Male,5-10yr,Public (12 seats),Other,Asphalt roads,Dry,Normal,Darkness - no lighting,Vehicle with vehicle collision,3,2,Going straight,Male,18-30,3,No distancing,Slight Injury,Owner,1-2yr,Normal,Not a Pedestrian,Slight Injury
13:01:00,Friday,Over 51,Male,2-5yr,Pick up upto 10Q,Residential areas,Asphalt roads,Dry,Normal,Daylight,Vehicle with vehicle collision,2,1,Moving Backward,na,No Casualty,na,No priority to vehicle,Slight Injury,Owner,Above 10yr,Normal,Not a Pedestrian,No Casualty
17:41:00,Monday,18-30,Male,1-2yr,Automobile,Other,Asphalt roads,Dry,Normal,Daylight,Vehicle with vehicle collision,2,1,Moving Backward,Male,31-50,3,No distancing,Slight Injury,Owner,Unknown,Normal,Not a Pedestrian,Slight Injury
17:41:00,Monday,31-50,Male,5-10yr,Other,Other,Asphalt roads,Dry,Other,Daylight,Vehicle with vehicle collision,2,1,Going straight,na,No Casualty,na,No distancing,Slight Injury,Owner,Unknown,Normal,Not a Pedestrian,No Casualty
17:41:00,Monday,31-50,Male,2-5yr,Lorry (41-100Q),Other,Asphalt roads,Dry,Other,Daylight,Vehicle with vehicle collision,2,1,Other,na,No Casualty,na,Moving Backward,Slight Injury,Owner,5-10yrs,Normal,Not a Pedestrian,No Casualty
17:41:00,Monday,31-50,Male,5-10yr,Automobile,Other,Asphalt roads,Wet or damp,Normal,Darkness - lights lit,Vehicle with vehicle collision,1,2,Going straight,Male,18-30,2,Changing lane to the right,Slight Injury,Owner,Unknown,Normal,Not a Pedestrian,Serious Injury
17:25:00,Friday,31-50,Male,Above 10yr,Pick up upto 10Q,Other,Asphalt roads,Wet or damp,Normal,Darkness - lights lit,Vehicle with vehicle collision,1,2,Other,na,No Casualty,na,No priority to pedestrian,Slight Injury,Owner,2-5yrs,Normal,Not a Pedestrian,No Casualty
17:25:00,Friday,Under 18,Male,Above 10yr,Lorry (41-100Q),School areas,Asphalt roads,Dry,Normal,Darkness - lights lit,Vehicle with vehicle collision,1,4,Going straight,Male,31-50,3,Moving Backward,Slight Injury,Owner,Unknown,Normal,Not a Pedestrian,Slight Injury
17:25:00,Friday,31-50,Male,5-10yr,Lorry (41-100Q),Office areas,Asphalt roads,Dry,Normal,Darkness - lights lit,Collision with roadside objects,1,4,Reversing,Male,Over 51,3,Getting off the vehicle improperly,Slight Injury,Owner,Unknown,Normal,Crossing from nearside - masked by parked or statioNot a Pedestrianry vehicle,Slight Injury
17:25:00,Friday,31-50,Male,2-5yr,Long lorry,Office areas,Earth roads,Dry,Normal,Darkness - lights lit,Vehicle with vehicle collision,1,4,Going straight,na,No Casualty,na,Overtaking,Slight Injury,Owner,Unknown,Normal,Not a Pedestrian,No Casualty
17:25:00,Friday,31-50,Male,2-5yr,Public (> 45 seats),Office areas,Asphalt roads,Dry,Normal,Darkness - lights lit,Collision with pedestrians,1,4,Going straight,Female,18-30,3,Overloading,Slight Injury,Owner,5-10yrs,Normal,Not a Pedestrian,Slight Injury
11:10:00,Sunday,18-30,Male,Below 1yr,Public (> 45 seats),School areas,Asphalt roads,Wet or damp,Rain,Darkness - lights lit,Vehicle with vehicle collision,2,1,Going straight,Female,18-30,3,Changing lane to the right,Slight Injury,Owner,Unknown,Normal,Not a Pedestrian,Slight Injury
11:10:00,Sunday,18-30,Male,Above 10yr,Automobile,School areas,Asphalt roads,Wet or damp,Rain,Darkness - lights lit,Collision with roadside objects,2,1,Going straight,na,No Casualty,na,Improper parking,Slight Injury,Governmental,Unknown,Normal,Not a Pedestrian,No Casualty
11:10:00,Sunday,31-50,Male,Above 10yr,Automobile,Office areas,Asphalt roads,Dry,Normal,Daylight,Vehicle with vehicle collision,2,1,Going straight,na,No Casualty,na,Other,Slight Injury,Owner,Unknown,Normal,Not a Pedestrian,No Casualty
03:15:00,Friday,18-30,Male,2-5yr,Automobile,Office areas,Asphalt roads,Dry,Normal,Daylight,Vehicle with vehicle collision,2,1,Going straight,Male,31-50,3,Changing lane to the left,Slight Injury,Owner,Unknown,Normal,Not a Pedestrian,Slight Injury
03:15:00,Friday,18-30,Male,2-5yr,Other,School areas,Asphalt roads,Dry,Normal,Daylight,Vehicle with vehicle collision,3,1,Going straight,Female,18-30,3,Changing lane to the right,Slight Injury,Governmental,Above 10yr,Normal,Not a Pedestrian,Slight Injury
17:00:00,Tuesday,31-50,Male,Above 10yr,Public (12 seats),Other,Asphalt roads,Dry,Normal,Daylight,Vehicle with vehicle collision,3,1,Other,na,No Casualty,na,No priority to pedestrian,Slight Injury,Owner,1-2yr,No Casualty,Not a Pedestrian,No Casualty
17:00:00,Tuesday,Under 18,Male,5-10yr,Automobile,Other,Asphalt roads,Dry,Normal,Daylight,Vehicle with vehicle collision,3,1,Going straight,Male,31-50,3,Overspeed,Slight Injury,Owner,Above 10yr,No Casualty,Not a Pedestrian,Slight Injury
17:10:00,Friday,31-50,Male,Below 1yr,Stationwagen,Other,Asphalt roads,Dry,Normal,Daylight,Rollover,2,1,Going straight,Female,18-30,3,Changing lane to the left,Slight Injury,Owner,Below 1yr,No Casualty,Not a Pedestrian,Slight Injury
17:10:00,Friday,Under 18,Male,Below 1yr,Automobile,Other,Asphalt roads,Dry,Normal,Daylight,Collision with roadside objects,2,1,Going straight,na,No Casualty,na,No priority to vehicle,Slight Injury,Owner,Above 10yr,Normal,Not a Pedestrian,No Casualty
17:23:00,Tuesday,31-50,Male,Below 1yr,Automobile,Residential areas,Asphalt roads,Dry,Normal,Daylight,Vehicle with vehicle collision,2,1,Going straight,Male,31-50,3,Changing lane to the right,Slight Injury,Owner,Unknown,Normal,Not a Pedestrian,Slight Injury
17:23:00,Tuesday,31-50,Male,5-10yr,Automobile,Other,Gravel roads,Dry,Normal,Daylight,Collision with roadside objects,2,1,Reversing,Female,31-50,3,No distancing,Slight Injury,Governmental,1-2yr,Normal,Not a Pedestrian,Slight Injury
18:00:00,Sunday,31-50,Male,5-10yr,Automobile,Other,Asphalt roads,Dry,Normal,Daylight,Vehicle with vehicle collision,1,1,Going straight,na,No Casualty,na,No priority to pedestrian,Slight Injury,Owner,1-2yr,Normal,Not a Pedestrian,No Casualty
23:35:00,Wednesday,31-50,Male,5-10yr,Automobile,Industrial areas,Asphalt roads,Dry,Normal,Daylight,Vehicle with vehicle collision,2,1,Going straight,Male,Over 51,3,No distancing,Serious Injury,Owner,Unknown,Normal,Not a Pedestrian,Slight Injury
23:35:00,Wednesday,31-50,Male,5-10yr,Pick up upto 10Q,Recreational areas,Asphalt roads,Dry,Normal,Daylight,Vehicle with vehicle collision,2,1,Other,Male,18-30,3,No priority to vehicle,Serious Injury,Owner,Unknown,Normal,Not a Pedestrian,Slight Injury
14:59:00,Wednesday,Under 18,Male,2-5yr,Turbo,Church areas,Asphalt roads,Dry,Normal,Daylight,Vehicle with vehicle collision,1,1,Going straight,Male,18-30,3,Other,Slight Injury,Owner,Above 10yr,Normal,Unknown or other,Slight Injury
14:59:00,Wednesday,Under 18,Male,5-10yr,Pick up upto 10Q,Office areas,Asphalt roads,Dry,Normal,Darkness - lights lit,Vehicle with vehicle collision,2,1,Going straight,Male,18-30,3,Driving carelessly,Slight Injury,Owner,Unknown,Normal,Not a Pedestrian,Slight Injury
14:59:00,Wednesday,Over 51,Male,2-5yr,Other,Other,Asphalt roads,Dry,Normal,Darkness - lights lit,Collision with roadside objects,2,1,Going straight,na,No Casualty,na,Changing lane to the left,Slight Injury,Owner,Unknown,Normal,Not a Pedestrian,No Casualty
14:40:00,Friday,18-30,Male,Below 1yr,Stationwagen,Office areas,Asphalt roads,Dry,Normal,Daylight,Vehicle with vehicle collision,3,1,Turnover,Male,31-50,3,Driving carelessly,Slight Injury,Owner,Unknown,Normal,Not a Pedestrian,Slight Injury
14:40:00,Friday,18-30,Male,2-5yr,Pick up upto 10Q,Office areas,Asphalt roads,Dry,Normal,Daylight,Collision with roadside objects,3,1,Going straight,Male,18-30,3,Changing lane to the left,Slight Injury,Owner,Unknown,Normal,Not a Pedestrian,Slight Injury
14:40:00,Friday,18-30,Male,2-5yr,Lorry (41-100Q),Other,Asphalt roads,Dry,Normal,Daylight,Vehicle with vehicle collision,3,1,Going straight,na,No Casualty,na,No priority to vehicle,Slight Injury,Owner,Unknown,Normal,Not a Pedestrian,No Casualty
12:48:00,Sunday,31-50,Male,2-5yr,Lorry (41-100Q),Residential areas,Asphalt roads,Dry,Normal,Daylight,Vehicle with vehicle collision,2,1,Reversing,na,No Casualty,na,No distancing,Slight Injury,Owner,Above 10yr,Normal,Not a Pedestrian,No Casualty
12:48:00,Sunday,18-30,Male,5-10yr,Automobile,Office areas,Asphalt roads,Dry,Normal,Daylight,Vehicle with vehicle collision,2,1,Other,Female,31-50,3,Changing lane to the right,Slight Injury,Owner,Above 10yr,Normal,Not a Pedestrian,Slight Injury
12:48:00,Sunday,18-30,Male,5-10yr,Automobile,Residential areas,Asphalt roads,Wet or damp,Normal,Daylight,Vehicle with vehicle collision,1,1,Going straight,Male,31-50,3,Changing lane to the right,Serious Injury,Owner,Above 10yr,Normal,Not a Pedestrian,Slight Injury
12:48:00,Sunday,18-30,Male,5-10yr,Pick up upto 10Q,School areas,Asphalt roads,Wet or damp,Rain,Daylight,Vehicle with vehicle collision,2,1,Going straight,Male,18-30,3,Overspeed,Serious Injury,Owner,Unknown,Normal,Not a Pedestrian,Slight Injury
12:48:00,Sunday,18-30,Male,5-10yr,Pick up upto 10Q,Office areas,Asphalt roads,Wet or damp,Rain,Daylight,Vehicle with vehicle collision,2,1,Moving Backward,Female,18-30,3,No distancing,Serious Injury,Owner,Above 10yr,Normal,Not a Pedestrian,Slight Injury
18:40:00,Friday,18-30,Male,2-5yr,Lorry (41-100Q),Other,Asphalt roads,Dry,Normal,Daylight,Vehicle with vehicle collision,2,1,Reversing,na,No Casualty,na,Changing lane to the right,Slight Injury,Owner,5-10yrs,Normal,Not a Pedestrian,No Casualty
18:40:00,Friday,18-30,Male,Below 1yr,Public (12 seats),Other,Asphalt roads,Dry,Normal,Daylight,Vehicle with vehicle collision,2,1,Going straight,Male,18-30,3,Changing lane to the left,Slight Injury,Owner,Above 10yr,Normal,Not a Pedestrian,Slight Injury
11:11:00,Wednesday,18-30,Male,1-2yr,Other,Church areas,Asphalt roads,Dry,Normal,Darkness - lights lit,Vehicle with vehicle collision,1,1,Going straight,na,No Casualty,na,Getting off the vehicle improperly,Slight Injury,Owner,Above 10yr,Normal,Not a Pedestrian,No Casualty
11:11:00,Wednesday,18-30,Male,Below 1yr,Stationwagen,Office areas,Other,Dry,Normal,Daylight,Vehicle with vehicle collision,2,1,Moving Backward,Male,31-50,3,Other,Slight Injury,Owner,Unknown,Normal,Not a Pedestrian,Slight Injury
07:50:00,Tuesday,Over 51,Male,Above 10yr,Automobile,Other,Asphalt roads,Dry,Normal,Daylight,Vehicle with vehicle collision,2,1,Going straight,na,No Casualty,na,Other,Slight Injury,Owner,Unknown,Normal,Not a Pedestrian,No Casualty
07:50:00,Tuesday,18-30,Male,Below 1yr,Automobile,Office areas,Asphalt roads,Dry,Normal,Daylight,Rollover,2,1,Going straight,Female,18-30,3,No distancing,Slight Injury,Owner,Unknown,Normal,Crossing from nearside - masked by parked or statioNot a Pedestrianry vehicle,Slight Injury
07:50:00,Tuesday,18-30,Male,2-5yr,Lorry (41-100Q),Office areas,Asphalt roads,Dry,Normal,Daylight,Collision with roadside objects,2,1,Going straight,Female,18-30,3,No priority to vehicle,Slight Injury,Owner,Unknown,Normal,Not a Pedestrian,Slight Injury
16:30:00,Tuesday,18-30,Male,1-2yr,Stationwagen,Office areas,Asphalt roads,Dry,Normal,Daylight,Vehicle with vehicle collision,2,1,Going straight,Female,31-50,3,Overtaking,Slight Injury,Owner,Above 10yr,Normal,Not a Pedestrian,Slight Injury
16:30:00,Tuesday,31-50,Male,5-10yr,Lorry (41-100Q),Church areas,Asphalt roads,Dry,Normal,Daylight,Vehicle with vehicle collision,2,1,Going straight,Male,31-50,3,No priority to pedestrian,Slight Injury,Owner,Above 10yr,Normal,Not a Pedestrian,Slight Injury
18:56:00,Monday,Under 18,Male,Below 1yr,Public (> 45 seats),Office areas,Asphalt roads,Dry,Normal,Daylight,Collision with roadside objects,2,2,Going straight,na,No Casualty,na,No distancing,Slight Injury,Owner,Above 10yr,Normal,Not a Pedestrian,No Casualty
18:56:00,Monday,18-30,Male,Below 1yr,Automobile,Other,Asphalt roads,Dry,Normal,Daylight,Vehicle with vehicle collision,2,2,Going straight,Male,Under 18,3,Changing lane to the right,Slight Injury,Owner,5-10yrs,Normal,Not a Pedestrian,Slight Injury
18:13:00,Tuesday,18-30,Male,Below 1yr,Automobile,Other,Other,Dry,Normal,Daylight,Vehicle with vehicle collision,1,1,Going straight,na,No Casualty,na,Driving carelessly,Slight Injury,Owner,Unknown,Normal,Not a Pedestrian,No Casualty
18:13:00,Tuesday,31-50,Male,1-2yr,Automobile,Church areas,Asphalt roads,Dry,Normal,Daylight,Vehicle with vehicle collision,2,2,Reversing,Male,18-30,2,Changing lane to the right,Slight Injury,Owner,5-10yrs,Normal,Not a Pedestrian,Serious Injury
18:13:00,Tuesday,31-50,Male,5-10yr,Automobile,School areas,Asphalt roads,Dry,Normal,Daylight,Rollover,2,2,Going straight,na,No Casualty,na,Overtaking,Slight Injury,Owner,1-2yr,Normal,Not a Pedestrian,No Casualty
15:15:00,Sunday,18-30,Male,2-5yr,Lorry (41-100Q),Church areas,Asphalt roads,Dry,Normal,Daylight,Rollover,4,5,Going straight,Male,31-50,3,Other,Slight Injury,Owner,Unknown,No Casualty,Not a Pedestrian,Slight Injury
15:15:00,Sunday,31-50,Male,Below 1yr,Lorry (41-100Q),Office areas,Asphalt roads,Dry,Normal,Daylight,Collision with pedestrians,4,5,Going straight,Male,31-50,2,Driving to the left,Slight Injury,Owner,Above 10yr,Normal,Not a Pedestrian,Serious Injury
15:15:00,Sunday,31-50,Male,5-10yr,Automobile,Other,Asphalt roads,Dry,Normal,Daylight,Vehicle with vehicle collision,4,5,Going straight,Female,31-50,3,Overspeed,Slight Injury,Owner,2-5yrs,Normal,Not a Pedestrian,Slight Injury
10:12:00,Tuesday,18-30,Male,5-10yr,Stationwagen,Church areas,Asphalt roads,Dry,Normal,Daylight,Vehicle with vehicle collision,4,5,Going straight,Male,18-30,3,Unknown,Slight Injury,Owner,Above 10yr,No Casualty,Not a Pedestrian,Slight Injury
19:25:00,Monday,31-50,Male,5-10yr,Public (12 seats),Other,Asphalt roads,Dry,Normal,Daylight,Vehicle with vehicle collision,4,5,Going straight,Female,18-30,3,Changing lane to the right,Slight Injury,Governmental,1-2yr,Normal,Not a Pedestrian,Slight Injury
14:57:00,Friday,18-30,Male,2-5yr,Public (12 seats),Other,Asphalt roads,Dry,Normal,Daylight,Collision with pedestrians,4,5,Other,Male,Under 18,3,No distancing,Slight Injury,Governmental,Above 10yr,Normal,Not a Pedestrian,Slight Injury
14:57:00,Friday,31-50,Male,Above 10yr,Automobile,Office areas,Asphalt roads,Dry,Normal,Daylight,Collision with pedestrians,3,1,Moving Backward,na,No Casualty,na,Other,Serious Injury,Organization,5-10yrs,Normal,Not a Pedestrian,No Casualty
14:57:00,Friday,31-50,Male,5-10yr,Public (12 seats),Other,Other,Dry,Normal,Daylight,Vehicle with vehicle collision,3,1,Other,Male,18-30,3,No priority to vehicle,Serious Injury,Organization,Above 10yr,Normal,Not a Pedestrian,Slight Injury
08:30:00,Sunday,Under 18,Male,Above 10yr,Public (12 seats),Other,Asphalt roads,Dry,Normal,Daylight,Vehicle with vehicle collision,3,1,Going straight,na,No Casualty,na,Changing lane to the left,Serious Injury,Owner,2-5yrs,Normal,Not a Pedestrian,No Casualty
22:05:00,Monday,18-30,Male,2-5yr,Lorry (41-100Q),Residential areas,Asphalt roads,Dry,Normal,Daylight,Vehicle with vehicle collision,2,2,Going straight,Male,18-30,2,No priority to pedestrian,Serious Injury,Governmental,Unknown,No Casualty,Not a Pedestrian,Serious Injury
22:05:00,Monday,18-30,Male,Below 1yr,Automobile,Office areas,Asphalt roads,Dry,Normal,Daylight,Collision with roadside objects,2,2,Going straight,Female,18-30,3,Overtaking,Serious Injury,Owner,2-5yrs,No Casualty,Not a Pedestrian,Slight Injury
15:30:00,Friday,18-30,Male,Below 1yr,Lorry (41-100Q),Church areas,Asphalt roads,Dry,Normal,Daylight,Vehicle with vehicle collision,2,2,Other,Female,Over 51,3,Driving carelessly,Serious Injury,Owner,2-5yrs,Normal,Not a Pedestrian,Slight Injury
15:30:00,Friday,Over 51,Male,5-10yr,Automobile,Other,Asphalt roads with some distress,Dry,Normal,Darkness - lights lit,Collision with roadside objects,2,3,Going straight,na,No Casualty,na,No priority to vehicle,Slight Injury,Owner,1-2yr,Normal,Not a Pedestrian,No Casualty
15:30:00,Friday,Over 51,Female,2-5yr,Automobile,Market areas,Asphalt roads,Dry,Normal,Darkness - lights lit,Vehicle with vehicle collision,2,3,Going straight,Male,18-30,3,No priority to pedestrian,Slight Injury,Owner,Above 10yr,No Casualty,Not a Pedestrian,Slight Injury
21:15:00,Sunday,31-50,Male,Below 1yr,Stationwagen,Other,Asphalt roads,Dry,Normal,Darkness - lights lit,Vehicle with vehicle collision,2,3,Going straight,na,No Casualty,na,Changing lane to the right,Slight Injury,Owner,Above 10yr,Normal,Not a Pedestrian,No Casualty
21:15:00,Sunday,31-50,Male,2-5yr,Automobile,Other,Asphalt roads,Dry,Normal,Darkness - lights lit,Collision with roadside objects,2,3,Going straight,Male,18-30,3,Driving carelessly,Slight Injury,Owner,Unknown,No Casualty,Not a Pedestrian,Slight Injury
21:15:00,Sunday,18-30,Male,5-10yr,Automobile,Church areas,Asphalt roads,Dry,Normal,Daylight,Vehicle with vehicle collision,1,1,Going straight,na,No Casualty,na,Changing lane to the right,Slight Injury,Owner,Unknown,No Casualty,Not a Pedestrian,No Casualty
21:15:00,Sunday,18-30,Male,Above 10yr,Automobile,Residential areas,Asphalt roads,Wet or damp,Rain,Daylight,Vehicle with vehicle collision,2,1,Going straight,na,No Casualty,na,Changing lane to the right,Slight Injury,Governmental,1-2yr,Normal,Not a Pedestrian,No Casualty
16:32:00,Monday,18-30,Male,Above 10yr,Stationwagen,Other,Earth roads,Wet or damp,Rain,Daylight,Collision with roadside objects,2,1,Moving Backward,Male,31-50,3,Changing lane to the left,Slight Injury,Owner,Unknown,Normal,Not a Pedestrian,Slight Injury
16:32:00,Monday,31-50,Male,5-10yr,Automobile,Other,Asphalt roads,Wet or damp,Rain,Daylight,Collision with roadside objects,4,1,Moving Backward,Male,31-50,3,Overturning,Slight Injury,Owner,Unknown,Normal,Not a Pedestrian,Slight Injury
16:32:00,Monday,Over 51,Male,1-2yr,Other,Other,Asphalt roads,Wet or damp,Rain,Daylight,Vehicle with vehicle collision,4,1,Going straight,na,No Casualty,na,Driving carelessly,Slight Injury,Owner,Unknown,Normal,Not a Pedestrian,No Casualty
15:30:00,Friday,31-50,Male,5-10yr,Other,Recreational areas,Asphalt roads,Wet or damp,Rain,Daylight,Vehicle with vehicle collision,4,1,Going straight,Male,31-50,3,No distancing,Slight Injury,Owner,Unknown,Normal,Not a Pedestrian,Slight Injury
15:30:00,Friday,31-50,Male,5-10yr,Automobile,Recreational areas,Asphalt roads,Wet or damp,Rain,Daylight,Vehicle with vehicle collision,4,1,Turnover,na,No Casualty,na,Driving carelessly,Slight Injury,Owner,Unknown,Normal,Not a Pedestrian,No Casualty
14:45:00,Friday,Over 51,Male,1-2yr,Lorry (41-100Q),Other,Asphalt roads,Dry,Normal,Daylight,Vehicle with vehicle collision,2,2,Going straight,na,No Casualty,na,Changing lane to the left,Slight Injury,Owner,Unknown,Normal,Not a Pedestrian,No Casualty
19:30:00,Wednesday,31-50,Male,5-10yr,Lorry (41-100Q),Office areas,Asphalt roads,Dry,Normal,Daylight,Vehicle with vehicle collision,2,2,Going straight,Male,31-50,3,No priority to vehicle,Slight Injury,Organization,1-2yr,Normal,Not a Pedestrian,Slight Injury
19:30:00,Wednesday,Over 51,Female,Above 10yr,Lorry (41-100Q),Residential areas,Asphalt roads,Dry,Normal,Daylight,Vehicle with vehicle collision,2,2,Going straight,Male,Under 18,2,Changing lane to the right,Slight Injury,Owner,2-5yrs,Normal,Not a Pedestrian,Serious Injury
16:56:00,Friday,Over 51,Male,Below 1yr,Automobile,Other,Asphalt roads,Wet or damp,Normal,Daylight,Vehicle with vehicle collision,1,1,Going straight,na,No Casualty,na,No distancing,Serious Injury,Owner,2-5yrs,No Casualty,Not a Pedestrian,No Casualty
17:50:00,Monday,18-30,Male,5-10yr,Automobile,Residential areas,Asphalt roads,Dry,Normal,Daylight,Vehicle with vehicle collision,2,1,Going straight,Male,31-50,3,Moving Backward,Serious Injury,Owner,1-2yr,Normal,Not a Pedestrian,Slight Injury
17:50:00,Monday,18-30,Male,Above 10yr,Public (13-45 seats),Church areas,Asphalt roads,Dry,Normal,Daylight,Vehicle with vehicle collision,2,1,Going straight,Female,31-50,3,Moving Backward,Serious Injury,Owner,Unknown,Normal,Not a Pedestrian,Slight Injury
09:04:00,Tuesday,31-50,Male,Below 1yr,Public (13-45 seats),Other,Asphalt roads,Dry,Normal,Daylight,Vehicle with vehicle collision,2,1,Going straight,na,No Casualty,na,No distancing,Serious Injury,Owner,2-5yrs,Normal,Not a Pedestrian,No Casualty
09:04:00,Tuesday,Over 51,Male,1-2yr,Lorry (41-100Q),Office areas,Gravel roads,Dry,Normal,Daylight,Vehicle with vehicle collision,2,1,Going straight,Male,31-50,3,No distancing,Serious Injury,Owner,5-10yrs,No Casualty,Not a Pedestrian,Slight Injury
10:40:00,Thursday,Over 51,Male,Above 10yr,Lorry (41-100Q),Other,Asphalt roads,Dry,Normal,Daylight,Vehicle with vehicle collision,2,1,Going straight,na,No Casualty,na,No distancing,Slight Injury,Owner,2-5yrs,Normal,Not a Pedestrian,No Casualty
10:40:00,Thursday,Over 51,Female,Above 10yr,Public (12 seats),Recreational areas,Asphalt roads,Dry,Normal,Daylight,Vehicle with vehicle collision,2,1,Other,na,No Casualty,na,No priority to pedestrian,Slight Injury,Owner,Unknown,Normal,Not a Pedestrian,No Casualty
21:15:00,Thursday,18-30,Male,Above 10yr,Other,Other,Asphalt roads,Dry,Normal,Daylight,Vehicle with vehicle collision,1,1,Getting off,Female,Under 18,3,Driving carelessly,Slight Injury,Owner,Unknown,Normal,Not a Pedestrian,Slight Injury
21:15:00,Thursday,18-30,Male,5-10yr,Lorry (41-100Q),Office areas,Asphalt roads,Wet or damp,Rain,Daylight,Vehicle with vehicle collision,1,1,Going straight,na,No Casualty,na,Changing lane to the right,Slight Injury,Owner,1-2yr,Normal,Not a Pedestrian,No Casualty