Time,Day_of_week,Age_band_of_driver,Sex_of_driver,Driving_experience,Type_of_vehicle,Area_accident_occured,Road_surface_type,Road_surface_conditions,Weather_conditions,Light_conditions,Type_of_collision,Number_of_vehicles_involved,Number_of_casualties,Vehicle_movement,Sex_of_casualty,Age_band_of_casualty,Casualty_severity,Cause_of_accident,Accident_severity,Owner_of_vehicle,Service_year_of_vehicle,Fitness_of_casuality,Pedestrian_movement,Casualty_severity_label
16:13:00,Wednesday,31-50,Male,Above 10yr,Other,Residential areas,Asphalt roads,Dry,Normal,Daylight,Vehicle with vehicle collision,3,1,Moving Backward,Female,18-30,3,Changing lane to the right,Slight Injury,Owner,Unknown,Normal,Not a Pedestrian,Slight Injury
17:20:00,Tuesday,18-30,Male,5-10yr,Taxi,Other,Asphalt roads,Dry,Normal,Daylight,Vehicle with vehicle collision,2,2,Going straight,na,No Casualty,na,No priority to vehicle,Slight Injury,Owner,Unknown,Normal,Not a Pedestrian,No Casualty
17:20:00,Tuesday,18-30,Male,Below 1yr,Automobile,Residential areas,Asphalt roads,Dry,Normal,Daylight,Vehicle with vehicle collision,2,2,Getting off,Male,31-50,3,Changing lane to the left,Slight Injury,Organization,2-5yrs,Normal,Not a Pedestrian,Slight Injury
22:00:00,Friday,31-50,Male,Above 10yr,Long lorry,Church areas,Asphalt roads,Dry,Normal,Daylight,Vehicle with vehicle collision,1,1,Going straight,Female,18-30,3,No priority to vehicle,Slight Injury,Owner,Unknown,Normal,Not a Pedestrian,Slight Injury
07:58:00,Monday,18-30,Male,5-10yr,Long lorry,Residential areas,Earth roads,Wet or damp,Rain,Daylight,Collision with pedestrians,1,1,Going straight,Male,Under 18,2,Moving Backward,Slight Injury,Governmental,Unknown,Normal,Not a Pedestrian,Serious Injury
07:58:00,Monday,18-30,Male,Above 10yr,Lorry (41-100Q),Office areas,Asphalt roads,Wet or damp,Rain,Daylight,Vehicle with vehicle collision,2,2,Moving Backward,Male,31-50,3,Turnover,Slight Injury,Owner,Unknown,Normal,Not a Pedestrian,Slight Injury
20:16:00,Sunday,31-50,Male,5-10yr,Lorry (41-100Q),Residential areas,Asphalt roads,Wet or damp,Rain,Daylight,Vehicle with vehicle collision,2,2,Going straight,na,No Casualty,na,No distancing,Slight Injury,Governmental,Below 1yr,Normal,Not a Pedestrian,No Casualty
20:16:00,Sunday,18-30,Male,1-2yr,Lorry (11-40Q),Other,Asphalt roads,Wet or damp,Rain,Daylight,Vehicle with vehicle collision,1,2,Going straight,na,No Casualty,na,No distancing,Slight Injury,Owner,Unknown,Normal,Not a Pedestrian,No Casualty
20:00:00,Friday,Over 51,Male,1-2yr,Automobile,Industrial areas,Asphalt roads,Wet or damp,Rain,Daylight,Vehicle with vehicle collision,1,2,Going straight,Female,Over 51,2,No distancing,Slight Injury,Owner,Unknown,Normal,Not a Pedestrian,Serious Injury
18:40:00,Thursday,18-30,Male,1-2yr,Taxi,Church areas,Other,Dry,Normal,Daylight,Vehicle with vehicle collision,2,1,Going straight,Female,31-50,3,Changing lane to the left,Slight Injury,Owner,Unknown,Normal,Not a Pedestrian,Slight Injury
16:31:00,Wednesday,31-50,Male,2-5yr,Other,Residential areas,Gravel roads,Dry,Normal,Daylight,Vehicle with vehicle collision,2,1,Going straight,na,No Casualty,na,No priority to vehicle,Slight Injury,Owner,2-5yrs,No Casualty,Not a Pedestrian,No Casualty
18:45:00,Tuesday,18-30,Male,Above 10yr,Automobile,Other,Gravel roads,Dry,Normal,Daylight,Vehicle with vehicle collision,1,1,Moving Backward,Male,Under 18,3,Overspeed,Serious Injury,Owner,Unknown,Normal,Not a Pedestrian,Slight Injury
18:45:00,Tuesday,18-30,Unknown,2-5yr,Automobile,Other,Asphalt roads,Dry,Normal,Daylight,Vehicle with vehicle collision,1,1,Going straight,Male,31-50,3,Overtaking,Slight Injury,Owner,Unknown,No Casualty,Unknown or other,Slight Injury
15:16:00,Monday,18-30,Male,Above 10yr,Automobile,Office areas,Asphalt roads,Dry,Normal,Daylight,Collision with pedestrians,1,1,Going straight,Female,18-30,3,Other,Slight Injury,Owner,1-2yr,Normal,Crossing from nearside - masked by parked or statioNot a Pedestrianry vehicle,Slight Injury
18:35:00,Wednesday,Under 18,Female,2-5yr,Automobile,Outside rural areas,Earth roads,Wet or damp,Windy,Darkness - lights lit,Vehicle with vehicle collision,1,1,Moving Backward,Male,31-50,3,Changing lane to the left,Serious Injury,Owner,Above 10yr,Normal,Not a Pedestrian,Slight Injury
18:35:00,Wednesday,18-30,Male,5-10yr,Public (> 45 seats),Church areas,Asphalt roads,Dry,Normal,Daylight,Vehicle with vehicle collision,2,2,Moving Backward,na,No Casualty,na,No priority to pedestrian,Slight Injury,Owner,Above 10yr,Normal,Not a Pedestrian,No Casualty
20:40:00,Tuesday,31-50,Male,1-2yr,Lorry (11-40Q),Office areas,Asphalt roads,Dry,Normal,Daylight,Vehicle with vehicle collision,2,2,Going straight,Male,18-30,3,Changing lane to the left,Slight Injury,Owner,Unknown,Normal,Not a Pedestrian,Slight Injury
20:40:00,Tuesday,31-50,Male,5-10yr,Lorry (41-100Q),Church areas,Asphalt roads,Dry,Normal,Darkness - lights lit,Vehicle with vehicle collision,2,1,Going straight,Male,18-30,3,No distancing,Slight Injury,Owner,Above 10yr,No Casualty,Not a Pedestrian,Slight Injury
17:34:00,Monday,31-50,Male,1-2yr,Lorry (41-100Q),Office areas,Asphalt roads,Dry,Normal,Darkness - lights lit,Collision with roadside objects,2,1,Going straight,na,No Casualty,na,Moving Backward,Slight Injury,Owner,Unknown,Normal,Not a Pedestrian,No Casualty
17:34:00,Monday,18-30,Male,Above 10yr,Stationwagen,Office areas,Earth roads,Dry,Normal,Daylight,Vehicle with vehicle collision,2,1,Going straight,Male,31-50,3,Changing lane to the left,Slight Injury,Governmental,Unknown,No Casualty,Not a Pedestrian,Slight Injury
20:20:00,Wednesday,18-30,Male,1-2yr,Other,School areas,Asphalt roads,Dry,Normal,Daylight,Vehicle with vehicle collision,2,1,Going straight,na,No Casualty,na,Other,Slight Injury,Owner,1-2yr,No Casualty,Not a Pedestrian,No Casualty
22:25:00,Friday,31-50,Male,1-2yr,Automobile,Residential areas,Asphalt roads,Dry,Normal,Daylight,Vehicle with vehicle collision,2,2,Going straight,Male,31-50,3,No distancing,Slight Injury,Owner,Below 1yr,No Casualty,Not a Pedestrian,Slight Injury
22:25:00,Friday,31-50,Male,2-5yr,Pick up upto 10Q,Office areas,Asphalt roads,Dry,Normal,Daylight,Vehicle with vehicle collision,2,2,Going straight,Male,18-30,2,Moving Backward,Slight Injury,Owner,Unknown,No Casualty,Unknown or other,Serious Injury
22:25:00,Friday,18-30,Male,1-2yr,Motorcycle,Rural village areas,Asphalt roads,Dry,Normal,Daylight,Vehicle with vehicle collision,1,1,Going straight,Male,18-30,3,No distancing,Slight Injury,Owner,Unknown,Normal,Unknown or other,Slight Injury
15:10:00,Friday,Over 51,Female,1-2yr,Automobile,Other,Asphalt roads,Wet or damp,Rain,Daylight,Vehicle with vehicle collision,2,4,Going straight,Male,18-30,3,Changing lane to the left,Slight Injury,Owner,Unknown,Normal,Unknown or other,Slight Injury
17:10:00,Wednesday,31-50,Male,Above 10yr,Pick up upto 10Q,Residential areas,Asphalt roads,Wet or damp,Rain,Daylight,Vehicle with vehicle collision,2,4,Going straight,Male,31-50,3,Changing lane to the left,Slight Injury,Owner,Unknown,Normal,Not a Pedestrian,Slight Injury
17:10:00,Wednesday,18-30,Male,Above 10yr,Motorcycle,Office areas,Asphalt roads,Wet or damp,Rain,Daylight,Collision with roadside objects,2,4,Other,na,No Casualty,na,No priority to pedestrian,Slight Injury,Owner,Unknown,Normal,Not a Pedestrian,No Casualty
06:12:00,Friday,18-30,Male,Above 10yr,Stationwagen,Office areas,Asphalt roads,Wet or damp,Rain,Daylight,Vehicle with vehicle collision,2,4,Going straight,Male,18-30,2,Changing lane to the left,Slight Injury,Owner,Unknown,No Casualty,Not a Pedestrian,Serious Injury
06:12:00,Friday,Over 51,Male,Above 10yr,Lorry (41-100Q),Residential areas,Asphalt roads,Wet or damp,Rain,Daylight,Vehicle with vehicle collision,2,4,Reversing,na,No Casualty,na,Driving carelessly,Slight Injury,Owner,Unknown,Normal,Not a Pedestrian,No Casualty
06:12:00,Friday,Over 51,Male,1-2yr,Taxi,Office areas,Asphalt roads,Wet or damp,Rain,Daylight,Vehicle with vehicle collision,2,2,Going straight,na,No Casualty,na,Driving carelessly,Slight Injury,Owner,Unknown,Normal,Not a Pedestrian,No Casualty
11:05:00,Thursday,Over 51,Male,5-10yr,Automobile,Office areas,Earth roads,Wet or damp,Rain,Daylight,Vehicle with vehicle collision,2,2,Reversing,Male,18-30,3,No priority to pedestrian,Slight Injury,Owner,Unknown,Normal,Not a Pedestrian,Slight Injury
11:05:00,Thursday,18-30,Male,2-5yr,Long lorry,Office areas,Asphalt roads,Wet or damp,Rain,Daylight,Rollover,2,2,Going straight,Female,Under 18,3,Getting off the vehicle improperly,Slight Injury,Owner,Unknown,Normal,Crossing from driver's nearside,Slight Injury
17:43:00,Wednesday,18-30,Male,2-5yr,Automobile,Office areas,Asphalt roads,Dry,Normal,Daylight,Vehicle with vehicle collision,1,1,Reversing,Female,Under 18,3,No distancing,Slight Injury,Owner,Unknown,No Casualty,Crossing from driver's nearside,Slight Injury
17:43:00,Wednesday,18-30,Male,5-10yr,Public (12 seats),Other,Asphalt roads,Dry,Normal,Daylight,Vehicle with vehicle collision,2,1,Going straight,na,No Casualty,na,Changing lane to the left,Slight Injury,Owner,Unknown,Normal,Not a Pedestrian,No Casualty
17:43:00,Wednesday,18-30,Male,5-10yr,Lorry (11-40Q),Other,Asphalt roads,Dry,Normal,Daylight,Collision with roadside objects,2,1,Going straight,Male,Under 18,3,No priority to vehicle,Slight Injury,Owner,Unknown,Normal,Not a Pedestrian,Slight Injury
17:00:00,Friday,31-50,Male,2-5yr,Pick up upto 10Q,Other,Earth roads,Wet or damp,Normal,Daylight,Vehicle with vehicle collision,2,1,Reversing,Male,Under 18,3,No distancing,Serious Injury,Owner,2-5yrs,No Casualty,Not a Pedestrian,Slight Injury
10:07:00,Monday,18-30,Male,Above 10yr,Lorry (41-100Q),Residential areas,Asphalt roads,Wet or damp,Normal,Daylight,Vehicle with vehicle collision,2,1,Other,na,No Casualty,na,No priority to pedestrian,Serious Injury,Owner,2-5yrs,Normal,Not a Pedestrian,No Casualty
10:07:00,Monday,Over 51,Male,5-10yr,Other,School areas,Asphalt roads,Wet or damp,Normal,Daylight,Vehicle with vehicle collision,2,1,Going straight,Male,18-30,3,No priority to pedestrian,Slight Injury,Owner,2-5yrs,Normal,Not a Pedestrian,Slight Injury
10:40:00,Monday,31-50,Male,Above 10yr,Automobile,Residential areas,Asphalt roads,Wet or damp,Normal,Daylight,Collision with roadside objects,2,1,Going straight,na,No Casualty,na,No priority to vehicle,Slight Injury,Owner,2-5yrs,Normal,Not a Pedestrian,No Casualty
10:40:00,Monday,31-50,Male,2-5yr,Long lorry,Office areas,Asphalt roads,Dry,Normal,Daylight,Collision with roadside objects,2,1,Going straight,Female,Over 51,3,Driving carelessly,Slight Injury,Owner,2-5yrs,Normal,Crossing from nearside - masked by parked or statioNot a Pedestrianry vehicle,Slight Injury
18:40:00,Friday,18-30,Male,2-5yr,Lorry (11-40Q),Church areas,Asphalt roads,Dry,Normal,Daylight,Vehicle with vehicle collision,2,1,Moving Backward,Female,31-50,2,Changing lane to the right,Slight Injury,Owner,Unknown,Normal,Crossing from nearside - masked by parked or statioNot a Pedestrianry vehicle,Serious Injury
17:55:00,Friday,18-30,Male,2-5yr,Long lorry,Other,Asphalt roads,Dry,Normal,Daylight,Vehicle with vehicle collision,2,1,Going straight,na,No Casualty,na,Changing lane to the left,Slight Injury,Owner,Unknown,Normal,Not a Pedestrian,No Casualty
17:55:00,Friday,18-30,Male,1-2yr,Automobile,Other,Asphalt roads,Dry,Normal,Daylight,Collision with roadside objects,2,1,Going straight,Male,18-30,3,Moving Backward,Slight Injury,Owner,2-5yrs,Normal,Not a Pedestrian,Slight Injury
17:57:00,Friday,Over 51,Male,5-10yr,Taxi,Other,Asphalt roads,Dry,Normal,Darkness - lights lit,Collision with roadside objects,1,1,Going straight,Male,31-50,3,Driving carelessly,Serious Injury,Owner,5-10yrs,No Casualty,Not a Pedestrian,Slight Injury
17:45:00,Wednesday,18-30,Male,2-5yr,Taxi,Other,Other,Dry,Normal,Daylight,Vehicle with vehicle collision,1,1,Going straight,na,No Casualty,na,Driving to the left,Slight Injury,Owner,Unknown,No Casualty,Not a Pedestrian,No Casualty
19:40:00,Monday,18-30,Male,1-2yr,Long lorry,Office areas,Asphalt roads,Dry,Normal,Daylight,Vehicle with vehicle collision,2,1,Other,Male,18-30,3,Driving to the left,Slight Injury,Owner,Unknown,Normal,Not a Pedestrian,Slight Injury
19:40:00,Monday,31-50,Male,1-2yr,Lorry (11-40Q),Office areas,Asphalt roads,Dry,Normal,Daylight,Vehicle with vehicle collision,2,1,Going straight,na,No Casualty,na,No priority to pedestrian,Slight Injury,Owner,Unknown,Normal,Not a Pedestrian,No Casualty
21:05:00,Thursday,31-50,Male,5-10yr,Lorry (11-40Q),Residential areas,Asphalt roads,Dry,Normal,Daylight,Collision with roadside objects,1,1,Going straight,Male,Over 51,3,Changing lane to the left,Serious Injury,Owner,Unknown,Normal,Not a Pedestrian,Slight Injury
21:05:00,Thursday,31-50,Male,5-10yr,Long lorry,Office areas,Asphalt roads,Dry,Normal,Daylight,Vehicle with vehicle collision,2,1,Turnover,Female,Under 18,3,Changing lane to the right,Serious Injury,Owner,Unknown,No Casualty,Not a Pedestrian,Slight Injury
13:05:00,Monday,Over 51,Female,1-2yr,Turbo,Residential areas,Asphalt roads,Dry,Normal,Daylight,Collision with roadside-parked vehicles,2,1,Going straight,Female,Under 18,3,Driving carelessly,Serious Injury,Owner,Unknown,Normal,Not a Pedestrian,Slight Injury
13:05:00,Monday,Over 51,Female,2-5yr,Long lorry,Office areas,Asphalt roads,Dry,Normal,Daylight,Vehicle with vehicle collision,2,1,Moving Backward,Male,Under 18,3,No distancing,Slight Injury,Owner,Unknown,Normal,Not a Pedestrian,Slight Injury
04:01:00,Thursday,31-50,Female,5-10yr,Long lorry,Other,Asphalt roads,Dry,Normal,Daylight,Collision with roadside objects,2,1,Moving Backward,Female,31-50,3,Getting off the vehicle improperly,Slight Injury,Owner,Unknown,Normal,Not a Pedestrian,Slight Injury
13:53:00,Friday,31-50,Male,5-10yr,Public (13-45 seats),Office areas,Earth roads,Dry,Normal,Daylight,Vehicle with vehicle collision,2,3,Going straight,Female,18-30,3,Driving under the influence of drugs,Slight Injury,Owner,Unknown,No Casualty,Not a Pedestrian,Slight Injury
13:53:00,Friday,Over 51,Male,5-10yr,Automobile,School areas,Asphalt roads,Dry,Normal,Daylight,Vehicle with vehicle collision,2,3,Other,na,No Casualty,na,Changing lane to the right,Slight Injury,Owner,Unknown,Normal,Not a Pedestrian,No Casualty
17:28:00,Thursday,31-50,Male,2-5yr,Automobile,Residential areas,Asphalt roads,Dry,Normal,Daylight,Vehicle with vehicle collision,2,3,Going straight,Female,18-30,3,Driving carelessly,Slight Injury,Owner,Unknown,Normal,Not a Pedestrian,Slight Injury
12:47:00,Sunday,Over 51,Male,Above 10yr,Pick up upto 10Q,Office areas,Asphalt roads,Dry,Normal,Daylight,Vehicle with vehicle collision,2,3,Going straight,Male,Over 51,3,Moving Backward,Slight Injury,Owner,Unknown,Normal,Not a Pedestrian,Slight Injury
12:47:00,Sunday,31-50,Male,Above 10yr,Automobile,Residential areas,Asphalt roads,Dry,Normal,Daylight,Vehicle with vehicle collision,3,3,Going straight,Male,18-30,3,Turnover,Slight Injury,Owner,Unknown,Normal,Not a Pedestrian,Slight Injury
13:43:00,Tuesday,18-30,Male,5-10yr,Stationwagen,Office areas,Asphalt roads,Dry,Normal,Daylight,Collision with roadside-parked vehicles,3,3,Going straight,Female,18-30,3,Changing lane to the right,Slight Injury,Owner,Unknown,Normal,Not a Pedestrian,Slight Injury
13:43:00,Tuesday,31-50,Male,Above 10yr,Automobile,Office areas,Asphalt roads,Dry,Normal,Daylight,Collision with roadside-parked vehicles,3,3,Going straight,na,No Casualty,na,Driving carelessly,Slight Injury,Owner,2-5yrs,No Casualty,Not a Pedestrian,No Casualty
12:29:00,Tuesday,31-50,Male,5-10yr,Automobile,Residential areas,Asphalt roads,Dry,Normal,Daylight,Collision with animals,3,3,Going straight,na,No Casualty,na,No priority to vehicle,Slight Injury,Owner,Unknown,Normal,Not a Pedestrian,No Casualty
12:29:00,Tuesday,18-30,Male,5-10yr,Automobile,Other,Asphalt roads,Dry,Normal,Darkness - lights lit,Collision with animals,6,2,Going straight,Male,31-50,3,Moving Backward,Slight Injury,Owner,Unknown,Normal,Not a Pedestrian,Slight Injury
12:29:00,Tuesday,31-50,Male,Above 10yr,Long lorry,Industrial areas,Asphalt roads,Dry,Normal,Darkness - lights lit,Collision with animals,6,2,Going straight,na,No Casualty,na,Changing lane to the left,Slight Injury,Owner,Above 10yr,Normal,Not a Pedestrian,No Casualty
12:29:00,Tuesday,31-50,Female,Above 10yr,Public (13-45 seats),Office areas,Asphalt roads,Dry,Normal,Darkness - lights lit,Collision with animals,6,2,Other,Female,31-50,3,Overturning,Slight Injury,Owner,Unknown,Normal,Not a Pedestrian,Slight Injury
08:27:00,Wednesday,18-30,Male,5-10yr,Public (13-45 seats),Recreational areas,Asphalt roads,Dry,Normal,Darkness - lights lit,Collision with animals,6,2,Going straight,Male,Under 18,2,No distancing,Slight Injury,Organization,Unknown,Normal,Not a Pedestrian,Serious Injury
08:27:00,Wednesday,18-30,Male,5-10yr,Lorry (11-40Q),Residential areas,Asphalt roads,Dry,Normal,Darkness - lights lit,Collision with animals,6,2,Overtaking,na,No Casualty,na,Driving carelessly,Slight Injury,Owner,1-2yr,Normal,Not a Pedestrian,No Casualty
08:27:00,Wednesday,Over 51,Male,Above 10yr,Lorry (11-40Q),Residential areas,Asphalt roads,Dry,Normal,Darkness - lights lit,Collision with animals,6,2,Going straight,na,No Casualty,na,No distancing,Slight Injury,Owner,Above 10yr,No Casualty,Not a Pedestrian,No Casualty
12:05:00,Friday,Over 51,Male,Below 1yr,Pick up upto 10Q,Church areas,Asphalt roads,Dry,Normal,Daylight,Collision with animals,3,2,Going straight,Female,Over 51,3,Changing lane to the left,Slight Injury,Owner,5-10yrs,Normal,Not a Pedestrian,Slight Injury
12:05:00,Friday,Over 51,Male,2-5yr,Automobile,Residential areas,Asphalt roads,Dry,Normal,Daylight,Collision with animals,3,2,Going straight,Male,18-30,3,No priority to pedestrian,Slight Injury,Owner,5-10yrs,No Casualty,Not a Pedestrian,Slight Injury
12:05:00,Friday,31-50,Male,2-5yr,Automobile,Other,Earth roads,Dry,Normal,Daylight,Collision with animals,3,2,U-Turn,na,No Casualty,na,No distancing,Slight Injury,Owner,Unknown,Normal,Not a Pedestrian,No Casualty
12:51:00,Thursday,31-50,Male,5-10yr,Automobile,Other,Asphalt roads,Dry,Normal,Daylight,Collision with animals,2,1,Going straight,na,No Casualty,na,No distancing,Serious Injury,Owner,5-10yrs,Normal,Not a Pedestrian,No Casualty
12:51:00,Thursday,31-50,Male,5-10yr,Long lorry,Other,Asphalt roads,Dry,Normal,Daylight,Collision with animals,2,1,Going straight,Male,18-30,3,Changing lane to the left,Serious Injury,Owner,Unknown,Normal,Not a Pedestrian,Slight Injury
11:10:00,Sunday,Under 18,Male,Below 1yr,Long lorry,Church areas,Asphalt roads,Dry,Normal,Daylight,Other,2,4,Going straight,na,No Casualty,na,No distancing,Slight Injury,Owner,Unknown,Normal,Not a Pedestrian,No Casualty
11:10:00,Sunday,18-30,Male,Above 10yr,Automobile,Other,Asphalt roads,Dry,Normal,Daylight,Rollover,2,4,Going straight,Male,31-50,3,Changing lane to the left,Slight Injury,Governmental,Unknown,No Casualty,Not a Pedestrian,Slight Injury
11:10:00,Sunday,31-50,Male,Below 1yr,Stationwagen,Church areas,Asphalt roads,Dry,Normal,Daylight,Collision with animals,2,4,Turnover,Male,18-30,3,No distancing,Slight Injury,Owner,Unknown,No Casualty,Unknown or other,Slight Injury
11:10:00,Sunday,31-50,Male,5-10yr,Automobile,Church areas,Asphalt roads,Dry,Normal,Daylight,Rollover,2,4,Going straight,Male,Under 18,3,No distancing,Slight Injury,Owner,Unknown,Normal,Not a Pedestrian,Slight Injury
10:30:00,Monday,Over 51,Male,5-10yr,Other,Other,Asphalt roads,Dry,Normal,Daylight,Collision with animals,4,2,Going straight,Female,18-30,3,No distancing,Slight Injury,Owner,Above 10yr,Normal,Not a Pedestrian,Slight Injury
22:25:00,Thursday,31-50,Male,5-10yr,Special vehicle,Other,Asphalt roads,Dry,Normal,Daylight,Collision with animals,4,2,Moving Backward,na,No Casualty,na,Changing lane to the left,Slight Injury,Governmental,5-10yrs,Normal,Not a Pedestrian,No Casualty
22:25:00,Thursday,31-50,Male,1-2yr,Lorry (41-100Q),School areas,Asphalt roads,Dry,Normal,Daylight,Vehicle with vehicle collision,4,2,Going straight,Male,31-50,3,Changing lane to the right,Slight Injury,Owner,5-10yrs,No Casualty,Not a Pedestrian,Slight Injury
17:27:00,Friday,Over 51,Male,5-10yr,Pick up upto 10Q,Residential areas,Asphalt roads,Dry,Normal,Daylight,Fall from vehicles,4,2,Moving Backward,na,No Casualty,na,Moving Backward,Slight Injury,Owner,Above 10yr,Normal,Not a Pedestrian,No Casualty
17:27:00,Friday,31-50,Male,5-10yr,Lorry (11-40Q),Other,Asphalt roads,Dry,Normal,Daylight,Collision with roadside-parked vehicles,4,2,Going straight,na,No Casualty,na,Changing lane to the right,Slight Injury,Owner,1-2yr,No Casualty,Not a Pedestrian,No Casualty
12:10:00,Tuesday,Over 51,Female,5-10yr,Lorry (41-100Q),Office areas,Gravel roads,Dry,Normal,Daylight,Collision with roadside-parked vehicles,2,1,Going straight,Male,31-50,2,No distancing,Slight Injury,Owner,Above 10yr,Normal,Not a Pedestrian,Serious Injury
12:10:00,Tuesday,31-50,Male,5-10yr,Motorcycle,Residential areas,Asphalt roads,Dry,Normal,Daylight,Rollover,2,1,Going straight,na,No Casualty,na,Overtaking,Slight Injury,Owner,Above 10yr,Normal,Not a Pedestrian,No Casualty
08:00:00,Tuesday,Over 51,Male,Above 10yr,Automobile,Other,Asphalt roads,Dry,Normal,Daylight,Collision with animals,1,1,Going straight,Male,31-50,3,Other,Serious Injury,Owner,Above 10yr,No Casualty,Not a Pedestrian,Slight Injury
08:00:00,Tuesday,18-30,Male,5-10yr,Automobile,Residential areas,Asphalt roads,Dry,Normal,Darkness - lights lit,Collision with animals,2,1,U-Turn,Male,31-50,3,Other,Slight Injury,Owner,Above 10yr,No Casualty,Not a Pedestrian,Slight Injury
08:00:00,Tuesday,31-50,Male,5-10yr,Automobile,Residential areas,Asphalt roads,Dry,Normal,Darkness - lights lit,Fall from vehicles,2,1,Going straight,na,No Casualty,na,Changing lane to the right,Slight Injury,Owner,5-10yrs,No Casualty,Not a Pedestrian,No Casualty
17:00:00,Tuesday,18-30,Male,Below 1yr,Stationwagen,Residential areas,Asphalt roads,Dry,Normal,Daylight,Collision with roadside-parked vehicles,3,1,Going straight,Male,18-30,3,No priority to pedestrian,Slight Injury,Owner,Unknown,No Casualty,Not a Pedestrian,Slight Injury
17:45:00,Wednesday,18-30,Female,5-10yr,Automobile,Other,Asphalt roads,Dry,Normal,Daylight,Collision with animals,3,1,Going straight,Male,18-30,3,No priority to vehicle,Slight Injury,Owner,1-2yr,Normal,Not a Pedestrian,Slight Injury
09:57:00,Thursday,31-50,Male,5-10yr,Public (> 45 seats),Other,Asphalt roads,Dry,Normal,Daylight,Collision with animals,3,1,Going straight,Female,18-30,3,Changing lane to the left,Slight Injury,Owner,5-10yrs,Normal,Not a Pedestrian,Slight Injury
09:57:00,Thursday,Over 51,Male,5-10yr,Public (> 45 seats),Other,Asphalt roads,Dry,Normal,Daylight,Collision with pedestrians,1,2,Going straight,na,No Casualty,na,Changing lane to the left,Serious Injury,Owner,5-10yrs,No Casualty,Not a Pedestrian,No Casualty
18:00:00,Friday,31-50,Male,5-10yr,Stationwagen,Hospital areas,Asphalt roads,Dry,Normal,Daylight,Vehicle with vehicle collision,1,2,Going straight,Male,31-50,3,Overtaking,Serious Injury,Owner,1-2yr,Normal,Not a Pedestrian,Slight Injury
18:00:00,Friday,18-30,Male,5-10yr,Automobile,Residential areas,Asphalt roads,Dry,Normal,Darkness - lights lit,Vehicle with vehicle collision,1,1,Stopping,na,No Casualty,na,No distancing,Slight Injury,Owner,2-5yrs,Normal,Not a Pedestrian,No Casualty
19:00:00,Tuesday,18-30,Male,2-5yr,Bicycle,Residential areas,Asphalt roads,Dry,Normal,Daylight,Collision with pedestrians,2,2,Turnover,Male,31-50,3,No priority to vehicle,Slight Injury,Owner,5-10yrs,Normal,Not a Pedestrian,Slight Injury
19:00:00,Tuesday,31-50,Male,5-10yr,Automobile,Residential areas,Asphalt roads,Dry,Normal,Daylight,Vehicle with vehicle collision,2,2,Getting off,Female,Over 51,3,Changing lane to the right,Slight Injury,Owner,5-10yrs,Normal,Not a Pedestrian,Slight Injury
19:00:00,Tuesday,31-50,Male,Above 10yr,Lorry (41-100Q),Other,Asphalt roads,Dry,Normal,Daylight,Collision with roadside objects,3,2,Moving Backward,na,No Casualty,na,Changing lane to the left,Slight Injury,Owner,1-2yr,Normal,Not a Pedestrian,No Casualty
19:00:00,Tuesday,31-50,Male,1-2yr,Automobile,Office areas,Asphalt roads,Dry,Normal,Daylight,Vehicle with vehicle collision,3,2,Moving Backward,Female,18-30,3,No distancing,Slight Injury,Owner,1-2yr,Normal,Not a Pedestrian,Slight Injury
13:05:00,Friday,31-50,Male,Below 1yr,Public (13-45 seats),Other,Asphalt roads,Dry,Normal,Daylight,Vehicle with vehicle collision,3,2,Going straight,na,No Casualty,na,Driving carelessly,Slight Injury,Owner,2-5yrs,Normal,Not a Pedestrian,No Casualty
13:05:00,Friday,18-30,Male,1-2yr,Special vehicle,Office areas,Asphalt roads,Dry,Normal,Darkness - lights lit,Vehicle with vehicle collision,2,2,Turnover,na,No Casualty,na,No priority to pedestrian,Slight Injury,Owner,Unknown,Normal,Not a Pedestrian,No Casualty
08:25:00,Wednesday,Over 51,Male,5-10yr,Automobile,Residential areas,Asphalt roads,Dry,Normal,Darkness - lights lit,Rollover,2,2,Going straight,Male,18-30,3,Driving carelessly,Slight Injury,Owner,Unknown,Normal,Not a Pedestrian,Slight Injury
13:51:00,Tuesday,Under 18,Male,Above 10yr,Public (13-45 seats),Office areas,Other,Dry,Normal,Daylight,Vehicle with vehicle collision,1,1,Going straight,Female,Over 51,3,Moving Backward,Slight Injury,Owner,Unknown,Normal,Crossing from nearside - masked by parked or statioNot a Pedestrianry vehicle,Slight Injury
16:10:00,Monday,31-50,Male,5-10yr,Automobile,Office areas,Asphalt roads,Dry,Normal,Daylight,Vehicle with vehicle collision,1,1,U-Turn,Male,31-50,3,No distancing,Slight Injury,Owner,Unknown,No Casualty,Not a Pedestrian,Slight Injury
16:10:00,Monday,31-50,Male,2-5yr,Lorry (41-100Q),Other,Asphalt roads,Dry,Normal,Daylight,Vehicle with vehicle collision,3,1,Going straight,na,No Casualty,na,No distancing,Slight Injury,Organization,Unknown,No Casualty,Not a Pedestrian,No Casualty
08:55:00,Thursday,18-30,Male,2-5yr,Lorry (41-100Q),Office areas,Asphalt roads,Dry,Normal,Daylight,Collision with pedestrians,3,1,Going straight,Female,Under 18,3,No distancing,Slight Injury,Owner,Unknown,Normal,Not a Pedestrian,Slight Injury
08:55:00,Thursday,Over 51,Male,Above 10yr,Public (12 seats),Office areas,Asphalt roads,Dry,Normal,Daylight,Vehicle with vehicle collision,3,1,U-Turn,na,No Casualty,na,Changing lane to the left,Slight Injury,Owner,Unknown,Normal,Not a Pedestrian,No Casualty