Time,Day_of_week,Age_band_of_driver,Sex_of_driver,Driving_experience,Type_of_vehicle,Area_accident_occured,Road_surface_type,Road_surface_conditions,Weather_conditions,Light_conditions,Type_of_collision,Number_of_vehicles_involved,Number_of_casualties,Vehicle_movement,Sex_of_casualty,Age_band_of_casualty,Casualty_severity,Cause_of_accident,Accident_severity,Owner_of_vehicle,Service_year_of_vehicle,Fitness_of_casuality,Pedestrian_movement,Casualty_severity_label
08:55:00,Thursday,Over 51,Male,2-5yr,Lorry (41-100Q),Office areas,Asphalt roads,Dry,Normal,Daylight,Collision with roadside objects,2,1,Stopping,na,No Casualty,na,Changing lane to the left,Slight Injury,Governmental,Unknown,Normal,Not a Pedestrian,No Casualty
02:04:00,Thursday,31-50,Male,Below 1yr,Lorry (41-100Q),Other,Asphalt roads,Dry,Normal,Daylight,Vehicle with vehicle collision,2,1,Going straight,Male,18-30,3,Moving Backward,Slight Injury,Owner,Unknown,Normal,Not a Pedestrian,Slight Injury
07:30:00,Wednesday,Over 51,Male,2-5yr,Public (12 seats),Residential areas,Asphalt roads,Dry,Normal,Daylight,Rollover,2,2,Moving Backward,na,No Casualty,na,Changing lane to the right,Slight Injury,Owner,Unknown,Normal,Not a Pedestrian,No Casualty
07:30:00,Wednesday,31-50,Male,Above 10yr,Public (> 45 seats),Residential areas,Other,Dry,Normal,Daylight,Vehicle with vehicle collision,2,2,Getting off,Female,31-50,3,No priority to vehicle,Slight Injury,Owner,2-5yrs,Normal,Not a Pedestrian,Slight Injury
11:44:00,Wednesday,Over 51,Male,2-5yr,Automobile,Church areas,Asphalt roads,Dry,Normal,Daylight,Vehicle with vehicle collision,2,2,Going straight,Male,Over 51,3,Moving Backward,Slight Injury,Owner,5-10yrs,Normal,Crossing from nearside - masked by parked or statioNot a Pedestrianry vehicle,Slight Injury
18:15:00,Thursday,Over 51,Male,Above 10yr,Pick up upto 10Q,Other,Asphalt roads,Wet or damp,Rain,Darkness - lights lit,Vehicle with vehicle collision,2,3,Going straight,na,No Casualty,na,Driving carelessly,Slight Injury,Owner,5-10yrs,Normal,Not a Pedestrian,No Casualty
18:15:00,Thursday,Under 18,Male,Above 10yr,Stationwagen,Residential areas,Asphalt roads,Wet or damp,Rain,Darkness - lights lit,Vehicle with vehicle collision,2,3,Turnover,Male,18-30,3,Driving carelessly,Slight Injury,Owner,Unknown,Normal,Not a Pedestrian,Slight Injury
14:29:00,Friday,31-50,Male,Above 10yr,Other,Other,Asphalt roads,Wet or damp,Rain,Darkness - lights lit,Vehicle with vehicle collision,2,3,Moving Backward,Male,31-50,3,Driving under the influence of drugs,Slight Injury,Owner,2-5yrs,Normal,Not a Pedestrian,Slight Injury
14:29:00,Friday,18-30,Male,Above 10yr,Automobile,Residential areas,Asphalt roads,Wet or damp,Rain,Darkness - lights lit,Collision with roadside objects,2,3,Going straight,na,No Casualty,na,No priority to pedestrian,Slight Injury,Owner,2-5yrs,Normal,Not a Pedestrian,No Casualty
02:10:00,Friday,18-30,Male,Below 1yr,Automobile,Residential areas,Asphalt roads,Dry,Normal,Daylight,Vehicle with vehicle collision,2,1,Moving Backward,na,No Casualty,na,No priority to vehicle,Slight Injury,Owner,2-5yrs,Normal,Not a Pedestrian,No Casualty
17:15:00,Wednesday,Over 51,Male,5-10yr,Stationwagen,Other,Asphalt roads,Dry,Normal,Daylight,Vehicle with vehicle collision,2,1,Going straight,Female,Under 18,3,Driving carelessly,Slight Injury,Owner,5-10yrs,Normal,Not a Pedestrian,Slight Injury
11:29:00,Friday,18-30,Male,2-5yr,Pick up upto 10Q,Other,Asphalt roads,Dry,Normal,Daylight,Collision with roadside objects,1,1,Going straight,Female,Over 51,2,Moving Backward,Slight Injury,Owner,Unknown,Normal,Not a Pedestrian,Serious Injury
11:29:00,Friday,Over 51,Male,Above 10yr,Lorry (41-100Q),Other,Asphalt roads,Dry,Normal,Daylight,Collision with roadside objects,2,1,Going straight,na,No Casualty,na,Driving carelessly,Serious Injury,Owner,Unknown,Normal,Not a Pedestrian,No Casualty
11:29:00,Friday,Over 51,Male,Below 1yr,Automobile,Other,Other,Dry,Normal,Daylight,Vehicle with vehicle collision,2,1,Going straight,Male,18-30,3,No priority to vehicle,Serious Injury,Owner,Unknown,Normal,Not a Pedestrian,Slight Injury
11:29:00,Friday,Over 51,Male,2-5yr,Automobile,Residential areas,Asphalt roads,Dry,Normal,Daylight,Vehicle with vehicle collision,2,3,Going straight,Male,18-30,3,Changing lane to the right,Slight Injury,Owner,Unknown,Normal,Not a Pedestrian,Slight Injury
10:20:00,Sunday,Over 51,Male,Above 10yr,Lorry (41-100Q),Recreational areas,Asphalt roads,Dry,Normal,Daylight,Vehicle with vehicle collision,2,3,Going straight,Female,Over 51,3,Changing lane to the left,Slight Injury,Owner,2-5yrs,Normal,Not a Pedestrian,Slight Injury
10:20:00,Sunday,31-50,Male,2-5yr,Lorry (41-100Q),Other,Asphalt roads,Dry,Normal,Daylight,Vehicle with vehicle collision,2,3,Going straight,Female,Over 51,3,No priority to vehicle,Slight Injury,Owner,Unknown,Normal,Not a Pedestrian,Slight Injury
10:20:00,Sunday,31-50,Male,2-5yr,Lorry (41-100Q),Office areas,Asphalt roads,Dry,Normal,Daylight,Collision with roadside objects,1,1,Going straight,Male,18-30,3,Driving carelessly,Slight Injury,Owner,Unknown,No Casualty,Not a Pedestrian,Slight Injury
18:05:00,Tuesday,31-50,Male,2-5yr,Pick up upto 10Q,Other,Asphalt roads with some distress,Dry,Normal,Daylight,Vehicle with vehicle collision,2,1,Going straight,na,No Casualty,na,Moving Backward,Slight Injury,Owner,Unknown,No Casualty,Not a Pedestrian,No Casualty
18:05:00,Tuesday,18-30,Male,1-2yr,Pick up upto 10Q,Office areas,Asphalt roads,Dry,Normal,Daylight,Vehicle with vehicle collision,2,1,Going straight,na,No Casualty,na,No distancing,Slight Injury,Owner,Unknown,Normal,Not a Pedestrian,No Casualty
13:32:00,Wednesday,Over 51,Male,5-10yr,Automobile,Office areas,Asphalt roads,Dry,Normal,Daylight,Vehicle with vehicle collision,1,1,Going straight,Female,18-30,3,Changing lane to the left,Slight Injury,Owner,Unknown,Normal,Not a Pedestrian,Slight Injury
13:32:00,Wednesday,Over 51,Male,2-5yr,Other,Office areas,Asphalt roads,Dry,Normal,Daylight,Vehicle with vehicle collision,1,1,Other,Male,31-50,3,Changing lane to the left,Slight Injury,Owner,Unknown,Normal,Not a Pedestrian,Slight Injury
13:32:00,Wednesday,31-50,Male,1-2yr,Automobile,Other,Asphalt roads,Dry,Normal,Daylight,Vehicle with vehicle collision,2,1,Other,Male,18-30,3,No distancing,Slight Injury,Owner,Unknown,Normal,Not a Pedestrian,Slight Injury
15:20:00,Tuesday,18-30,Male,1-2yr,Automobile,Other,Asphalt roads,Dry,Normal,Daylight,Vehicle with vehicle collision,2,1,Going straight,na,No Casualty,na,Changing lane to the left,Slight Injury,Governmental,Unknown,Normal,Not a Pedestrian,No Casualty
09:51:00,Thursday,Over 51,Male,5-10yr,Motorcycle,Office areas,Earth roads,Dry,Normal,Daylight,Collision with roadside objects,2,1,Going straight,na,No Casualty,na,Driving carelessly,Slight Injury,Owner,Unknown,Normal,Not a Pedestrian,No Casualty
11:50:00,Monday,18-30,Male,5-10yr,Automobile,Residential areas,Asphalt roads,Dry,Normal,Daylight,Vehicle with vehicle collision,2,1,Getting off,Male,Over 51,3,Changing lane to the left,Slight Injury,Owner,Unknown,Normal,Not a Pedestrian,Slight Injury
11:50:00,Monday,18-30,Male,1-2yr,Automobile,Recreational areas,Asphalt roads,Dry,Normal,Darkness - lights lit,Collision with pedestrians,2,2,Going straight,na,No Casualty,na,No distancing,Slight Injury,Governmental,2-5yrs,Normal,Not a Pedestrian,No Casualty
11:50:00,Monday,18-30,Male,2-5yr,Public (12 seats),Other,Asphalt roads,Dry,Normal,Darkness - lights lit,Collision with roadside objects,2,2,Going straight,Male,31-50,2,Changing lane to the right,Slight Injury,Owner,1-2yr,Normal,Not a Pedestrian,Serious Injury
10:35:00,Wednesday,Under 18,Male,5-10yr,Long lorry,Residential areas,Asphalt roads,Dry,Normal,Darkness - lights lit,Collision with roadside objects,2,2,Going straight,Female,18-30,3,No distancing,Slight Injury,Owner,Above 10yr,Normal,Not a Pedestrian,Slight Injury
10:35:00,Wednesday,Under 18,Male,5-10yr,Automobile,Other,Asphalt roads,Dry,Normal,Daylight,Vehicle with vehicle collision,2,1,Going straight,na,No Casualty,na,Driving to the left,Slight Injury,Owner,Unknown,No Casualty,Not a Pedestrian,No Casualty
10:35:00,Wednesday,31-50,Male,5-10yr,Automobile,Other,Asphalt roads,Dry,Normal,Daylight,Rollover,2,1,Going straight,na,No Casualty,na,No distancing,Slight Injury,Owner,Unknown,Normal,Not a Pedestrian,No Casualty
18:30:00,Thursday,18-30,Male,2-5yr,Public (> 45 seats),Other,Asphalt roads,Dry,Normal,Darkness - lights lit,Vehicle with vehicle collision,2,2,Getting off,Male,18-30,3,Overtaking,Slight Injury,Owner,5-10yrs,Normal,Not a Pedestrian,Slight Injury
18:30:00,Thursday,31-50,Male,Above 10yr,Pick up upto 10Q,Other,Asphalt roads,Dry,Normal,Darkness - lights lit,Vehicle with vehicle collision,2,2,Going straight,na,No Casualty,na,Driving under the influence of drugs,Slight Injury,Owner,Unknown,Normal,Not a Pedestrian,No Casualty
18:30:00,Friday,31-50,Male,Above 10yr,Lorry (41-100Q),Other,Asphalt roads,Dry,Normal,Daylight,Vehicle with vehicle collision,2,1,Going straight,Male,18-30,3,No priority to pedestrian,Slight Injury,Owner,2-5yrs,Normal,Not a Pedestrian,Slight Injury
18:30:00,Friday,18-30,Male,5-10yr,Automobile,School areas,Asphalt roads,Dry,Normal,Daylight,Vehicle with vehicle collision,2,1,Other,na,No Casualty,na,Moving Backward,Slight Injury,Owner,Unknown,Normal,Not a Pedestrian,No Casualty
11:55:00,Friday,31-50,Male,Above 10yr,Public (13-45 seats),Office areas,Asphalt roads,Dry,Normal,Daylight,Vehicle with vehicle collision,1,1,Going straight,Male,18-30,3,Changing lane to the right,Serious Injury,Owner,Unknown,Normal,Not a Pedestrian,Slight Injury
11:55:00,Friday,31-50,Male,5-10yr,Automobile,Office areas,Gravel roads,Dry,Normal,Daylight,Vehicle with vehicle collision,2,1,Going straight,Female,31-50,3,Changing lane to the left,Slight Injury,Owner,Unknown,No Casualty,Not a Pedestrian,Slight Injury
07:30:00,Wednesday,Over 51,Male,5-10yr,Public (> 45 seats),Office areas,Asphalt roads,Dry,Normal,Daylight,Vehicle with vehicle collision,2,1,Going straight,na,No Casualty,na,Changing lane to the right,Slight Injury,Owner,5-10yrs,Normal,Not a Pedestrian,No Casualty
07:30:00,Wednesday,31-50,Male,Above 10yr,Public (12 seats),School areas,Asphalt roads,Dry,Normal,Daylight,Vehicle with vehicle collision,2,1,Going straight,Male,31-50,3,Driving under the influence of drugs,Slight Injury,Owner,Unknown,Normal,Not a Pedestrian,Slight Injury
00:09:00,Monday,18-30,Male,Above 10yr,Automobile,School areas,Asphalt roads,Dry,Normal,Daylight,Collision with roadside objects,2,1,Going straight,Male,18-30,3,No priority to vehicle,Slight Injury,Governmental,Unknown,No Casualty,Not a Pedestrian,Slight Injury
00:09:00,Monday,31-50,Male,5-10yr,Lorry (41-100Q),Office areas,Asphalt roads,Dry,Normal,Daylight,Vehicle with vehicle collision,2,1,Reversing,Male,18-30,3,No priority to vehicle,Slight Injury,Owner,Unknown,No Casualty,Not a Pedestrian,Slight Injury
19:47:00,Friday,18-30,Female,5-10yr,Automobile,Office areas,Asphalt roads,Dry,Normal,Daylight,Vehicle with vehicle collision,2,1,Other,Female,31-50,3,Changing lane to the left,Slight Injury,Owner,Unknown,Normal,Not a Pedestrian,Slight Injury
19:47:00,Friday,31-50,Male,Above 10yr,Pick up upto 10Q,School areas,Asphalt roads,Dry,Normal,Daylight,Vehicle with vehicle collision,3,3,Going straight,na,No Casualty,na,Changing lane to the right,Slight Injury,Governmental,Above 10yr,Normal,Not a Pedestrian,No Casualty
19:00:00,Wednesday,31-50,Male,Below 1yr,Public (12 seats),Other,Asphalt roads,Dry,Normal,Daylight,Vehicle with vehicle collision,3,3,Going straight,Female,31-50,3,Changing lane to the right,Slight Injury,Owner,1-2yr,No Casualty,Not a Pedestrian,Slight Injury
19:00:00,Wednesday,Under 18,Male,2-5yr,Automobile,Other,Asphalt roads,Dry,Normal,Daylight,Collision with pedestrians,3,3,Going straight,Male,31-50,3,Changing lane to the left,Slight Injury,Owner,Above 10yr,No Casualty,Unknown or other,Slight Injury
12:00:00,Thursday,18-30,Male,2-5yr,Automobile,Other,Asphalt roads,Dry,Normal,Daylight,Vehicle with vehicle collision,3,3,Going straight,na,No Casualty,na,Changing lane to the left,Slight Injury,Owner,Below 1yr,Normal,Not a Pedestrian,No Casualty
12:00:00,Thursday,18-30,Female,5-10yr,Automobile,Other,Asphalt roads,Dry,Normal,Daylight,Vehicle with vehicle collision,2,1,Going straight,Male,Over 51,3,Getting off the vehicle improperly,Slight Injury,Owner,Above 10yr,Normal,Not a Pedestrian,Slight Injury
22:42:00,Friday,18-30,Male,5-10yr,Stationwagen,Residential areas,Asphalt roads,Dry,Normal,Daylight,Vehicle with vehicle collision,2,1,Going straight,Male,Under 18,3,Overtaking,Slight Injury,Owner,Unknown,No Casualty,Not a Pedestrian,Slight Injury
07:55:00,Monday,18-30,Male,Below 1yr,Other,Other,Asphalt roads,Wet or damp,Rain,Daylight,Vehicle with vehicle collision,2,1,Going straight,Male,Under 18,3,Changing lane to the left,Slight Injury,Governmental,1-2yr,No Casualty,Crossing from offside - masked by  parked or statioNot a Pedestrianry vehicle,Slight Injury
07:25:00,Friday,31-50,Male,Above 10yr,Other,Other,Asphalt roads,Wet or damp,Rain,Daylight,Vehicle with vehicle collision,2,1,Going straight,Male,18-30,3,Driving under the influence of drugs,Slight Injury,Owner,1-2yr,Normal,Unknown or other,Slight Injury
07:25:00,Friday,31-50,Male,Below 1yr,Other,Industrial areas,Asphalt roads,Dry,Normal,Daylight,Vehicle with vehicle collision,2,1,Going straight,Male,18-30,3,Driving carelessly,Slight Injury,Owner,Unknown,Normal,Not a Pedestrian,Slight Injury
23:25:00,Friday,18-30,Male,5-10yr,Public (13-45 seats),Recreational areas,Asphalt roads,Dry,Normal,Daylight,Collision with roadside objects,2,1,Moving Backward,Female,18-30,3,Moving Backward,Slight Injury,Owner,Unknown,No Casualty,Not a Pedestrian,Slight Injury
23:25:00,Friday,18-30,Male,5-10yr,Lorry (41-100Q),Church areas,Asphalt roads,Dry,Normal,Daylight,Vehicle with vehicle collision,2,1,Moving Backward,na,No Casualty,na,No distancing,Slight Injury,Owner,Above 10yr,No Casualty,Not a Pedestrian,No Casualty
15:10:00,Wednesday,Over 51,Male,5-10yr,Public (12 seats),Office areas,Asphalt roads,Dry,Normal,Daylight,Vehicle with vehicle collision,2,1,Turnover,na,No Casualty,na,No priority to vehicle,Slight Injury,Owner,Unknown,Normal,Not a Pedestrian,No Casualty
15:10:00,Wednesday,31-50,Male,1-2yr,Automobile,Other,Asphalt roads,Dry,Normal,Daylight,Vehicle with vehicle collision,2,1,Other,Female,18-30,3,Overturning,Slight Injury,Owner,Unknown,Normal,Not a Pedestrian,Slight Injury
17:00:00,Wednesday,18-30,Male,5-10yr,Automobile,Office areas,Asphalt roads,Dry,Normal,Daylight,Vehicle with vehicle collision,2,1,Other,Female,31-50,3,Changing lane to the left,Slight Injury,Owner,Unknown,Normal,Not a Pedestrian,Slight Injury
17:00:00,Wednesday,31-50,Male,5-10yr,Stationwagen,Office areas,Asphalt roads,Dry,Normal,Daylight,Vehicle with vehicle collision,2,1,Going straight,na,No Casualty,na,No distancing,Slight Injury,Owner,Unknown,Normal,Not a Pedestrian,No Casualty
16:10:00,Tuesday,18-30,Male,5-10yr,Lorry (41-100Q),Other,Asphalt roads,Dry,Normal,Daylight,Vehicle with vehicle collision,2,1,Going straight,Female,18-30,3,Moving Backward,Slight Injury,Owner,Unknown,No Casualty,Not a Pedestrian,Slight Injury
13:29:00,Friday,31-50,Male,5-10yr,Lorry (41-100Q),Residential areas,Other,Dry,Normal,Daylight,Vehicle with vehicle collision,2,1,Other,na,No Casualty,na,No priority to vehicle,Slight Injury,Owner,Above 10yr,No Casualty,Not a Pedestrian,No Casualty
13:29:00,Friday,18-30,Male,Above 10yr,Lorry (41-100Q),Office areas,Asphalt roads,Dry,Normal,Daylight,Vehicle with vehicle collision,2,1,Other,Female,18-30,3,No priority to vehicle,Slight Injury,Owner,Above 10yr,Normal,Not a Pedestrian,Slight Injury
12:40:00,Friday,Over 51,Female,5-10yr,Public (> 45 seats),Residential areas,Asphalt roads,Dry,Normal,Darkness - lights lit,Rollover,2,1,Going straight,na,No Casualty,na,No distancing,Slight Injury,Owner,Above 10yr,Normal,Not a Pedestrian,No Casualty
12:40:00,Friday,18-30,Male,5-10yr,Public (12 seats),School areas,Asphalt roads,Dry,Normal,Darkness - lights lit,Vehicle with vehicle collision,2,1,Reversing,Male,31-50,3,No distancing,Slight Injury,Owner,Unknown,Normal,Not a Pedestrian,Slight Injury
15:30:00,Friday,Over 51,Male,Below 1yr,Other,Office areas,Asphalt roads,Dry,Normal,Daylight,Vehicle with vehicle collision,1,4,Other,Male,18-30,3,Overtaking,Slight Injury,Owner,Above 10yr,Normal,Not a Pedestrian,Slight Injury
15:30:00,Friday,31-50,Male,5-10yr,Public (12 seats),Other,Asphalt roads,Dry,Normal,Daylight,Vehicle with vehicle collision,1,4,Turnover,na,No Casualty,na,Driving under the influence of drugs,Slight Injury,Owner,5-10yrs,Normal,Not a Pedestrian,No Casualty
15:30:00,Friday,31-50,Female,5-10yr,Other,Other,Asphalt roads,Dry,Normal,Daylight,Collision with roadside objects,1,4,Going straight,Female,18-30,3,Changing lane to the right,Slight Injury,Owner,Above 10yr,Normal,Not a Pedestrian,Slight Injury
15:30:00,Friday,31-50,Male,5-10yr,Public (12 seats),Church areas,Asphalt roads,Dry,Normal,Daylight,Vehicle with vehicle collision,1,4,Going straight,Female,31-50,3,Changing lane to the left,Slight Injury,Owner,Above 10yr,Normal,Crossing from driver's nearside,Slight Injury
15:30:00,Friday,31-50,Male,5-10yr,Stationwagen,Office areas,Asphalt roads,Dry,Normal,Daylight,Vehicle with vehicle collision,1,1,Going straight,Female,Under 18,3,Driving carelessly,Serious Injury,Owner,Unknown,Normal,Not a Pedestrian,Slight Injury
03:32:00,Friday,Under 18,Male,5-10yr,Automobile,Other,Asphalt roads,Dry,Normal,Daylight,Vehicle with vehicle collision,1,1,Going straight,Male,18-30,3,Moving Backward,Slight Injury,Owner,Unknown,Normal,Not a Pedestrian,Slight Injury
23:25:00,Wednesday,18-30,Male,2-5yr,Lorry (41-100Q),Office areas,Asphalt roads,Dry,Normal,Darkness - lights lit,Collision with roadside objects,2,1,Going straight,na,No Casualty,na,Moving Backward,Slight Injury,Owner,Unknown,No Casualty,Not a Pedestrian,No Casualty
15:10:00,Monday,18-30,Male,5-10yr,Special vehicle,Office areas,Asphalt roads,Dry,Normal,Darkness - lights lit,Vehicle with vehicle collision,2,1,Going straight,Female,31-50,3,Changing lane to the right,Slight Injury,Owner,Unknown,Normal,Not a Pedestrian,Slight Injury
04:00:00,Friday,18-30,Male,Above 10yr,Lorry (41-100Q),Office areas,Asphalt roads,Wet or damp,Normal,Darkness - lights lit,Vehicle with vehicle collision,2,1,Going straight,Male,Under 18,3,No priority to vehicle,Serious Injury,Owner,Above 10yr,Normal,Not a Pedestrian,Slight Injury
04:00:00,Friday,18-30,Male,1-2yr,Lorry (41-100Q),Church areas,Asphalt roads,Wet or damp,Normal,Darkness - lights lit,Vehicle with vehicle collision,2,1,Going straight,Male,Under 18,3,Overspeed,Serious Injury,Owner,Above 10yr,Normal,Not a Pedestrian,Slight Injury
04:00:00,Friday,18-30,Male,Below 1yr,Public (> 45 seats),Office areas,Other,Dry,Normal,Daylight,Vehicle with vehicle collision,1,2,Going straight,na,No Casualty,na,Driving under the influence of drugs,Slight Injury,Owner,Above 10yr,Normal,Not a Pedestrian,No Casualty
04:00:00,Friday,18-30,Male,1-2yr,Automobile,Other,Asphalt roads,Dry,Normal,Daylight,Collision with roadside objects,1,2,Other,Male,18-30,3,Changing lane to the right,Slight Injury,Owner,5-10yrs,No Casualty,Not a Pedestrian,Slight Injury
15:50:00,Friday,18-30,Male,5-10yr,Automobile,Other,Asphalt roads,Dry,Normal,Darkness - lights lit,Vehicle with vehicle collision,2,3,Going straight,na,No Casualty,na,Driving carelessly,Slight Injury,Owner,Unknown,Normal,Not a Pedestrian,No Casualty
08:50:00,Friday,Under 18,Male,1-2yr,Automobile,Church areas,Asphalt roads,Dry,Normal,Darkness - lights lit,Vehicle with vehicle collision,2,3,Going straight,Male,Under 18,3,No distancing,Slight Injury,Owner,5-10yrs,No Casualty,Not a Pedestrian,Slight Injury
00:25:00,Sunday,18-30,Male,5-10yr,Public (> 45 seats),School areas,Asphalt roads,Dry,Normal,Darkness - lights lit,Vehicle with vehicle collision,2,3,Moving Backward,na,No Casualty,na,Changing lane to the left,Slight Injury,Owner,1-2yr,Normal,Not a Pedestrian,No Casualty
00:25:00,Sunday,31-50,Male,2-5yr,Lorry (11-40Q),Church areas,Asphalt roads,Dry,Normal,Daylight,Vehicle with vehicle collision,2,1,Going straight,Female,18-30,3,No distancing,Serious Injury,Owner,Unknown,Normal,Not a Pedestrian,Slight Injury
00:25:00,Sunday,31-50,Male,Below 1yr,Pick up upto 10Q,Office areas,Asphalt roads,Dry,Normal,Daylight,Vehicle with vehicle collision,2,1,Moving Backward,na,No Casualty,na,No distancing,Serious Injury,Owner,Above 10yr,Normal,Not a Pedestrian,No Casualty
00:10:00,Sunday,18-30,Female,5-10yr,Lorry (11-40Q),Other,Asphalt roads,Dry,Normal,Daylight,Collision with pedestrians,2,1,Other,Male,Under 18,3,Getting off the vehicle improperly,Slight Injury,Owner,2-5yrs,Normal,Not a Pedestrian,Slight Injury
00:10:00,Sunday,18-30,Male,5-10yr,Pick up upto 10Q,Church areas,Asphalt roads,Dry,Normal,Daylight,Vehicle with vehicle collision,2,1,Going straight,Male,18-30,3,Overtaking,Slight Injury,Owner,Above 10yr,Normal,Not a Pedestrian,Slight Injury
15:20:00,Friday,18-30,Male,5-10yr,Special vehicle,Other,Asphalt roads,Dry,Normal,Daylight,Vehicle with vehicle collision,2,1,Reversing,Male,Under 18,2,Driving carelessly,Slight Injury,Governmental,1-2yr,Normal,Not a Pedestrian,Serious Injury
15:20:00,Friday,31-50,Male,2-5yr,Lorry (11-40Q),Other,Other,Dry,Normal,Daylight,Collision with roadside objects,2,1,Going straight,Female,31-50,3,Driving under the influence of drugs,Slight Injury,Governmental,Above 10yr,Normal,Not a Pedestrian,Slight Injury
15:20:00,Friday,31-50,Male,Above 10yr,Automobile,Office areas,Asphalt roads,Dry,Normal,Daylight,Vehicle with vehicle collision,2,1,Other,na,No Casualty,na,Moving Backward,Slight Injury,Organization,5-10yrs,Normal,Not a Pedestrian,No Casualty
16:30:00,Friday,Under 18,Male,5-10yr,Automobile,Other,Asphalt roads,Dry,Normal,Daylight,Vehicle with vehicle collision,2,1,Other,Female,Over 51,3,Overturning,Slight Injury,Organization,Above 10yr,No Casualty,Not a Pedestrian,Slight Injury
16:30:00,Friday,Under 18,Male,Above 10yr,Lorry (41-100Q),Other,Asphalt roads,Dry,Normal,Daylight,Collision with pedestrians,3,1,Other,na,No Casualty,na,Driving under the influence of drugs,Slight Injury,Owner,2-5yrs,Normal,Not a Pedestrian,No Casualty
01:05:00,Friday,Under 18,Male,2-5yr,Other,Residential areas,Asphalt roads,Dry,Normal,Daylight,Vehicle with vehicle collision,3,1,Stopping,Male,18-30,3,Changing lane to the right,Slight Injury,Governmental,Unknown,Normal,Not a Pedestrian,Slight Injury
01:05:00,Friday,31-50,Female,Below 1yr,Other,Office areas,Asphalt roads,Dry,Normal,Daylight,Vehicle with vehicle collision,3,1,Other,na,No Casualty,na,Changing lane to the left,Slight Injury,Owner,2-5yrs,Normal,Not a Pedestrian,No Casualty
19:40:00,Monday,Over 51,Male,Below 1yr,Automobile,Church areas,Asphalt roads,Dry,Normal,Darkness - lights lit,Collision with pedestrians,2,1,Other,Male,18-30,3,No distancing,Slight Injury,Owner,2-5yrs,Normal,Not a Pedestrian,Slight Injury
19:40:00,Monday,31-50,Male,5-10yr,Other,Other,Earth roads,Dry,Normal,Darkness - lights lit,Collision with pedestrians,2,1,Other,Female,Over 51,3,No distancing,Slight Injury,Owner,1-2yr,No Casualty,Not a Pedestrian,Slight Injury
19:40:00,Monday,31-50,Male,2-5yr,Automobile,Market areas,Asphalt roads,Dry,Normal,Darkness - lights lit,Collision with pedestrians,2,2,Going straight,Male,31-50,3,No priority to vehicle,Slight Injury,Owner,Above 10yr,Normal,Unknown or other,Slight Injury
19:08:00,Tuesday,18-30,Male,Below 1yr,Public (13-45 seats),Residential areas,Asphalt roads,Dry,Normal,Darkness - lights lit,Collision with roadside objects,2,2,Going straight,Male,Under 18,3,Moving Backward,Slight Injury,Owner,Above 10yr,Normal,Crossing from nearside - masked by parked or statioNot a Pedestrianry vehicle,Slight Injury
19:08:00,Tuesday,18-30,Male,2-5yr,Lorry (41-100Q),Office areas,Asphalt roads,Dry,Normal,Darkness - lights lit,Vehicle with vehicle collision,2,1,Going straight,Female,31-50,3,Moving Backward,Slight Injury,Owner,5-10yrs,No Casualty,Not a Pedestrian,Slight Injury
17:50:00,Friday,Over 51,Male,5-10yr,Automobile,Recreational areas,Asphalt roads,Dry,Normal,Darkness - lights lit,Vehicle with vehicle collision,2,1,Going straight,na,No Casualty,na,Getting off the vehicle improperly,Slight Injury,Owner,Unknown,Normal,Not a Pedestrian,No Casualty
17:50:00,Friday,18-30,Male,Above 10yr,Automobile,Office areas,Asphalt roads,Dry,Normal,Daylight,Vehicle with vehicle collision,2,1,Going straight,Female,31-50,3,Changing lane to the left,Slight Injury,Governmental,Unknown,Normal,Not a Pedestrian,Slight Injury
21:30:00,Sunday,31-50,Male,Above 10yr,Automobile,Industrial areas,Asphalt roads,Dry,Normal,Daylight,Vehicle with vehicle collision,2,1,Going straight,na,No Casualty,na,Changing lane to the left,Slight Injury,Owner,5-10yrs,Normal,Not a Pedestrian,No Casualty
21:30:00,Sunday,31-50,Male,5-10yr,Lorry (41-100Q),Other,Asphalt roads,Dry,Normal,Daylight,Vehicle with vehicle collision,1,1,Going straight,na,No Casualty,na,No priority to vehicle,Slight Injury,Owner,Unknown,Normal,Not a Pedestrian,No Casualty
14:49:00,Monday,Over 51,Male,1-2yr,Automobile,Residential areas,Asphalt roads,Dry,Normal,Darkness - no lighting,Vehicle with vehicle collision,1,4,Going straight,Male,18-30,3,Changing lane to the right,Serious Injury,Owner,Unknown,No Casualty,Not a Pedestrian,Slight Injury
14:49:00,Monday,Over 51,Female,5-10yr,Lorry (41-100Q),Residential areas,Asphalt roads,Dry,Normal,Darkness - no lighting,Collision with pedestrians,1,4,Going straight,na,No Casualty,na,Changing lane to the right,Serious Injury,Governmental,Above 10yr,Normal,Not a Pedestrian,No Casualty
14:49:00,Monday,18-30,Female,5-10yr,Taxi,Industrial areas,Asphalt roads,Dry,Normal,Darkness - no lighting,Collision with roadside objects,1,4,Going straight,Female,18-30,3,Driving carelessly,Serious Injury,Owner,1-2yr,Normal,Not a Pedestrian,Slight Injury
17:40:00,Sunday,31-50,Male,1-2yr,Lorry (41-100Q),Residential areas,Asphalt roads,Dry,Normal,Darkness - no lighting,Vehicle with vehicle collision,1,4,Going straight,Female,31-50,2,Changing lane to the left,Serious Injury,Owner,2-5yrs,Normal,Not a Pedestrian,Serious Injury