Time,Day_of_week,Age_band_of_driver,Sex_of_driver,Driving_experience,Type_of_vehicle,Area_accident_occured,Road_surface_type,Road_surface_conditions,Weather_conditions,Light_conditions,Type_of_collision,Number_of_vehicles_involved,Number_of_casualties,Vehicle_movement,Sex_of_casualty,Age_band_of_casualty,Casualty_severity,Cause_of_accident,Accident_severity,Owner_of_vehicle,Service_year_of_vehicle,Fitness_of_casuality,Pedestrian_movement,Casualty_severity_label
17:40:00,Sunday,Over 51,Male,5-10yr,Lorry (41-100Q),Residential areas,Asphalt roads,Dry,Normal,Darkness - lights unlit,Vehicle with vehicle collision,3,1,Reversing,na,No Casualty,na,Changing lane to the right,Slight Injury,Owner,Unknown,Normal,Not a Pedestrian,No Casualty
21:55:00,Friday,18-30,Female,Above 10yr,Other,Office areas,Asphalt roads,Dry,Normal,Darkness - lights unlit,Vehicle with vehicle collision,3,1,Going straight,na,No Casualty,na,Driving under the influence of drugs,Slight Injury,Owner,Unknown,Normal,Not a Pedestrian,No Casualty
21:55:00,Friday,18-30,Female,Below 1yr,Stationwagen,Office areas,Asphalt roads,Dry,Normal,Darkness - lights unlit,Vehicle with vehicle collision,3,1,Other,Male,18-30,3,Driving carelessly,Slight Injury,Owner,2-5yrs,Normal,Not a Pedestrian,Slight Injury
07:30:00,Tuesday,18-30,Male,5-10yr,Stationwagen,Office areas,Asphalt roads,Dry,Normal,Daylight,With Train,2,1,Going straight,Male,31-50,3,No distancing,Slight Injury,Owner,Above 10yr,Normal,Not a Pedestrian,Slight Injury
07:30:00,Tuesday,31-50,Male,Above 10yr,Lorry (41-100Q),Office areas,Asphalt roads,Dry,Normal,Daylight,Vehicle with vehicle collision,2,1,Getting off,na,No Casualty,na,No priority to vehicle,Slight Injury,Owner,1-2yr,Normal,Not a Pedestrian,No Casualty
10:41:00,Wednesday,31-50,Male,Below 1yr,Lorry (41-100Q),Office areas,Asphalt roads,Dry,Normal,Daylight,Vehicle with vehicle collision,1,1,Going straight,Male,31-50,3,No priority to vehicle,Slight Injury,Owner,Unknown,Normal,Not a Pedestrian,Slight Injury
13:16:00,Wednesday,31-50,Male,1-2yr,Other,Office areas,Earth roads,Dry,Normal,Daylight,Vehicle with vehicle collision,1,1,Going straight,Female,Under 18,3,No priority to vehicle,Slight Injury,Owner,Unknown,Normal,Not a Pedestrian,Slight Injury
13:16:00,Wednesday,31-50,Male,Above 10yr,Automobile,Office areas,Asphalt roads,Dry,Normal,Darkness - lights lit,Vehicle with vehicle collision,2,3,Going straight,na,No Casualty,na,Changing lane to the left,Slight Injury,Owner,Unknown,Normal,Not a Pedestrian,No Casualty
13:16:00,Wednesday,31-50,Male,Above 10yr,Automobile,Residential areas,Asphalt roads,Dry,Normal,Darkness - lights lit,Vehicle with vehicle collision,2,3,Going straight,na,No Casualty,na,Moving Backward,Slight Injury,Owner,Above 10yr,Normal,Not a Pedestrian,No Casualty
11:30:00,Thursday,18-30,Male,Above 10yr,Taxi,Residential areas,Asphalt roads,Dry,Normal,Darkness - lights lit,Vehicle with vehicle collision,2,3,Turnover,Male,18-30,3,Driving carelessly,Slight Injury,Owner,5-10yrs,Normal,Not a Pedestrian,Slight Injury
11:30:00,Thursday,18-30,Male,5-10yr,Lorry (41-100Q),Other,Asphalt roads,Dry,Normal,Darkness - lights lit,Vehicle with vehicle collision,2,3,Entering a junction,na,No Casualty,na,Driving under the influence of drugs,Slight Injury,Owner,Unknown,Normal,Not a Pedestrian,No Casualty
19:31:00,Wednesday,18-30,Male,1-2yr,Other,Church areas,Asphalt roads,Wet or damp,Rain,Darkness - lights lit,Vehicle with vehicle collision,2,1,Entering a junction,Male,31-50,3,Changing lane to the right,Slight Injury,Owner,5-10yrs,Normal,Not a Pedestrian,Slight Injury
19:31:00,Wednesday,18-30,Male,1-2yr,Automobile,Recreational areas,Asphalt roads,Wet or damp,Rain,Darkness - lights lit,Vehicle with vehicle collision,2,1,Entering a junction,Female,31-50,3,No priority to vehicle,Slight Injury,Owner,Unknown,Normal,Not a Pedestrian,Slight Injury
09:25:00,Friday,31-50,Male,Below 1yr,Public (> 45 seats),Industrial areas,Asphalt roads,Dry,Normal,Daylight,Collision with pedestrians,3,1,Entering a junction,na,No Casualty,na,Changing lane to the right,Slight Injury,Owner,Unknown,Normal,Not a Pedestrian,No Casualty
09:25:00,Friday,18-30,Male,1-2yr,Stationwagen,Residential areas,Asphalt roads,Dry,Normal,Daylight,Collision with roadside objects,3,1,Other,na,No Casualty,na,Driving to the left,Slight Injury,Owner,Unknown,Normal,Not a Pedestrian,No Casualty
14:10:00,Wednesday,18-30,Male,2-5yr,Automobile,Residential areas,Asphalt roads,Dry,Normal,Daylight,Collision with roadside objects,3,1,Entering a junction,Female,Under 18,3,Moving Backward,Slight Injury,Owner,Above 10yr,Normal,"Walking along in carriageway, back to traffic",Slight Injury
14:10:00,Wednesday,Over 51,Male,5-10yr,Lorry (41-100Q),Office areas,Asphalt roads,Dry,Normal,Daylight,Vehicle with vehicle collision,1,1,Turnover,Female,31-50,3,No priority to vehicle,Serious Injury,Owner,2-5yrs,Normal,Not a Pedestrian,Slight Injury
14:00:00,Friday,31-50,Male,Above 10yr,Other,Market areas,Earth roads,Dry,Normal,Daylight,Vehicle with vehicle collision,2,1,Entering a junction,Female,Over 51,3,No distancing,Slight Injury,Owner,2-5yrs,Normal,Not a Pedestrian,Slight Injury
14:00:00,Friday,31-50,Male,2-5yr,Public (13-45 seats),Unknown,Asphalt roads,Dry,Normal,Daylight,Vehicle with vehicle collision,2,1,Entering a junction,na,No Casualty,na,Driving carelessly,Slight Injury,Owner,Unknown,Normal,Not a Pedestrian,No Casualty
22:05:00,Tuesday,18-30,Male,Above 10yr,Other,Industrial areas,Asphalt roads,Wet or damp,Normal,Daylight,Vehicle with vehicle collision,1,1,Entering a junction,na,No Casualty,na,Changing lane to the left,Slight Injury,Owner,Unknown,Normal,Not a Pedestrian,No Casualty
22:05:00,Tuesday,Over 51,Female,5-10yr,Other,Residential areas,Asphalt roads,Dry,Normal,Darkness - lights lit,Vehicle with vehicle collision,1,3,Entering a junction,Female,18-30,3,No priority to vehicle,Slight Injury,Owner,Unknown,No Casualty,Not a Pedestrian,Slight Injury
07:00:00,Thursday,18-30,Male,5-10yr,Ridden horse,Residential areas,Asphalt roads,Dry,Normal,Darkness - lights lit,Collision with roadside objects,1,3,Entering a junction,Male,Under 18,3,No priority to vehicle,Slight Injury,Governmental,Below 1yr,No Casualty,Not a Pedestrian,Slight Injury
07:00:00,Thursday,31-50,Male,5-10yr,Lorry (41-100Q),Other,Asphalt roads,Dry,Normal,Darkness - lights lit,Vehicle with vehicle collision,1,3,Other,Male,18-30,3,No distancing,Slight Injury,Owner,5-10yrs,Normal,Not a Pedestrian,Slight Injury
07:35:00,Thursday,18-30,Male,Below 1yr,Lorry (41-100Q),Residential areas,Asphalt roads,Dry,Normal,Daylight,Vehicle with vehicle collision,1,1,Going straight,Male,31-50,3,Driving to the left,Slight Injury,Governmental,Unknown,Normal,Not a Pedestrian,Slight Injury
07:35:00,Thursday,31-50,Male,2-5yr,Pick up upto 10Q,Rural village areas,Asphalt roads,Wet or damp,Rain,Darkness - lights lit,Vehicle with vehicle collision,2,1,Going straight,Female,Under 18,2,Driving carelessly,Slight Injury,Owner,1-2yr,No Casualty,Crossing from driver's nearside,Serious Injury
08:43:00,Wednesday,31-50,Male,2-5yr,Lorry (11-40Q),Rural village areas,Asphalt roads,Wet or damp,Rain,Darkness - lights lit,Vehicle with vehicle collision,2,1,Other,Male,31-50,3,Driving carelessly,Slight Injury,Owner,2-5yrs,Normal,Not a Pedestrian,Slight Injury
08:43:00,Wednesday,31-50,Male,2-5yr,Automobile,Office areas,Gravel roads,Wet or damp,Normal,Darkness - no lighting,Vehicle with vehicle collision,1,1,Going straight,na,No Casualty,na,Changing lane to the right,Serious Injury,Owner,Unknown,No Casualty,Not a Pedestrian,No Casualty
16:05:00,Tuesday,Over 51,Male,2-5yr,Automobile,Residential areas,Asphalt roads,Dry,Normal,Daylight,Vehicle with vehicle collision,1,1,Going straight,Male,18-30,3,Driving carelessly,Slight Injury,Owner,2-5yrs,No Casualty,Not a Pedestrian,Slight Injury
22:05:00,Friday,18-30,Male,5-10yr,Pick up upto 10Q,Residential areas,Asphalt roads,Dry,Normal,Darkness - lights lit,Collision with pedestrians,1,1,Going straight,na,No Casualty,na,Changing lane to the left,Slight Injury,Owner,Unknown,No Casualty,Not a Pedestrian,No Casualty
22:05:00,Friday,18-30,Male,5-10yr,Automobile,Outside rural areas,Asphalt roads,Wet or damp,Rain,Darkness - lights lit,Collision with pedestrians,2,1,Going straight,Male,Over 51,3,Driving carelessly,Serious Injury,Owner,Unknown,Normal,Unknown or other,Slight Injury
22:05:00,Friday,18-30,Male,Above 10yr,Other,Residential areas,Asphalt roads,Wet or damp,Rain,Darkness - lights lit,Collision with roadside objects,2,1,Going straight,Male,18-30,3,Driving carelessly,Serious Injury,Owner,Above 10yr,Normal,Not a Pedestrian,Slight Injury
22:05:00,Friday,18-30,Male,5-10yr,Lorry (41-100Q),Church areas,Asphalt roads,Wet or damp,Normal,Darkness - lights lit,Collision with pedestrians,1,2,Reversing,na,No Casualty,na,Driving under the influence of drugs,Serious Injury,Owner,5-10yrs,Normal,Not a Pedestrian,No Casualty
03:40:00,Friday,18-30,Male,5-10yr,Public (13-45 seats),Office areas,Asphalt roads,Wet or damp,Normal,Darkness - lights lit,Vehicle with vehicle collision,1,2,Moving Backward,Male,Over 51,3,Driving carelessly,Serious Injury,Owner,Unknown,Normal,Not a Pedestrian,Slight Injury
09:25:00,Tuesday,Over 51,Male,Above 10yr,Pick up upto 10Q,Office areas,Asphalt roads,Wet or damp,Rain,Darkness - lights lit,Vehicle with vehicle collision,1,4,Overtaking,na,No Casualty,na,No distancing,Slight Injury,Owner,Unknown,No Casualty,Not a Pedestrian,No Casualty
09:25:00,Tuesday,18-30,Male,5-10yr,Stationwagen,Office areas,Asphalt roads,Wet or damp,Rain,Darkness - lights lit,Vehicle with vehicle collision,1,4,Going straight,Male,31-50,2,Driving carelessly,Slight Injury,Governmental,Unknown,Normal,Crossing from nearside - masked by parked or statioNot a Pedestrianry vehicle,Serious Injury
09:25:00,Tuesday,18-30,Male,5-10yr,Other,Other,Asphalt roads,Wet or damp,Rain,Darkness - lights lit,Collision with roadside objects,1,4,Going straight,Male,31-50,3,Driving to the left,Slight Injury,Owner,2-5yrs,No Casualty,Not a Pedestrian,Slight Injury
09:25:00,Tuesday,18-30,Male,5-10yr,Pick up upto 10Q,Other,Asphalt roads,Wet or damp,Rain,Darkness - lights lit,Collision with roadside objects,1,4,Going straight,na,No Casualty,na,Overtaking,Slight Injury,Owner,2-5yrs,Normal,Not a Pedestrian,No Casualty
09:25:00,Tuesday,18-30,Male,Below 1yr,Public (13-45 seats),Residential areas,Asphalt roads,Dry,Normal,Daylight,Vehicle with vehicle collision,1,1,Going straight,na,No Casualty,na,No distancing,Slight Injury,Owner,Unknown,Normal,Not a Pedestrian,No Casualty
09:25:00,Tuesday,18-30,Male,5-10yr,Public (12 seats),Other,Asphalt roads,Wet or damp,Rain,Daylight,Vehicle with vehicle collision,1,1,Going straight,Male,31-50,3,Driving carelessly,Slight Injury,Owner,Unknown,Normal,Not a Pedestrian,Slight Injury
07:58:00,Thursday,Under 18,Male,5-10yr,Lorry (41-100Q),Other,Asphalt roads,Dry,Normal,Darkness - lights lit,Vehicle with vehicle collision,2,2,Going straight,Male,18-30,3,Moving Backward,Slight Injury,Owner,Below 1yr,Normal,Not a Pedestrian,Slight Injury
07:58:00,Thursday,18-30,Male,5-10yr,Pick up upto 10Q,Other,Asphalt roads,Dry,Normal,Darkness - lights lit,Vehicle with vehicle collision,2,2,Going straight,Male,18-30,3,Overtaking,Slight Injury,Owner,5-10yrs,Normal,Not a Pedestrian,Slight Injury
20:15:00,Tuesday,18-30,Male,Above 10yr,Lorry (41-100Q),Other,Asphalt roads,Dry,Normal,Darkness - lights lit,Vehicle with vehicle collision,2,2,Going straight,na,No Casualty,na,Changing lane to the left,Slight Injury,Governmental,5-10yrs,Normal,Not a Pedestrian,No Casualty
20:15:00,Tuesday,18-30,Male,Above 10yr,Pick up upto 10Q,Other,Asphalt roads,Wet or damp,Rain & Wind,Darkness - lights lit,Vehicle with vehicle collision,2,1,Going straight,Male,18-30,3,Changing lane to the right,Slight Injury,Owner,2-5yrs,Normal,Not a Pedestrian,Slight Injury
17:10:00,Tuesday,18-30,Male,Above 10yr,Long lorry,Other,Asphalt roads,Wet or damp,Rain & Wind,Darkness - lights lit,Vehicle with vehicle collision,2,1,Going straight,Male,31-50,3,Overtaking,Slight Injury,Owner,Unknown,Normal,Not a Pedestrian,Slight Injury
17:10:00,Tuesday,31-50,Male,Above 10yr,Automobile,Church areas,Asphalt roads,Dry,Cloudy,Daylight,Vehicle with vehicle collision,2,2,Going straight,na,No Casualty,na,Overloading,Slight Injury,Owner,2-5yrs,Normal,Not a Pedestrian,No Casualty
17:10:00,Tuesday,31-50,Male,Above 10yr,Other,Other,Asphalt roads,Dry,Cloudy,Daylight,Vehicle with vehicle collision,2,2,Other,Male,Over 51,3,Other,Slight Injury,Owner,5-10yrs,Normal,Not a Pedestrian,Slight Injury
15:30:00,Friday,18-30,Male,Above 10yr,Automobile,Industrial areas,Asphalt roads,Dry,Cloudy,Daylight,Collision with roadside objects,2,2,Going straight,na,No Casualty,na,No priority to vehicle,Slight Injury,Organization,2-5yrs,Normal,Not a Pedestrian,No Casualty
15:30:00,Friday,18-30,Male,5-10yr,Public (13-45 seats),Residential areas,Earth roads,Wet or damp,Rain,Darkness - lights lit,Collision with roadside objects,2,1,Moving Backward,Male,Over 51,3,Changing lane to the right,Slight Injury,Owner,Unknown,Normal,Unknown or other,Slight Injury
09:47:00,Friday,18-30,Male,2-5yr,Special vehicle,Other,Asphalt roads,Wet or damp,Rain,Darkness - lights lit,Collision with pedestrians,2,1,Other,Male,31-50,3,Moving Backward,Slight Injury,Governmental,Above 10yr,Normal,Not a Pedestrian,Slight Injury
09:47:00,Friday,Over 51,Male,Below 1yr,Lorry (41-100Q),Office areas,Asphalt roads,Dry,Normal,Darkness - lights lit,Vehicle with vehicle collision,2,2,Going straight,Male,18-30,3,Changing lane to the left,Slight Injury,Owner,Unknown,Normal,Not a Pedestrian,Slight Injury
09:47:00,Friday,31-50,Male,Below 1yr,Lorry (41-100Q),Industrial areas,Asphalt roads,Dry,Normal,Darkness - lights lit,Vehicle with vehicle collision,2,2,Going straight,Male,18-30,3,No priority to pedestrian,Slight Injury,Owner,Unknown,Normal,Not a Pedestrian,Slight Injury
11:19:00,Monday,18-30,Male,2-5yr,Public (> 45 seats),Industrial areas,Asphalt roads,Wet or damp,Normal,Darkness - no lighting,Vehicle with vehicle collision,2,3,Going straight,Female,18-30,3,No distancing,Slight Injury,Owner,1-2yr,Normal,Not a Pedestrian,Slight Injury
11:19:00,Monday,Over 51,Male,Below 1yr,Automobile,Other,Asphalt roads,Wet or damp,Normal,Darkness - no lighting,Vehicle with vehicle collision,2,3,Going straight,na,No Casualty,na,No priority to vehicle,Slight Injury,Owner,Unknown,Normal,Not a Pedestrian,No Casualty
13:13:00,Friday,18-30,Male,Below 1yr,Automobile,Hospital areas,Asphalt roads,Wet or damp,Normal,Darkness - no lighting,Vehicle with vehicle collision,2,3,Going straight,Female,Over 51,3,No distancing,Slight Injury,Organization,Above 10yr,Normal,Not a Pedestrian,Slight Injury
13:13:00,Friday,18-30,Male,5-10yr,Automobile,Office areas,Asphalt roads,Wet or damp,Normal,Darkness - lights lit,Vehicle with vehicle collision,2,1,Going straight,na,No Casualty,na,No distancing,Slight Injury,Owner,Unknown,Normal,Not a Pedestrian,No Casualty
15:55:00,Thursday,18-30,Male,5-10yr,Public (> 45 seats),Church areas,Gravel roads,Wet or damp,Normal,Darkness - lights lit,Vehicle with vehicle collision,2,1,Going straight,Female,31-50,2,Moving Backward,Slight Injury,Owner,2-5yrs,Normal,Not a Pedestrian,Serious Injury
15:55:00,Thursday,18-30,Male,Below 1yr,Lorry (11-40Q),Hospital areas,Asphalt roads,Wet or damp,Rain,Darkness - lights lit,Vehicle with vehicle collision,2,1,Going straight,Male,31-50,3,Changing lane to the right,Slight Injury,Organization,5-10yrs,Normal,Not a Pedestrian,Slight Injury
15:55:00,Thursday,31-50,Male,Below 1yr,Pick up upto 10Q,Office areas,Asphalt roads,Wet or damp,Rain,Darkness - lights lit,Vehicle with vehicle collision,2,1,Going straight,na,No Casualty,na,No priority to pedestrian,Slight Injury,Owner,Above 10yr,Normal,Not a Pedestrian,No Casualty
10:47:00,Thursday,31-50,Male,1-2yr,Lorry (11-40Q),Other,Asphalt roads,Dry,Normal,Darkness - lights lit,Collision with pedestrians,2,1,Other,Male,31-50,3,Moving Backward,Slight Injury,Owner,2-5yrs,Normal,Not a Pedestrian,Slight Injury
10:47:00,Thursday,31-50,Male,Above 10yr,Pick up upto 10Q,Office areas,Other,Dry,Normal,Darkness - lights lit,Collision with pedestrians,2,1,Reversing,Male,Under 18,3,Getting off the vehicle improperly,Slight Injury,Owner,1-2yr,No Casualty,Not a Pedestrian,Slight Injury
15:00:00,Thursday,18-30,Male,Above 10yr,Special vehicle,Office areas,Asphalt roads,Dry,Normal,Daylight,Vehicle with vehicle collision,2,2,Other,na,No Casualty,na,Overtaking,Slight Injury,Owner,2-5yrs,Normal,Not a Pedestrian,No Casualty
15:00:00,Thursday,18-30,Male,Below 1yr,Lorry (11-40Q),Other,Asphalt roads,Dry,Normal,Daylight,Vehicle with vehicle collision,2,2,Other,na,No Casualty,na,Overloading,Slight Injury,Owner,Unknown,Normal,Not a Pedestrian,No Casualty
18:40:00,Thursday,18-30,Male,2-5yr,Automobile,Office areas,Asphalt roads,Dry,Normal,Daylight,Vehicle with vehicle collision,2,2,Reversing,Male,18-30,2,Changing lane to the right,Slight Injury,Owner,1-2yr,Normal,Not a Pedestrian,Serious Injury
03:55:00,Monday,18-30,Male,2-5yr,Automobile,Residential areas,Asphalt roads,Wet or damp,Normal,Darkness - lights lit,Vehicle with vehicle collision,2,1,Going straight,Male,18-30,3,Improper parking,Slight Injury,Owner,Unknown,Normal,Not a Pedestrian,Slight Injury
03:55:00,Monday,18-30,Male,Above 10yr,Lorry (41-100Q),Other,Asphalt roads,Wet or damp,Normal,Darkness - lights lit,Vehicle with vehicle collision,2,1,Going straight,na,No Casualty,na,Other,Slight Injury,Owner,Unknown,Normal,Not a Pedestrian,No Casualty
03:55:00,Monday,18-30,Male,2-5yr,Other,Office areas,Asphalt roads,Wet or damp,Rain,Darkness - lights lit,Vehicle with vehicle collision,2,1,Going straight,Female,31-50,3,Changing lane to the left,Slight Injury,Owner,2-5yrs,No Casualty,Not a Pedestrian,Slight Injury
17:45:00,Sunday,31-50,Male,2-5yr,Other,Office areas,Asphalt roads,Wet or damp,Rain,Darkness - lights lit,Vehicle with vehicle collision,2,1,Going straight,Male,31-50,3,Changing lane to the right,Slight Injury,Owner,5-10yrs,Normal,Not a Pedestrian,Slight Injury
17:45:00,Sunday,18-30,Male,1-2yr,Automobile,Office areas,Asphalt roads,Wet or damp,Normal,Daylight,Vehicle with vehicle collision,2,1,Turnover,Female,Under 18,3,No priority to pedestrian,Slight Injury,Owner,Unknown,Normal,Not a Pedestrian,Slight Injury
17:45:00,Sunday,18-30,Male,5-10yr,Other,Other,Asphalt roads,Wet or damp,Normal,Daylight,Vehicle with vehicle collision,2,1,Going straight,Female,Under 18,3,Overspeed,Slight Injury,Owner,5-10yrs,Normal,Not a Pedestrian,Slight Injury
17:45:00,Sunday,18-30,Male,Below 1yr,Automobile,Church areas,Asphalt roads,Wet or damp,Other,Daylight,Vehicle with vehicle collision,1,1,Going straight,Male,31-50,3,Changing lane to the left,Slight Injury,Owner,Unknown,Normal,Not a Pedestrian,Slight Injury
19:10:00,Friday,31-50,Male,Below 1yr,Public (13-45 seats),Industrial areas,Asphalt roads,Wet or damp,Rain,Daylight,Vehicle with vehicle collision,2,3,Going straight,Female,31-50,3,No priority to vehicle,Slight Injury,Owner,Unknown,Normal,Not a Pedestrian,Slight Injury
10:13:00,Thursday,31-50,Male,5-10yr,Lorry (41-100Q),Office areas,Asphalt roads,Wet or damp,Rain,Daylight,Vehicle with vehicle collision,2,3,Going straight,Female,18-30,3,Changing lane to the right,Slight Injury,Owner,1-2yr,Normal,Not a Pedestrian,Slight Injury
10:13:00,Thursday,Over 51,Male,Below 1yr,Automobile,Church areas,Asphalt roads,Wet or damp,Rain,Daylight,Vehicle with vehicle collision,2,3,Going straight,Male,Under 18,3,No distancing,Slight Injury,Owner,Unknown,No Casualty,Not a Pedestrian,Slight Injury
09:48:00,Friday,Under 18,Male,1-2yr,Automobile,Office areas,Asphalt roads,Dry,Normal,Daylight,Vehicle with vehicle collision,2,1,Moving Backward,na,No Casualty,na,No priority to pedestrian,Slight Injury,Owner,Unknown,Normal,Not a Pedestrian,No Casualty
09:48:00,Friday,18-30,Male,2-5yr,Automobile,Office areas,Gravel roads,Dry,Normal,Daylight,Vehicle with vehicle collision,2,1,Going straight,na,No Casualty,na,No distancing,Slight Injury,Owner,Unknown,Normal,Not a Pedestrian,No Casualty
16:20:00,Monday,18-30,Male,1-2yr,Lorry (41-100Q),Residential areas,Asphalt roads,Wet or damp,Rain,Darkness - no lighting,Vehicle with vehicle collision,2,1,Going straight,Female,18-30,3,No priority to vehicle,Slight Injury,Owner,Unknown,Normal,Not a Pedestrian,Slight Injury
16:20:00,Monday,18-30,Male,5-10yr,Automobile,Office areas,Asphalt roads,Wet or damp,Rain,Darkness - no lighting,Vehicle with vehicle collision,2,1,Turnover,na,No Casualty,na,Other,Slight Injury,Owner,5-10yrs,Normal,Not a Pedestrian,No Casualty
19:40:00,Thursday,18-30,Male,Below 1yr,Lorry (41-100Q),Residential areas,Asphalt roads,Wet or damp,Normal,Daylight,Vehicle with vehicle collision,2,1,Going straight,Male,18-30,3,Driving carelessly,Serious Injury,Owner,5-10yrs,No Casualty,Not a Pedestrian,Slight Injury
16:53:00,Wednesday,18-30,Male,Above 10yr,Taxi,Office areas,Other,Wet or damp,Normal,Daylight,Vehicle with vehicle collision,2,1,Going straight,Male,31-50,2,Changing lane to the left,Serious Injury,Owner,2-5yrs,Normal,Not a Pedestrian,Serious Injury
12:55:00,Wednesday,31-50,Female,5-10yr,Lorry (41-100Q),Office areas,Asphalt roads,Dry,Normal,Daylight,Vehicle with vehicle collision,2,1,Going straight,na,No Casualty,na,Driving carelessly,Slight Injury,Owner,2-5yrs,Normal,Not a Pedestrian,No Casualty
19:32:00,Friday,31-50,Male,Below 1yr,Lorry (41-100Q),Other,Other,Dry,Normal,Daylight,Vehicle with vehicle collision,2,1,Going straight,Male,Over 51,3,Changing lane to the left,Slight Injury,Owner,Unknown,Normal,Not a Pedestrian,Slight Injury
19:32:00,Friday,18-30,Male,5-10yr,Other,Other,Asphalt roads,Wet or damp,Normal,Daylight,Collision with roadside objects,2,1,Going straight,na,No Casualty,na,No priority to vehicle,Slight Injury,Owner,Unknown,Normal,Not a Pedestrian,No Casualty
17:35:00,Friday,18-30,Female,5-10yr,Stationwagen,Residential areas,Asphalt roads,Wet or damp,Normal,Daylight,Collision with roadside objects,2,1,Going straight,Male,18-30,3,No distancing,Slight Injury,Owner,Above 10yr,Normal,Not a Pedestrian,Slight Injury
17:35:00,Friday,Over 51,Male,2-5yr,Stationwagen,Church areas,Asphalt roads,Wet or damp,Normal,Darkness - lights lit,Vehicle with vehicle collision,2,1,Moving Backward,na,No Casualty,na,Changing lane to the right,Slight Injury,Owner,Unknown,Normal,Not a Pedestrian,No Casualty
17:35:00,Friday,Over 51,Male,Above 10yr,Lorry (41-100Q),Church areas,Asphalt roads,Wet or damp,Normal,Darkness - lights lit,Vehicle with vehicle collision,2,1,Going straight,Female,31-50,3,Changing lane to the right,Slight Injury,Governmental,Unknown,Normal,Not a Pedestrian,Slight Injury
18:40:00,Tuesday,18-30,Male,5-10yr,Lorry (41-100Q),Residential areas,Asphalt roads,Wet or damp,Windy,Darkness - lights lit,Vehicle with vehicle collision,2,1,Going straight,na,No Casualty,na,Overspeed,Slight Injury,Owner,2-5yrs,Normal,Not a Pedestrian,No Casualty
18:40:00,Tuesday,18-30,Male,1-2yr,Other,Office areas,Asphalt roads,Wet or damp,Windy,Darkness - lights lit,Vehicle with vehicle collision,2,1,Going straight,na,No Casualty,na,No distancing,Slight Injury,Owner,Unknown,Normal,Not a Pedestrian,No Casualty
15:47:00,Thursday,31-50,Male,5-10yr,Automobile,Recreational areas,Asphalt roads,Wet or damp,Rain,Darkness - lights lit,Collision with roadside objects,2,1,Going straight,Male,Under 18,3,Changing lane to the right,Slight Injury,Owner,Unknown,Normal,Not a Pedestrian,Slight Injury
14:57:00,Sunday,Under 18,Female,2-5yr,Automobile,Church areas,Asphalt roads,Wet or damp,Rain,Darkness - lights lit,Vehicle with vehicle collision,2,1,Moving Backward,Female,Under 18,3,Changing lane to the left,Slight Injury,Owner,Unknown,Normal,Not a Pedestrian,Slight Injury
17:25:00,Friday,31-50,Male,5-10yr,Taxi,Recreational areas,Asphalt roads,Wet or damp,Rain,Daylight,Collision with roadside objects,2,2,Going straight,na,No Casualty,na,Getting off the vehicle improperly,Slight Injury,Other,1-2yr,Normal,Not a Pedestrian,No Casualty
17:25:00,Friday,31-50,Male,2-5yr,Lorry (41-100Q),School areas,Asphalt roads,Wet or damp,Rain,Daylight,Collision with roadside objects,2,2,Other,Female,18-30,3,Other,Slight Injury,Owner,5-10yrs,Normal,Not a Pedestrian,Slight Injury
17:25:00,Friday,31-50,Male,5-10yr,Other,Church areas,Asphalt roads,Wet or damp,Normal,Daylight,Collision with pedestrians,1,1,Other,na,No Casualty,na,Other,Serious Injury,Owner,Unknown,Normal,Not a Pedestrian,No Casualty
17:22:00,Sunday,Over 51,Male,1-2yr,Automobile,Office areas,Asphalt roads,Wet or damp,Rain,Darkness - lights lit,Vehicle with vehicle collision,2,3,Going straight,na,No Casualty,na,No distancing,Serious Injury,Owner,5-10yrs,Normal,Not a Pedestrian,No Casualty
17:22:00,Sunday,Under 18,Male,5-10yr,Public (> 45 seats),Residential areas,Asphalt roads,Wet or damp,Rain,Darkness - lights lit,Collision with roadside objects,2,3,Going straight,Male,31-50,3,No priority to vehicle,Serious Injury,Owner,2-5yrs,Normal,Not a Pedestrian,Slight Injury
16:05:00,Monday,18-30,Male,5-10yr,Stationwagen,Other,Asphalt roads,Wet or damp,Rain,Darkness - lights lit,Vehicle with vehicle collision,2,3,Going straight,Female,18-30,2,Overtaking,Serious Injury,Owner,Unknown,Normal,Crossing from driver's nearside,Serious Injury
16:05:00,Monday,31-50,Male,Above 10yr,Automobile,Other,Asphalt roads,Wet or damp,Rain,Darkness - lights lit,Vehicle with vehicle collision,2,3,Going straight,na,No Casualty,na,No priority to pedestrian,Serious Injury,Owner,Unknown,Normal,Not a Pedestrian,No Casualty
16:05:00,Monday,18-30,Male,Below 1yr,Lorry (41-100Q),Industrial areas,Asphalt roads,Wet or damp,Windy,Darkness - lights lit,Vehicle with vehicle collision,1,1,Other,Male,18-30,3,No distancing,Slight Injury,Governmental,1-2yr,Normal,Not a Pedestrian,Slight Injury
09:00:00,Thursday,18-30,Male,2-5yr,Other,Church areas,Asphalt roads,Dry,Normal,Daylight,Vehicle with vehicle collision,6,1,Going straight,Female,31-50,3,Changing lane to the right,Slight Injury,Governmental,1-2yr,Normal,Not a Pedestrian,Slight Injury