Time,Day_of_week,Age_band_of_driver,Sex_of_driver,Driving_experience,Type_of_vehicle,Area_accident_occured,Road_surface_type,Road_surface_conditions,Weather_conditions,Light_conditions,Type_of_collision,Number_of_vehicles_involved,Number_of_casualties,Vehicle_movement,Sex_of_casualty,Age_band_of_casualty,Casualty_severity,Cause_of_accident,Accident_severity,Owner_of_vehicle,Service_year_of_vehicle,Fitness_of_casuality,Pedestrian_movement,Casualty_severity_label
14:45:00,Sunday,31-50,Male,5-10yr,Automobile,Office areas,Asphalt roads,Dry,Normal,Daylight,Vehicle with vehicle collision,3,3,Reversing,Female,18-30,3,No priority to vehicle,Slight Injury,Owner,Above 10yr,Normal,Crossing from nearside - masked by parked or statioNot a Pedestrianry vehicle,Slight Injury
17:22:00,Tuesday,Over 51,Male,5-10yr,Stationwagen,Office areas,Asphalt roads,Dry,Normal,Daylight,Vehicle with vehicle collision,3,3,Going straight,Male,31-50,3,Moving Backward,Slight Injury,Owner,Unknown,Normal,Not a Pedestrian,Slight Injury
17:22:00,Tuesday,Under 18,Male,Below 1yr,Automobile,Hospital areas,Asphalt roads,Dry,Normal,Daylight,Vehicle with vehicle collision,3,3,Other,na,No Casualty,na,Changing lane to the left,Slight Injury,Owner,2-5yrs,Normal,Not a Pedestrian,No Casualty
10:58:00,Tuesday,31-50,Female,5-10yr,Public (12 seats),Industrial areas,Asphalt roads,Dry,Normal,Darkness - lights lit,Collision with roadside objects,2,2,Other,na,No Casualty,na,Overturning,Slight Injury,Owner,Unknown,Normal,Not a Pedestrian,No Casualty
10:58:00,Tuesday,Over 51,Female,5-10yr,Automobile,Other,Asphalt roads,Dry,Normal,Darkness - lights lit,Vehicle with vehicle collision,2,2,Other,Male,18-30,3,No distancing,Slight Injury,Owner,2-5yrs,Normal,Not a Pedestrian,Slight Injury
14:57:00,Monday,31-50,Male,5-10yr,Automobile,Office areas,Asphalt roads,Dry,Normal,Darkness - lights lit,Vehicle with vehicle collision,2,2,Stopping,na,No Casualty,na,Driving carelessly,Slight Injury,Owner,Unknown,No Casualty,Not a Pedestrian,No Casualty
14:57:00,Monday,Over 51,Male,Above 10yr,Lorry (41-100Q),Office areas,Asphalt roads,Dry,Normal,Daylight,Vehicle with vehicle collision,1,1,Other,Female,Over 51,3,No distancing,Slight Injury,Owner,Unknown,Normal,Not a Pedestrian,Slight Injury
14:57:00,Monday,18-30,Male,Above 10yr,Automobile,Residential areas,Asphalt roads,Dry,Normal,Daylight,Vehicle with vehicle collision,3,2,Other,na,No Casualty,na,Changing lane to the left,Slight Injury,Owner,Unknown,No Casualty,Not a Pedestrian,No Casualty
13:10:00,Friday,18-30,Male,Above 10yr,Public (> 45 seats),Residential areas,Other,Dry,Normal,Daylight,Collision with pedestrians,3,2,Other,Male,31-50,3,No priority to pedestrian,Slight Injury,Owner,Unknown,No Casualty,Not a Pedestrian,Slight Injury
13:10:00,Friday,18-30,Female,Above 10yr,Automobile,School areas,Asphalt roads,Dry,Normal,Daylight,Collision with pedestrians,3,2,Going straight,Female,Under 18,3,No distancing,Slight Injury,Owner,Unknown,Normal,Crossing from nearside - masked by parked or statioNot a Pedestrianry vehicle,Slight Injury
13:10:00,Friday,18-30,Female,Above 10yr,Public (12 seats),Other,Asphalt roads,Dry,Normal,Darkness - lights lit,Vehicle with vehicle collision,2,1,Going straight,Male,18-30,3,No distancing,Slight Injury,Governmental,Unknown,Normal,Not a Pedestrian,Slight Injury
08:10:00,Wednesday,18-30,Male,Above 10yr,Public (12 seats),Market areas,Asphalt roads,Dry,Normal,Darkness - lights lit,Vehicle with vehicle collision,2,1,Going straight,na,No Casualty,na,Changing lane to the left,Slight Injury,Governmental,Unknown,Normal,Not a Pedestrian,No Casualty
08:10:00,Wednesday,18-30,Male,5-10yr,Automobile,Office areas,Asphalt roads,Wet or damp,Other,Daylight,Vehicle with vehicle collision,2,1,Going straight,na,No Casualty,na,No distancing,Slight Injury,Owner,Unknown,Normal,Not a Pedestrian,No Casualty
12:30:00,Sunday,18-30,Male,2-5yr,Automobile,Church areas,Asphalt roads,Wet or damp,Other,Daylight,Rollover,2,1,Going straight,Female,18-30,3,Changing lane to the left,Slight Injury,Owner,Unknown,Normal,Not a Pedestrian,Slight Injury
12:30:00,Sunday,18-30,Male,Below 1yr,Automobile,Church areas,Asphalt roads,Dry,Normal,Daylight,Vehicle with vehicle collision,2,1,Going straight,na,No Casualty,na,No distancing,Slight Injury,Governmental,Unknown,Normal,Not a Pedestrian,No Casualty
12:30:00,Sunday,18-30,Male,Below 1yr,Lorry (41-100Q),Residential areas,Asphalt roads,Dry,Normal,Daylight,Vehicle with vehicle collision,2,1,Going straight,Male,18-30,3,No distancing,Slight Injury,Owner,Unknown,Normal,Not a Pedestrian,Slight Injury
12:30:00,Sunday,18-30,Male,2-5yr,Public (12 seats),Residential areas,Asphalt roads,Dry,Normal,Daylight,Collision with pedestrians,1,1,Going straight,na,No Casualty,na,No distancing,Serious Injury,Owner,Above 10yr,Normal,Not a Pedestrian,No Casualty
20:01:00,Sunday,18-30,Male,Below 1yr,Lorry (11-40Q),Residential areas,Asphalt roads,Dry,Normal,Daylight,Vehicle with vehicle collision,2,1,Going straight,Male,31-50,3,Changing lane to the left,Slight Injury,Owner,Unknown,Normal,Not a Pedestrian,Slight Injury
20:01:00,Sunday,31-50,Male,Below 1yr,Automobile,Residential areas,Asphalt roads,Dry,Normal,Daylight,Vehicle with vehicle collision,2,1,Going straight,Male,31-50,3,Changing lane to the right,Slight Injury,Owner,Above 10yr,Normal,Not a Pedestrian,Slight Injury
18:49:00,Thursday,31-50,Male,5-10yr,Automobile,Other,Asphalt roads,Dry,Normal,Daylight,Vehicle with vehicle collision,2,1,Going straight,na,No Casualty,na,Moving Backward,Slight Injury,Owner,1-2yr,No Casualty,Not a Pedestrian,No Casualty
20:41:00,Thursday,31-50,Male,5-10yr,Automobile,Other,Asphalt roads,Dry,Normal,Daylight,Collision with pedestrians,2,1,Reversing,na,No Casualty,na,Changing lane to the right,Slight Injury,Owner,Unknown,Normal,Not a Pedestrian,No Casualty
20:41:00,Thursday,18-30,Male,Below 1yr,Bajaj,Residential areas,Asphalt roads,Wet or damp,Normal,Daylight,Vehicle with vehicle collision,2,1,Going straight,Male,18-30,3,No distancing,Slight Injury,Owner,2-5yrs,No Casualty,Not a Pedestrian,Slight Injury
20:41:00,Thursday,31-50,Male,Below 1yr,Public (12 seats),Other,Other,Wet or damp,Normal,Daylight,Collision with pedestrians,2,1,Other,Male,18-30,3,Overtaking,Slight Injury,Owner,Unknown,Normal,Not a Pedestrian,Slight Injury
20:41:00,Thursday,31-50,Male,1-2yr,Lorry (11-40Q),Church areas,Asphalt roads,Dry,Normal,Darkness - lights lit,Vehicle with vehicle collision,1,1,Going straight,na,No Casualty,na,Other,Slight Injury,Owner,Unknown,No Casualty,Not a Pedestrian,No Casualty
10:04:00,Wednesday,31-50,Male,Above 10yr,Automobile,Other,Asphalt roads,Dry,Normal,Daylight,Vehicle with vehicle collision,3,1,Getting off,Male,18-30,3,Other,Slight Injury,Owner,Unknown,Normal,Unknown or other,Slight Injury
10:04:00,Wednesday,31-50,Male,Above 10yr,Automobile,Office areas,Asphalt roads,Dry,Normal,Daylight,Vehicle with vehicle collision,3,1,Going straight,na,No Casualty,na,Changing lane to the right,Slight Injury,Owner,Unknown,No Casualty,Not a Pedestrian,No Casualty
10:04:00,Wednesday,31-50,Male,Below 1yr,Automobile,Office areas,Asphalt roads,Dry,Normal,Daylight,Vehicle with vehicle collision,3,1,Going straight,Female,Over 51,2,No priority to pedestrian,Slight Injury,Owner,2-5yrs,No Casualty,Not a Pedestrian,Serious Injury
20:30:00,Wednesday,18-30,Male,2-5yr,Lorry (11-40Q),Residential areas,Asphalt roads,Wet or damp,Rain,Darkness - lights lit,Vehicle with vehicle collision,1,1,Going straight,Male,18-30,2,No priority to vehicle,Slight Injury,Owner,Unknown,Normal,Not a Pedestrian,Serious Injury
20:30:00,Wednesday,18-30,Male,2-5yr,Lorry (41-100Q),Other,Asphalt roads,Wet or damp,Normal,Daylight,Collision with roadside objects,4,6,Going straight,na,No Casualty,na,Changing lane to the left,Serious Injury,Owner,Unknown,Normal,Not a Pedestrian,No Casualty
20:30:00,Wednesday,18-30,Male,Above 10yr,Pick up upto 10Q,Industrial areas,Asphalt roads,Wet or damp,Normal,Daylight,Vehicle with vehicle collision,4,6,Turnover,Male,18-30,3,Changing lane to the left,Serious Injury,Owner,Above 10yr,Normal,Not a Pedestrian,Slight Injury
11:15:00,Friday,Over 51,Male,2-5yr,Lorry (11-40Q),Office areas,Asphalt roads,Wet or damp,Normal,Daylight,Vehicle with vehicle collision,4,6,Entering a junction,na,No Casualty,na,Overtaking,Serious Injury,Owner,Unknown,Normal,Not a Pedestrian,No Casualty
11:15:00,Friday,31-50,Male,2-5yr,Stationwagen,Recreational areas,Asphalt roads,Wet or damp,Normal,Daylight,Collision with roadside objects,4,6,Entering a junction,Male,Under 18,2,No distancing,Serious Injury,Organization,Unknown,No Casualty,Not a Pedestrian,Serious Injury
11:15:00,Friday,31-50,Male,1-2yr,Other,Residential areas,Other,Wet or damp,Normal,Daylight,Vehicle with vehicle collision,4,6,Entering a junction,Male,Under 18,3,No priority to vehicle,Serious Injury,Owner,1-2yr,Normal,Not a Pedestrian,Slight Injury
16:36:00,Thursday,31-50,Male,5-10yr,Other,Residential areas,Asphalt roads,Wet or damp,Normal,Daylight,Vehicle with vehicle collision,4,6,Entering a junction,na,No Casualty,na,Changing lane to the right,Serious Injury,Owner,Above 10yr,No Casualty,Not a Pedestrian,No Casualty
16:36:00,Thursday,18-30,Male,Below 1yr,Lorry (11-40Q),Church areas,Asphalt roads,Wet or damp,Normal,Daylight,Vehicle with vehicle collision,4,6,Other,Male,31-50,3,Changing lane to the left,Serious Injury,Owner,5-10yrs,Normal,Not a Pedestrian,Slight Injury
13:28:00,Monday,31-50,Male,Below 1yr,Automobile,Residential areas,Asphalt roads,Dry,Normal,Daylight,Vehicle with vehicle collision,2,1,Entering a junction,Female,18-30,2,No distancing,Slight Injury,Owner,5-10yrs,Normal,Crossing from driver's nearside,Serious Injury
13:28:00,Monday,18-30,Male,5-10yr,Automobile,Other,Asphalt roads,Dry,Normal,Daylight,Collision with pedestrians,2,1,Turnover,na,No Casualty,na,Driving carelessly,Slight Injury,Owner,Unknown,Normal,Not a Pedestrian,No Casualty
19:28:00,Friday,31-50,Male,Below 1yr,Lorry (41-100Q),Other,Asphalt roads,Dry,Normal,Darkness - lights lit,Collision with pedestrians,3,5,Entering a junction,Male,18-30,3,No priority to pedestrian,Serious Injury,Owner,5-10yrs,Normal,Not a Pedestrian,Slight Injury
19:28:00,Friday,31-50,Female,1-2yr,Other,Other,Asphalt roads,Dry,Normal,Darkness - lights lit,Vehicle with vehicle collision,3,5,Entering a junction,na,No Casualty,na,Driving carelessly,Serious Injury,Owner,Unknown,Normal,Not a Pedestrian,No Casualty
23:35:00,Friday,Under 18,Male,2-5yr,Lorry (41-100Q),Church areas,Earth roads,Dry,Normal,Darkness - lights lit,Vehicle with vehicle collision,3,5,Entering a junction,Female,18-30,3,Moving Backward,Serious Injury,Owner,Unknown,Normal,Not a Pedestrian,Slight Injury
23:35:00,Friday,Under 18,Male,1-2yr,Automobile,Other,Asphalt roads,Dry,Normal,Darkness - lights lit,Collision with roadside objects,3,5,Entering a junction,na,No Casualty,na,No distancing,Serious Injury,Governmental,Unknown,Normal,Not a Pedestrian,No Casualty
23:35:00,Friday,Under 18,Male,5-10yr,Pick up upto 10Q,Church areas,Asphalt roads,Dry,Normal,Darkness - lights lit,Vehicle with vehicle collision,3,5,Entering a junction,Male,31-50,3,No distancing,Serious Injury,Owner,Unknown,Normal,Not a Pedestrian,Slight Injury
09:01:00,Wednesday,18-30,Male,Below 1yr,Lorry (41-100Q),Church areas,Asphalt roads,Dry,Normal,Darkness - lights lit,Vehicle with vehicle collision,3,5,Other,na,No Casualty,na,No distancing,Serious Injury,Owner,Unknown,No Casualty,Not a Pedestrian,No Casualty
15:46:00,Thursday,31-50,Male,Above 10yr,Public (13-45 seats),Other,Asphalt roads,Dry,Normal,Darkness - lights lit,Vehicle with vehicle collision,2,2,Going straight,Female,31-50,3,Changing lane to the left,Slight Injury,Owner,Above 10yr,No Casualty,Crossing from driver's nearside,Slight Injury
15:46:00,Thursday,31-50,Male,5-10yr,Long lorry,Other,Asphalt roads,Dry,Normal,Darkness - lights lit,Vehicle with vehicle collision,2,2,Going straight,Male,18-30,3,Changing lane to the left,Slight Injury,Governmental,5-10yrs,Normal,Not a Pedestrian,Slight Injury
20:10:00,Friday,Under 18,Male,Below 1yr,Automobile,School areas,Asphalt roads,Dry,Normal,Darkness - lights lit,Collision with roadside objects,1,1,Other,na,No Casualty,na,Moving Backward,Serious Injury,Owner,5-10yrs,Normal,Not a Pedestrian,No Casualty
21:46:00,Wednesday,31-50,Male,5-10yr,Automobile,Residential areas,Asphalt roads,Dry,Normal,Darkness - lights lit,Vehicle with vehicle collision,1,1,Going straight,Female,18-30,3,Changing lane to the right,Slight Injury,Owner,Above 10yr,Normal,Crossing from driver's nearside,Slight Injury
21:46:00,Wednesday,18-30,Male,5-10yr,Other,Other,Asphalt roads,Dry,Normal,Daylight,Vehicle with vehicle collision,2,1,Going straight,Female,Over 51,2,No priority to vehicle,Slight Injury,Owner,1-2yr,Normal,Not a Pedestrian,Serious Injury
21:20:00,Friday,Under 18,Female,2-5yr,Automobile,Office areas,Asphalt roads,Dry,Normal,Daylight,Collision with roadside objects,2,1,Going straight,Male,18-30,3,Moving Backward,Slight Injury,Owner,Above 10yr,No Casualty,Not a Pedestrian,Slight Injury
21:20:00,Friday,Under 18,Male,Above 10yr,Long lorry,Residential areas,Asphalt roads,Wet or damp,Normal,Daylight,Vehicle with vehicle collision,2,1,Going straight,na,No Casualty,na,Driving carelessly,Slight Injury,Owner,Above 10yr,Normal,Not a Pedestrian,No Casualty
05:49:00,Tuesday,Under 18,Male,5-10yr,Public (12 seats),Other,Asphalt roads,Wet or damp,Normal,Daylight,Collision with roadside objects,2,1,Going straight,Female,Under 18,3,Driving carelessly,Slight Injury,Owner,Above 10yr,Normal,Not a Pedestrian,Slight Injury
05:49:00,Tuesday,Under 18,Male,1-2yr,Public (12 seats),Residential areas,Asphalt roads,Dry,Normal,Daylight,Vehicle with vehicle collision,2,1,Reversing,na,No Casualty,na,Driving under the influence of drugs,Slight Injury,Owner,Above 10yr,Normal,Not a Pedestrian,No Casualty
05:49:00,Tuesday,18-30,Male,5-10yr,Other,Residential areas,Asphalt roads,Dry,Normal,Daylight,Vehicle with vehicle collision,2,1,Moving Backward,Male,18-30,2,No priority to pedestrian,Slight Injury,Owner,5-10yrs,Normal,Not a Pedestrian,Serious Injury
09:35:00,Monday,31-50,Male,2-5yr,Other,Residential areas,Asphalt roads,Dry,Normal,Daylight,Vehicle with vehicle collision,2,1,Overtaking,na,No Casualty,na,No priority to vehicle,Slight Injury,Owner,Unknown,Normal,Not a Pedestrian,No Casualty
09:35:00,Monday,31-50,Male,Below 1yr,Other,Other,Asphalt roads,Dry,Normal,Daylight,Vehicle with vehicle collision,2,1,Going straight,Female,Over 51,3,Driving carelessly,Slight Injury,Owner,1-2yr,Normal,Not a Pedestrian,Slight Injury
18:39:00,Wednesday,18-30,Male,Below 1yr,Public (12 seats),Other,Asphalt roads,Dry,Normal,Daylight,Vehicle with vehicle collision,2,1,Going straight,Male,Under 18,2,Moving Backward,Slight Injury,Owner,5-10yrs,No Casualty,Not a Pedestrian,Serious Injury
18:39:00,Wednesday,Under 18,Male,5-10yr,Lorry (41-100Q),Other,Asphalt roads,Dry,Normal,Daylight,Vehicle with vehicle collision,2,1,Going straight,na,No Casualty,na,Driving carelessly,Slight Injury,Owner,5-10yrs,Normal,Not a Pedestrian,No Casualty
16:00:00,Wednesday,Over 51,Male,5-10yr,Other,Hospital areas,Earth roads,Wet or damp,Rain,Daylight,Vehicle with vehicle collision,1,1,Going straight,Male,18-30,3,No priority to vehicle,Slight Injury,Owner,1-2yr,Normal,Not a Pedestrian,Slight Injury
16:00:00,Wednesday,18-30,Male,1-2yr,Public (12 seats),Residential areas,Asphalt roads,Dry,Normal,Daylight,Vehicle with vehicle collision,3,1,Going straight,na,No Casualty,na,Changing lane to the right,Slight Injury,Owner,2-5yrs,No Casualty,Not a Pedestrian,No Casualty
13:09:00,Tuesday,31-50,Male,5-10yr,Other,Residential areas,Asphalt roads,Dry,Normal,Daylight,Collision with pedestrians,3,1,Going straight,Male,18-30,3,Changing lane to the left,Slight Injury,Owner,5-10yrs,No Casualty,Not a Pedestrian,Slight Injury
13:09:00,Tuesday,Over 51,Male,Above 10yr,Lorry (11-40Q),Residential areas,Asphalt roads,Dry,Normal,Daylight,Collision with roadside objects,3,1,Going straight,na,No Casualty,na,No priority to vehicle,Slight Injury,Owner,5-10yrs,Normal,Not a Pedestrian,No Casualty
20:30:00,Friday,18-30,Male,1-2yr,Other,Other,Asphalt roads,Dry,Normal,Daylight,Vehicle with vehicle collision,2,3,Reversing,Female,18-30,3,Driving carelessly,Slight Injury,Owner,1-2yr,No Casualty,Not a Pedestrian,Slight Injury
20:30:00,Friday,Under 18,Male,5-10yr,Other,Office areas,Asphalt roads,Dry,Normal,Daylight,Vehicle with vehicle collision,2,3,Going straight,na,No Casualty,na,Moving Backward,Slight Injury,Owner,1-2yr,Normal,Not a Pedestrian,No Casualty
19:00:00,Friday,Over 51,Male,Above 10yr,Other,Other,Asphalt roads,Dry,Normal,Daylight,Collision with roadside objects,2,3,Going straight,Female,18-30,3,No distancing,Slight Injury,Owner,2-5yrs,Normal,Not a Pedestrian,Slight Injury
12:40:00,Friday,18-30,Male,2-5yr,Pick up upto 10Q,Office areas,Asphalt roads,Dry,Normal,Daylight,Vehicle with vehicle collision,1,1,Other,Female,18-30,3,Changing lane to the left,Serious Injury,Owner,Unknown,Normal,Not a Pedestrian,Slight Injury
18:12:00,Wednesday,31-50,Male,5-10yr,Automobile,Residential areas,Asphalt roads,Dry,Normal,Daylight,Vehicle with vehicle collision,2,1,Entering a junction,na,No Casualty,na,Changing lane to the left,Slight Injury,Owner,Unknown,Normal,Not a Pedestrian,No Casualty
18:12:00,Wednesday,31-50,Male,Below 1yr,Other,Office areas,Asphalt roads,Dry,Normal,Daylight,Collision with pedestrians,2,1,Turnover,Male,18-30,3,No distancing,Slight Injury,Owner,Unknown,Normal,Not a Pedestrian,Slight Injury
18:12:00,Wednesday,31-50,Male,5-10yr,Lorry (41-100Q),Office areas,Asphalt roads,Dry,Normal,Daylight,Vehicle with vehicle collision,2,1,Going straight,Female,Under 18,3,Changing lane to the left,Slight Injury,Owner,Unknown,Normal,Not a Pedestrian,Slight Injury
18:12:00,Wednesday,18-30,Male,Above 10yr,Public (13-45 seats),Other,Earth roads,Dry,Normal,Daylight,Collision with pedestrians,2,1,Going straight,na,No Casualty,na,Driving carelessly,Slight Injury,Organization,Unknown,Normal,Not a Pedestrian,No Casualty
07:50:00,Wednesday,18-30,Male,5-10yr,Automobile,Office areas,Asphalt roads,Dry,Normal,Daylight,Vehicle with vehicle collision,3,2,Going straight,na,No Casualty,na,Changing lane to the left,Slight Injury,Owner,Unknown,Normal,Not a Pedestrian,No Casualty
07:50:00,Wednesday,18-30,Male,1-2yr,Pick up upto 10Q,Office areas,Asphalt roads,Dry,Normal,Daylight,Vehicle with vehicle collision,3,2,Going straight,Female,Under 18,3,No distancing,Slight Injury,Owner,Unknown,No Casualty,Not a Pedestrian,Slight Injury
10:16:00,Thursday,Under 18,Male,5-10yr,Lorry (41-100Q),Office areas,Asphalt roads,Dry,Normal,Daylight,Collision with roadside objects,3,2,Going straight,na,No Casualty,na,Changing lane to the right,Slight Injury,Governmental,Unknown,Normal,Not a Pedestrian,No Casualty
10:16:00,Thursday,Over 51,Female,1-2yr,Public (12 seats),Other,Asphalt roads,Wet or damp,Normal,Daylight,Vehicle with vehicle collision,2,3,Going straight,Male,Under 18,3,No distancing,Slight Injury,Owner,Unknown,Normal,Not a Pedestrian,Slight Injury
23:05:00,Friday,Over 51,Male,1-2yr,Other,Residential areas,Asphalt roads,Wet or damp,Normal,Daylight,Vehicle with vehicle collision,2,3,Going straight,na,No Casualty,na,Driving to the left,Slight Injury,Owner,Unknown,Normal,Not a Pedestrian,No Casualty
00:47:00,Sunday,18-30,Male,1-2yr,Lorry (41-100Q),Residential areas,Asphalt roads,Wet or damp,Normal,Daylight,Vehicle with vehicle collision,2,3,Going straight,na,No Casualty,na,No distancing,Slight Injury,Owner,2-5yrs,Normal,Not a Pedestrian,No Casualty
00:47:00,Sunday,18-30,Male,5-10yr,Pick up upto 10Q,Church areas,Asphalt roads,Dry,Normal,Daylight,Collision with pedestrians,2,1,Getting off,Male,31-50,3,Overtaking,Slight Injury,Owner,5-10yrs,No Casualty,Not a Pedestrian,Slight Injury
10:30:00,Monday,18-30,Male,5-10yr,Other,Other,Asphalt roads,Dry,Normal,Daylight,Collision with roadside objects,2,1,Getting off,na,No Casualty,na,Driving under the influence of drugs,Slight Injury,Owner,5-10yrs,Normal,Not a Pedestrian,No Casualty
10:30:00,Monday,18-30,Male,5-10yr,Lorry (41-100Q),Residential areas,Gravel roads,Dry,Normal,Daylight,Collision with pedestrians,4,1,Getting off,Male,31-50,3,No priority to pedestrian,Slight Injury,Owner,Unknown,Normal,Not a Pedestrian,Slight Injury
13:01:00,Friday,18-30,Male,Below 1yr,Ridden horse,Other,Asphalt roads,Dry,Normal,Daylight,Vehicle with vehicle collision,4,1,Moving Backward,Male,31-50,3,Moving Backward,Slight Injury,Owner,2-5yrs,Normal,Not a Pedestrian,Slight Injury
13:01:00,Friday,Over 51,Male,Above 10yr,Automobile,Residential areas,Asphalt roads,Dry,Normal,Daylight,Vehicle with vehicle collision,4,1,Going straight,Female,31-50,3,Changing lane to the right,Slight Injury,Owner,2-5yrs,Normal,Not a Pedestrian,Slight Injury
13:01:00,Friday,Over 51,Male,5-10yr,Automobile,Residential areas,Asphalt roads,Dry,Normal,Daylight,Vehicle with vehicle collision,4,1,Going straight,na,No Casualty,na,Changing lane to the left,Slight Injury,Owner,2-5yrs,Normal,Not a Pedestrian,No Casualty
17:41:00,Monday,18-30,Female,Below 1yr,Stationwagen,Other,Asphalt roads,Dry,Normal,Daylight,Vehicle with vehicle collision,2,1,Waiting to go,Male,Over 51,3,Changing lane to the right,Serious Injury,Owner,5-10yrs,Normal,Not a Pedestrian,Slight Injury
17:41:00,Monday,31-50,Female,Above 10yr,Other,Other,Asphalt roads,Dry,Normal,Daylight,Vehicle with vehicle collision,2,1,Going straight,na,No Casualty,na,Driving under the influence of drugs,Serious Injury,Owner,Unknown,No Casualty,Not a Pedestrian,No Casualty
17:41:00,Monday,31-50,Male,5-10yr,Lorry (41-100Q),Other,Asphalt roads,Dry,Normal,Daylight,Collision with roadside objects,1,1,Other,na,No Casualty,na,No priority to vehicle,Slight Injury,Owner,Unknown,Normal,Not a Pedestrian,No Casualty
17:41:00,Monday,31-50,Male,Above 10yr,Lorry (41-100Q),Other,Asphalt roads,Dry,Normal,Daylight,Collision with roadside objects,4,2,Going straight,Female,31-50,3,No priority to vehicle,Slight Injury,Owner,Unknown,Normal,Not a Pedestrian,Slight Injury
17:25:00,Friday,31-50,Male,5-10yr,Long lorry,Residential areas,Asphalt roads,Dry,Normal,Daylight,Vehicle with vehicle collision,4,2,Going straight,Male,31-50,3,Changing lane to the left,Slight Injury,Owner,Unknown,Normal,Not a Pedestrian,Slight Injury
17:25:00,Friday,Under 18,Male,1-2yr,Stationwagen,Recreational areas,Asphalt roads,Dry,Normal,Daylight,Vehicle with vehicle collision,4,2,Going straight,na,No Casualty,na,Changing lane to the right,Slight Injury,Owner,2-5yrs,Normal,Not a Pedestrian,No Casualty
17:25:00,Friday,31-50,Male,1-2yr,Public (12 seats),Other,Asphalt roads,Dry,Normal,Daylight,Vehicle with vehicle collision,4,2,Going straight,Male,18-30,2,Changing lane to the right,Slight Injury,Owner,Unknown,No Casualty,Not a Pedestrian,Serious Injury
17:25:00,Friday,31-50,Male,1-2yr,Automobile,Office areas,Asphalt roads,Wet or damp,Rain,Daylight,Vehicle with vehicle collision,3,1,Overtaking,na,No Casualty,na,Changing lane to the left,Slight Injury,Owner,Unknown,Normal,Not a Pedestrian,No Casualty
17:25:00,Friday,31-50,Male,2-5yr,Public (12 seats),Other,Asphalt roads,Wet or damp,Rain,Daylight,Vehicle with vehicle collision,3,1,Going straight,na,No Casualty,na,Changing lane to the left,Slight Injury,Owner,Unknown,Normal,Not a Pedestrian,No Casualty
11:10:00,Sunday,18-30,Male,Above 10yr,Lorry (41-100Q),Office areas,Asphalt roads,Wet or damp,Rain,Daylight,Vehicle with vehicle collision,3,1,Going straight,Male,18-30,3,Getting off the vehicle improperly,Slight Injury,Owner,Unknown,Normal,Not a Pedestrian,Slight Injury
11:10:00,Sunday,18-30,Male,2-5yr,Automobile,Office areas,Asphalt roads,Dry,Normal,Daylight,Vehicle with vehicle collision,2,2,Going straight,Male,18-30,3,Overtaking,Slight Injury,Owner,Unknown,No Casualty,Not a Pedestrian,Slight Injury
11:10:00,Sunday,31-50,Male,Above 10yr,Lorry (41-100Q),Office areas,Asphalt roads,Dry,Normal,Daylight,Vehicle with vehicle collision,2,2,Turnover,Male,31-50,3,Changing lane to the left,Slight Injury,Owner,Unknown,Normal,Not a Pedestrian,Slight Injury
03:15:00,Friday,18-30,Male,2-5yr,Lorry (41-100Q),Other,Asphalt roads,Dry,Normal,Daylight,Vehicle with vehicle collision,2,2,Going straight,na,No Casualty,na,Driving under the influence of drugs,Slight Injury,Owner,Unknown,Normal,Not a Pedestrian,No Casualty
03:15:00,Friday,18-30,Male,5-10yr,Pick up upto 10Q,Other,Asphalt roads,Dry,Normal,Daylight,Vehicle with vehicle collision,2,2,Going straight,Male,31-50,2,Driving carelessly,Slight Injury,Governmental,Unknown,Normal,Not a Pedestrian,Serious Injury
17:00:00,Tuesday,31-50,Male,1-2yr,Other,Office areas,Asphalt roads,Dry,Normal,Daylight,Other,2,2,Getting off,Male,18-30,3,Moving Backward,Slight Injury,Owner,Unknown,No Casualty,Not a Pedestrian,Slight Injury
17:00:00,Tuesday,Under 18,Male,5-10yr,Automobile,Residential areas,Asphalt roads,Dry,Normal,Daylight,Vehicle with vehicle collision,2,2,Moving Backward,na,No Casualty,na,No distancing,Slight Injury,Owner,Unknown,Normal,Not a Pedestrian,No Casualty
17:10:00,Friday,31-50,Male,1-2yr,Automobile,Recreational areas,Asphalt roads,Dry,Normal,Daylight,Collision with roadside objects,2,1,Getting off,Female,18-30,3,No priority to vehicle,Slight Injury,Governmental,2-5yrs,Normal,Not a Pedestrian,Slight Injury
17:10:00,Friday,Under 18,Male,Above 10yr,Lorry (11-40Q),Other,Earth roads,Dry,Normal,Daylight,Vehicle with vehicle collision,2,1,Overtaking,na,No Casualty,na,Overturning,Slight Injury,Owner,1-2yr,Normal,Not a Pedestrian,No Casualty
17:23:00,Tuesday,31-50,Male,1-2yr,Bajaj,Residential areas,Asphalt roads,Dry,Normal,Daylight,Vehicle with vehicle collision,2,1,Going straight,na,No Casualty,na,Changing lane to the left,Slight Injury,Owner,Above 10yr,No Casualty,Not a Pedestrian,No Casualty
17:23:00,Tuesday,31-50,Male,1-2yr,Automobile,Other,Asphalt roads,Dry,Normal,Daylight,Vehicle with vehicle collision,2,1,Going straight,Male,31-50,3,No distancing,Slight Injury,Owner,Unknown,Normal,Not a Pedestrian,Slight Injury
18:00:00,Sunday,31-50,Male,2-5yr,Lorry (41-100Q),Other,Asphalt roads,Dry,Normal,Daylight,Vehicle with vehicle collision,2,1,Going straight,Male,31-50,3,Moving Backward,Serious Injury,Owner,Unknown,Normal,Not a Pedestrian,Slight Injury